date,taiex_close,margin_balance,index_yoy,index_qoq,margin_roc,index_yoy_z,index_qoq_z,margin_roc_z,margin_roc_autocorr,margin_roc_autocorr_z,margin_roc_autocorr_percentile,margin_roc_autocorr_percentile_full_sample,margin_roc_autocorr_rank_252,margin_roc_persistence_score,autocorr_high_threshold,reason
2012-04-23,7481.09,192062968.0,,0.04171110931638622,0.061060098341724434,,-1.4254496956166887,2.167716367993888,,,,,,0.35,0.9958182015461547,margin_roc_z_gt_2
2012-04-26,7521.35,191223157.0,,0.039766702747837,0.08773652154895784,,-0.8286530158431863,3.0,,,,,,0.5,0.9958182015461547,margin_roc_z_gt_2
2012-04-27,7480.5,189817555.0,,0.009867146546498784,0.07928245998876338,,-1.9189234226340381,2.408000301082649,,,,,,0.55,0.9958182015461547,margin_roc_z_gt_2
2012-09-13,7578.8,187452463.0,,0.05910844723812625,0.021051295461486985,,1.2281028234299722,2.085030852233529,,,,,,0.425,0.9958182015461547,margin_roc_z_gt_2
2012-09-14,7738.05,187155041.0,,0.062699993133283,0.023731189247785167,,1.2332261252269776,2.1281782886599085,,,,,,0.47500000000000003,0.9958182015461547,margin_roc_z_gt_2
2012-09-17,7762.22,188053265.0,,0.06724615124437494,0.030809932686840735,,1.242708146708947,2.2730447086035857,,,,,,0.525,0.9958182015461547,margin_roc_z_gt_2
2012-09-18,7734.26,189546956.0,,0.05448536599664888,0.03801907927778836,,1.0643969671991529,2.4368990804249666,,,,,,0.575,0.9958182015461547,margin_roc_z_gt_2
2012-09-19,7781.91,190601518.0,,0.06908319080099723,0.041514821736212904,,1.1971721736320582,2.4817981260677735,,,,,,0.625,0.9958182015461547,margin_roc_z_gt_2
2012-09-20,7727.55,191414827.0,,0.06999397677944619,0.03947684261372886,,1.1764685271919728,2.364242951199233,,,,,,0.675,0.9958182015461547,margin_roc_z_gt_2
2012-09-21,7754.59,191901333.0,,0.08207909711737305,0.04022996674105972,,1.2948999430556487,2.2934516396526834,,,,,,0.7250000000000001,0.9958182015461547,margin_roc_persistence_score_gt_70pct;margin_roc_z_gt_2
2012-09-24,7768.3,192941800.0,,0.08831271811295438,0.04287838754754936,,1.3201244164228976,2.293412484694201,,,,,,0.7749999999999999,0.9958182015461547,margin_roc_persistence_score_gt_70pct;margin_roc_z_gt_2
2012-09-25,7734.13,192915664.0,,0.0767254953007166,0.0452410622417061,,1.162190268720044,2.2627377071779278,,,,,,0.825,0.9958182015461547,margin_roc_persistence_score_gt_70pct;margin_roc_z_gt_2
2012-09-26,7669.63,193570361.0,,0.06974158984937828,0.045119597536245726,,1.0688916214538706,2.1745844877228717,,,,,,0.875,0.9958182015461547,margin_roc_persistence_score_gt_70pct;margin_roc_z_gt_2
2012-09-27,7683.8,193842088.0,,0.053111996798368644,0.05020516623752247,,0.8749403921505096,2.2686508668287866,,,,,,0.925,0.9958182015461547,margin_roc_persistence_score_gt_70pct;margin_roc_z_gt_2
2012-09-28,7715.16,193162032.0,,0.05037330704845089,0.047899766978751535,,0.8436309944879852,2.163769562280668,,,,,,0.95,0.9958182015461547,margin_roc_persistence_score_gt_70pct;margin_roc_z_gt_2
2012-10-01,7675.72,193398899.0,,0.034692303959365844,0.052519732979774636,,0.6757938274003971,2.221321454431718,,,,,,0.975,0.9958182015461547,margin_roc_persistence_score_gt_70pct;margin_roc_z_gt_2
2012-10-02,7718.68,193421597.0,,0.039890388664873155,0.053051452446599034,,0.7201432852935082,2.1991912837073793,,,,,,1.0,0.9958182015461547,margin_roc_persistence_score_gt_70pct;margin_roc_z_gt_2
2012-10-03,7684.63,193338603.0,,0.04018121817379505,0.04505600668252585,,0.7044211302999285,1.9195711359116374,,,,,,1.0,0.9958182015461547,margin_roc_persistence_score_gt_70pct
2012-10-04,7682.34,193919410.0,,0.042579380858481786,0.04701440493625597,,0.7076472721504762,1.876733749189213,0.9917391323194248,,0.637915543575921,0.637915543575921,1.0,1.0,0.9958182015461547,margin_roc_autocorr_rank_252_gt_90pct;margin_roc_persistence_score_gt_70pct
2012-10-05,7690.65,194032741.0,,0.05207826034615781,0.04425696892020747,,0.7811462830998345,1.6415832880670782,0.9918213603429711,,0.6436058700209644,0.6436058700209644,1.0,1.0,0.9958182015461547,margin_roc_autocorr_rank_252_gt_90pct;margin_roc_persistence_score_gt_70pct
2012-10-08,7615.89,193604402.0,,0.05027201831383121,0.04320162896110169,,0.7416846892398217,1.481413166391872,0.9920157661439186,1.1135089759489187,0.6579814315663373,0.6579814315663373,1.0,1.0,0.9958182015461547,margin_roc_autocorr_rank_252_gt_90pct;margin_roc_persistence_score_gt_70pct
2012-10-09,7592.01,192543023.0,,0.04603253553708986,0.03489987269813444,,0.6869925402356538,1.2817783478701512,0.9919821612181776,0.6745,0.6561844863731656,0.6561844863731656,0.75,1.0,0.9958182015461547,margin_roc_persistence_score_gt_70pct
2012-10-11,7451.72,191838585.0,,0.04498571715049793,0.028191576635951288,,0.6685725608873612,1.124951563203714,0.991939012144796,0.0,0.6534890685834082,0.6534890685834082,0.6,1.0,0.9958182015461547,margin_roc_persistence_score_gt_70pct
2012-10-12,7437.04,191579806.0,,0.0468408436053247,0.03214742179032104,,0.6753205847848374,1.1737820785342912,0.9919568741770263,0.14651867112738995,0.6549865229110512,0.6549865229110512,0.6666666666666666,1.0,0.9958182015461547,margin_roc_persistence_score_gt_70pct
2012-10-15,7418.9,190930991.0,,0.04638337724469821,0.03328783924750489,,0.6547582361003238,1.1782634739985844,0.991979644009366,0.48081802610453295,0.655884995507637,0.655884995507637,0.7142857142857143,1.0,0.9958182015461547,margin_roc_persistence_score_gt_70pct
2012-10-16,7471.02,191203334.0,,0.0482699593096676,0.03676859006859279,,0.6593127390989323,1.2287988605386058,0.9920294088887291,1.0031990386784206,0.660377358490566,0.660377358490566,1.0,1.0,0.9958182015461547,margin_roc_autocorr_rank_252_gt_90pct;margin_roc_persistence_score_gt_70pct
2012-10-17,7464.4,191513185.0,,0.05892283357331829,0.0373557729229308,,0.6802224337061206,1.2320164217666179,0.9920599709239598,1.059622271472394,0.6630727762803235,0.6630727762803235,1.0,1.0,0.9958182015461547,margin_roc_autocorr_rank_252_gt_90pct;margin_roc_persistence_score_gt_70pct
2012-10-18,7465.41,191015502.0,,0.044322151143515454,0.03815107537581475,,0.45779330487153913,1.1941821932643082,0.9923045716959605,3.0,0.6825396825396826,0.6825396825396826,1.0,1.0,0.9958182015461547,margin_roc_autocorr_rank_252_gt_90pct;margin_roc_persistence_score_gt_70pct
2012-10-19,7408.76,191069534.0,,0.03406711814065666,0.0404622471325331,,0.34340641943732914,1.1832023539274574,0.9922755739907274,2.7977313708738376,0.6810422282120395,0.6810422282120395,0.9090909090909091,1.0,0.9958182015461547,margin_roc_autocorr_rank_252_gt_90pct;margin_roc_persistence_score_gt_70pct
2012-10-22,7373.04,190482592.0,,0.04898608994797082,0.03809965734457732,,0.4810227559323346,1.0621362818434126,0.9922623480379599,2.2116217165232834,0.6798442647499251,0.6798442647499251,0.8333333333333334,1.0,0.9958182015461547,margin_roc_persistence_score_gt_70pct
2012-10-23,7337.48,190408115.0,,0.0469625518131942,0.040788279343102474,,0.4526204164646065,1.0121882576832386,0.992922932476152,3.0,0.7196765498652291,0.7196765498652291,1.0,1.0,0.9958182015461547,margin_roc_autocorr_rank_252_gt_90pct;margin_roc_persistence_score_gt_70pct
2012-10-24,7314.88,190421550.0,,0.048107715431579656,0.040635160670777104,,0.45221883009298297,0.999748557344853,0.9928443041022308,3.0,0.7145852051512429,0.7145852051512429,0.9285714285714286,0.975,0.9958182015461547,margin_roc_autocorr_rank_252_gt_90pct;margin_roc_persistence_score_gt_70pct
2012-10-25,7262.08,188987096.0,,0.041802174533654535,0.03186255324992726,,0.38386070948657364,0.8865630371665255,0.9932752292397604,3.0,0.7406409104522312,0.7406409104522312,1.0,0.95,0.9958182015461547,margin_roc_autocorr_rank_252_gt_90pct;margin_roc_persistence_score_gt_70pct
2012-10-26,7134.06,184307187.0,,0.0013432540434474838,0.009874140178850688,,-0.020644104763317392,0.6174520675254013,0.9927258548965451,2.3633337259021645,0.7070979335130279,0.7070979335130279,0.8125,0.925,0.9958182015461547,margin_roc_persistence_score_gt_70pct
2012-10-29,7091.67,179974198.0,,-0.009388340075542567,-0.014036641766500102,,-0.11899926994458353,0.3265342601236172,0.9921556988036917,0.4450945145558693,0.6720575022461814,0.6720575022461814,0.5882352941176471,0.875,0.9958182015461547,margin_roc_persistence_score_gt_70pct
2012-10-30,7182.59,178725805.0,,-0.012089969176767967,-0.01791196324995592,,-0.13794716961886416,0.2897221156735434,0.9923520965501098,0.8474773211273186,0.6855345911949685,0.6855345911949685,0.7777777777777778,0.825,0.9958182015461547,margin_roc_persistence_score_gt_70pct
2012-10-31,7166.05,176972438.0,,-0.014021816300584966,-0.03168726795620447,,-0.15785383727134808,0.11106512007134418,0.9921895361330806,0.15732939808543905,0.6750524109014675,0.6750524109014675,0.5789473684210527,0.7749999999999999,0.9958182015461547,margin_roc_persistence_score_gt_70pct
2012-11-01,7179.64,176817513.0,,-0.005246961902373504,-0.033509556430290965,,-0.06439694076259952,0.08042011562860656,0.9921438853162649,-0.041619000084674215,0.6711590296495957,0.6711590296495957,0.5,0.7250000000000001,0.9958182015461547,margin_roc_persistence_score_gt_70pct
2012-11-07,7287.18,174226323.0,,-0.019710238508414357,-0.018991217339574318,,-0.15129685152708766,0.2598186238638712,0.9928655819670976,2.5689555874835843,0.7160826594788859,0.7160826594788859,0.9166666666666666,0.525,0.9958182015461547,margin_roc_autocorr_rank_252_gt_90pct
2012-11-08,7242.63,174370604.0,,-0.02667474788741475,-0.020449012438282677,,-0.2025446205033358,0.2318749338330564,0.9932031716864964,3.0,0.735549565738245,0.735549565738245,0.96,0.47500000000000003,0.9958182015461547,margin_roc_autocorr_rank_252_gt_90pct
2012-11-09,7293.22,174825661.0,,-0.019240751448973303,-0.01884398342617266,,-0.10338096501666919,0.2529976930385764,0.9932127707236815,3.0,0.7367475292003594,0.7367475292003594,0.9615384615384616,0.425,0.9958182015461547,margin_roc_autocorr_rank_252_gt_90pct
2012-11-12,7267.75,174728206.0,,-0.02827823645418992,-0.02003473822673474,,-0.19338704756973057,0.23634753686565452,0.9932753928094995,3.0,0.7409404013177598,0.7409404013177598,1.0,0.375,0.9958182015461547,margin_roc_autocorr_rank_252_gt_90pct
2012-11-13,7136.05,174805470.0,,-0.04441638300208628,-0.0207912890347125,,-0.36551229965039633,0.2331702947055794,0.9932799352486203,2.7916867822918996,0.7415393830488171,0.7415393830488171,1.0,0.325,0.9958182015461547,margin_roc_autocorr_rank_252_gt_90pct
2012-11-14,7159.75,174981608.0,,-0.04411892323446209,-0.02117818007045802,,-0.3650902055284315,0.2231275118211953,0.9933167518816037,2.766787988634521,0.7439353099730458,0.7439353099730458,1.0,0.275,0.9958182015461547,margin_roc_autocorr_rank_252_gt_90pct
2012-11-15,7143.84,174987204.0,,-0.04339628705181631,-0.02183160400172579,,-0.36272474226625706,0.21680867830878778,0.9933672768924297,2.7586077610211275,0.746031746031746,0.746031746031746,1.0,0.22499999999999998,0.9958182015461547,margin_roc_autocorr_rank_252_gt_90pct
2012-11-16,7130.07,174572369.0,,-0.04061405479883373,-0.02397089255350715,,-0.3373835415072967,0.18504669772306265,0.9933926840736195,2.636262868095956,0.7481281820904463,0.7481281820904463,1.0,0.175,0.9958182015461547,margin_roc_autocorr_rank_252_gt_90pct
2012-11-19,7129.04,173605246.0,,-0.05032363946869578,-0.029469209829225407,,-0.45857708527286006,0.06474594934921102,0.9934294869082763,2.554743338135603,0.749026654687032,0.749026654687032,1.0,0.125,0.9958182015461547,margin_roc_autocorr_rank_252_gt_90pct
2012-11-20,7145.77,172889543.0,,-0.04679600564524078,-0.037333179906105296,,-0.41595048934336876,-0.09569826896332938,0.9933313868479553,2.1853335839321026,0.7442348008385744,0.7442348008385744,0.9090909090909091,0.075,0.9958182015461547,margin_roc_autocorr_rank_252_gt_90pct
2012-11-28,7434.93,172813785.0,,0.008612971142680559,-0.055324167614697384,,0.2921141852988076,-0.48227918453562685,0.9936037136067865,1.328849252439445,0.7613057801737046,0.7613057801737046,1.0,0.0,0.9958182015461547,margin_roc_autocorr_rank_252_gt_90pct
2012-11-29,7503.55,171964181.0,,0.014396260135783656,-0.059929784869210745,,0.3640063621726408,-0.5931326119702321,0.9934463927257122,0.9814628401386192,0.7511230907457322,0.7511230907457322,0.975,0.0,0.9958182015461547,margin_roc_autocorr_rank_252_gt_90pct
2013-02-27,7897.98,176294310.0,-0.004953825608204343,0.11419780517430356,0.021706664518482688,-0.6090549970569501,1.4725851535582979,1.4655752057869167,0.9846499759977916,-3.0,0.24678047319556753,0.24678047319556753,0.041237113402061855,0.75,0.9958182015461547,margin_roc_persistence_score_gt_70pct
2013-03-01,7964.63,176188859.0,0.0006646279716659986,0.120869548084934,0.022261464252963714,-0.48016259089589314,1.556805292440417,1.46850278395424,0.9847139540525929,-3.0,0.24947589098532494,0.24947589098532494,0.061224489795918366,0.8,0.9958182015461547,margin_roc_persistence_score_gt_70pct
2013-03-04,7867.34,176308651.0,-0.031287554916369475,0.07389151802959582,0.025917375633115025,-1.2026849900698648,0.8804716092641889,1.5485336213246232,0.9848407201834944,-3.0,0.25726265348906857,0.25726265348906857,0.10101010101010101,0.85,0.9958182015461547,margin_roc_persistence_score_gt_70pct
2013-03-05,7932.71,176738076.0,-0.022865511914997416,0.07092125815235373,0.02968501060131512,-0.9009296985232592,0.8114895164186334,1.636258567767827,0.9849063634172947,-2.7607183716164694,0.2605570530098832,0.2605570530098832,0.11,0.85,0.9958182015461547,margin_roc_persistence_score_gt_70pct
2013-03-06,7950.3,177151769.0,-0.023789175888134118,0.06999811579769055,0.031282151566423,-0.8367501153670303,0.7884752266363491,1.6666348749322057,0.9851249527931031,-2.3545285695792737,0.27103923330338425,0.27103923330338425,0.13861386138613863,0.85,0.9958182015461547,margin_roc_persistence_score_gt_70pct
2013-03-07,7960.51,177946631.0,-0.01896988578386183,0.07069064537258596,0.029701600482854973,-0.6745,0.7923445677804526,1.5850168126005917,0.986467427268741,-1.6015861707677053,0.3297394429469901,0.3297394429469901,0.22549019607843138,0.85,0.9958182015461547,margin_roc_persistence_score_gt_70pct
2013-03-08,8015.14,178559604.0,0.001299230206103008,0.06817972826195606,0.03835346966819797,-0.2277554627953809,0.7432013219886944,1.740560395702616,0.9864457659120839,-1.5150335198077578,0.3270440251572327,0.3270440251572327,0.22330097087378642,0.85,0.9958182015461547,margin_roc_persistence_score_gt_70pct
2013-03-11,8038.72,179613043.0,0.01269216184994404,0.060493366243765,0.051475002537611614,0.00964103869612574,0.6338494470049789,2.010695362650227,0.986313327764061,-1.4966639729511872,0.3198562443845463,0.3198562443845463,0.20192307692307693,0.85,0.9958182015461547,margin_roc_persistence_score_gt_70pct;margin_roc_z_gt_2
2013-03-12,7994.71,179651562.0,0.011594213901415573,0.05194798359454267,0.050474292474585125,-0.006451398369367246,0.5172497806686821,1.9632066735501836,0.9869078669872582,-1.2341184025610392,0.3525007487271638,0.3525007487271638,0.2571428571428571,0.85,0.9958182015461547,margin_roc_persistence_score_gt_70pct
2013-03-13,7995.51,180238709.0,0.0013713967958159934,0.051905149072882795,0.046316400299813765,-0.2882097764716993,0.5190404879694536,1.8583600440460364,0.9870457848687283,-1.1670267242290924,0.36148547469302184,0.36148547469302184,0.2641509433962264,0.85,0.9958182015461547,margin_roc_persistence_score_gt_70pct
2013-03-14,7951.76,181061948.0,-0.0080152095618643,0.03957484916427534,0.04616073627429618,-0.5545100057848632,0.35079281663836387,1.8440807224665465,0.9872165469843557,-1.0674640351024345,0.37076969152440853,0.37076969152440853,0.27102803738317754,0.85,0.9958182015461547,margin_roc_persistence_score_gt_70pct
2013-03-15,7927.49,180763407.0,-7.568542614078133e-06,0.03990812329633253,0.04348423857617867,-0.32691465506581235,0.35357713572337274,1.7808933593898864,0.9873644689270025,-0.9698040643525084,0.37735849056603776,0.37735849056603776,0.2777777777777778,0.9,0.9958182015461547,margin_roc_persistence_score_gt_70pct
2013-03-18,7811.34,180351674.0,-0.02741327595931531,0.022124345416146607,0.03817094938093524,-1.0905281071567507,0.10212242991869475,1.6530971696046586,0.9874247051948513,-0.921468524249417,0.37975441749026656,0.37975441749026656,0.28440366972477066,0.95,0.9958182015461547,margin_roc_persistence_score_gt_70pct
2013-03-19,7838.47,180813143.0,-0.0352961012939893,0.030090019055128536,0.036906425762182504,-1.27362417250437,0.21476236916626845,1.6173834171621397,0.9875553861705202,-0.8714190004963337,0.3857442348008386,0.3857442348008386,0.2909090909090909,1.0,0.9958182015461547,margin_roc_persistence_score_gt_70pct
2013-03-20,7798.03,181887144.0,-0.039843036241538066,0.024211650329866385,0.047744446249436745,-1.2466347031784901,0.13234491791453948,1.8557388925636136,0.9874666602106156,-0.8627723066527428,0.38274932614555257,0.38274932614555257,0.2882882882882883,1.0,0.9958182015461547,margin_roc_persistence_score_gt_70pct
2013-03-21,7811.84,182227304.0,-0.030180237220885475,0.015818854930762516,0.04515331584426363,-0.8964532071525421,0.010607847586339555,1.7873368082109797,0.9875711100576102,-0.7973453797488653,0.386942198262953,0.386942198262953,0.30357142857142855,1.0,0.9958182015461547,margin_roc_persistence_score_gt_70pct
2013-03-22,7796.22,182727290.0,-0.030793443992481295,0.00504441742973194,0.03744379414577459,-0.840148052265463,-0.14436905861723168,1.6077298955371395,0.9876010054680645,-0.7759094867753458,0.3890386343216532,0.3890386343216532,0.30973451327433627,1.0,0.9958182015461547,margin_roc_persistence_score_gt_70pct
2013-03-25,7856.12,182632373.0,-0.014622398936370407,0.02043832975916926,0.0319613891094539,-0.505807978707896,0.07752058627563373,1.471866422253639,0.9876492894172239,-0.7187512786744559,0.3905360886492962,0.3905360886492962,0.3157894736842105,1.0,0.9958182015461547,margin_roc_persistence_score_gt_70pct
2013-03-26,7856.36,182544138.0,-0.01573301728652432,0.029494396746024165,0.0240971428427168,-0.5656723448559612,0.20382696654749097,1.2701719919697527,0.98749764219404,-0.724910572531962,0.3836477987421384,0.3836477987421384,0.28695652173913044,1.0,0.9958182015461547,margin_roc_persistence_score_gt_70pct
2013-03-27,7894.12,182047858.0,-0.020573354144075462,0.03275621619782987,0.019332893448172905,-0.6745,0.2461165620410877,1.132158601487001,0.9873786841563037,-0.749966794284158,0.37855645402815213,0.37855645402815213,0.2672413793103448,1.0,0.9958182015461547,margin_roc_persistence_score_gt_70pct
2013-03-28,7866.88,181983169.0,-0.02596757798135596,0.02467088767523684,0.016241612501982194,-0.7777139778993221,0.122979171018848,1.048078565679154,0.9872722793648049,-0.7761128431061497,0.3731656184486373,0.3731656184486373,0.2564102564102564,1.0,0.9958182015461547,margin_roc_persistence_score_gt_70pct
2013-03-29,7918.61,182009507.0,-0.006151146766537607,0.042545151972362305,0.014782042949064378,-0.3048046179017465,0.38364673374891195,1.010873069235546,0.987180493274575,-0.7946580406697785,0.3698712189278227,0.3698712189278227,0.2457627118644068,1.0,0.9958182015461547,margin_roc_persistence_score_gt_70pct
2013-04-01,7899.24,181323026.0,-0.01621777803239577,0.05044062910160063,0.007932931265302035,-0.5719922474879552,0.506997289882387,0.8553457512134063,0.986967490504191,-0.8464609284555599,0.35699311171009285,0.35699311171009285,0.23529411764705882,0.975,0.9958182015461547,margin_roc_persistence_score_gt_70pct
2013-04-02,7913.18,180422085.0,-0.015537311817388932,0.04947388244780604,0.001967319715746596,-0.5673196788232522,0.4907470199014394,0.7204194888355806,0.9867347352215821,-0.9085696216104968,0.3438155136268344,0.3438155136268344,0.21666666666666667,0.95,0.9958182015461547,margin_roc_persistence_score_gt_70pct
2013-04-03,7942.35,179801134.0,0.008852154163903947,0.053988311357411334,-0.0007177280199233138,0.09070008586564653,0.5579727202649611,0.6574059698874565,0.98660827613574,-0.9293928239071476,0.33542976939203356,0.33542976939203356,0.21487603305785125,0.8999999999999999,0.9958182015461547,margin_roc_persistence_score_gt_70pct
2013-04-08,7752.79,177600502.0,-0.02271650069330644,0.015218874442321617,-0.013632641367300358,-0.7672123406904566,-0.02566927068966168,0.379706293764126,0.986033318610677,-1.0608167519216862,0.304282719377059,0.304282719377059,0.14754098360655737,0.8500000000000001,0.9958182015461547,margin_roc_persistence_score_gt_70pct
2013-04-09,7728.54,176073534.0,-0.01708784290783294,0.012358875008350534,-0.022157954724495,-0.5972076109191237,-0.06783639177621477,0.20090628536101757,0.9857146426103169,-1.1350601081713667,0.28811021263851455,0.28811021263851455,0.12195121951219512,0.8,0.9958182015461547,margin_roc_persistence_score_gt_70pct
2013-04-10,7752.8,175409321.0,-0.001037257516895762,0.01364858839941907,-0.028147631799753103,-0.14327979637021715,-0.045915273397266275,0.07479895435892771,0.98537974164948,-1.2200086104056782,0.2779275232105421,0.2779275232105421,0.12096774193548387,0.75,0.9958182015461547,margin_roc_persistence_score_gt_70pct
2013-05-06,8169.05,178138818.0,0.0920459862308669,0.05486313592917513,-0.022151205212400105,2.226293151404827,0.6713340477945758,0.2740373079347578,0.9809495946016545,-1.8184088304518002,0.16112608565438755,0.16112608565438755,0.028368794326241134,0.0,0.9958182015461547,index_yoy_z_gt_2
2013-05-07,8163.06,178122997.0,0.08815844899569703,0.060690047674178516,-0.023578986666031088,2.102257691789112,0.7711828808344666,0.23694648880681668,0.9826079466020567,-1.4009893912313747,0.19107517220724768,0.19107517220724768,0.07746478873239436,0.0,0.9958182015461547,index_yoy_z_gt_2
2013-05-15,8318.59,178641161.0,0.1127491569362642,0.058887699418403994,7.687509178677665e-05,2.2251782604397623,0.680763156289438,0.7908046211617107,0.9829064009505818,-1.2035973118094578,0.19796346211440552,0.19796346211440552,0.0945945945945946,0.025,0.9958182015461547,index_yoy_z_gt_2
2013-05-16,8390.05,179082123.0,0.12106344058866814,0.05892724619974854,0.006852894199698145,2.2727517502585566,0.6745,0.9420952149380526,0.9829150443129758,-1.193640596321293,0.1985624438454627,0.1985624438454627,0.10067114093959731,0.05,0.9958182015461547,index_yoy_z_gt_2
2013-05-17,8368.19,179629361.0,0.13062716767301197,0.06101859529804976,0.015545138094701372,2.3532874757426723,0.7088225714084866,1.1402618490673788,0.9828216490327447,-1.1945310752807108,0.1946690625935909,0.1946690625935909,0.09333333333333334,0.1,0.9958182015461547,index_yoy_z_gt_2
2013-05-20,8377.05,180173002.0,0.1355355298366041,0.059494223217165354,0.03873751857345842,2.4396666389775636,0.6801772125460537,1.6996015888658649,0.981563586837594,-1.4565457962385202,0.1707097933513028,0.1707097933513028,0.039735099337748346,0.15000000000000002,0.9958182015461547,index_yoy_z_gt_2
2013-05-21,8383.05,181183283.0,0.13351244787469363,0.055330564623032874,0.04354024525665756,2.3837184072274815,0.6066266254806235,1.8119118101183853,0.9819394936092504,-1.3563100676663002,0.17819706498951782,0.17819706498951782,0.05921052631578947,0.2,0.9958182015461547,index_yoy_z_gt_2
2013-05-22,8398.84,181714421.0,0.16093147208472658,0.055014018550713084,0.04235365150929771,2.8461002685403414,0.6004897910663193,1.7679414282303252,0.982333348594644,-1.2632207418363275,0.18598382749326145,0.18598382749326145,0.0784313725490196,0.25,0.9958182015461547,index_yoy_z_gt_2
2013-05-24,8209.78,182977592.0,0.1480299083089669,0.03170861053652807,0.04281458185599796,2.3702709816945386,0.19754739993302434,1.6844300688045637,0.9830428121310792,-1.0720998438796125,0.20185684336627732,0.20185684336627732,0.15483870967741936,0.35,0.9958182015461547,index_yoy_z_gt_2
2013-05-27,8280.1,183783127.0,0.15125628629785215,0.041820798920948477,0.044049018159275644,2.31690806982046,0.37617335795527546,1.6889290343694456,0.9834037443801857,-0.9403203649614716,0.2150344414495358,0.2150344414495358,0.17307692307692307,0.4,0.9958182015461547,index_yoy_z_gt_2
2013-05-28,8263.05,184182041.0,0.13583160707584563,0.034576662505681144,0.043501697484459534,2.0293389324060884,0.24232559511698915,1.650563466507155,0.9838106035360014,-0.8129257712322566,0.22371967654986524,0.22371967654986524,0.17834394904458598,0.45,0.9958182015461547,index_yoy_z_gt_2
2013-05-29,8337.9,184851380.0,0.16650694274422007,0.04909860487588813,0.04409779790262913,2.5462665580975483,0.4945186558198404,1.6496385649754084,0.9842745106652144,-0.7011739197262511,0.23420185684336628,0.23420185684336628,0.1962025316455696,0.5,0.9958182015461547,index_yoy_z_gt_2
2013-05-30,8243.29,185985181.0,0.15697084446216025,0.04598332677739858,0.05312654584115495,2.3753784407944805,0.43711625099587054,1.8400291865936287,0.9844701420969506,-0.6630288591821542,0.2398921832884097,0.2398921832884097,0.20125786163522014,0.55,0.9958182015461547,index_yoy_z_gt_2
2013-05-31,8254.8,187066390.0,0.16731220383419365,0.04517864061443566,0.06110282288747726,2.545056182902879,0.4210028354201615,2.0129492440985985,0.9847943039449395,-0.5983807781239423,0.25396825396825395,0.25396825396825395,0.2625,0.6000000000000001,0.9958182015461547,index_yoy_z_gt_2;margin_roc_z_gt_2
2013-06-03,8201.02,188120889.0,0.14924607623318398,0.02967997257876398,0.06772295403763295,2.217099465876101,0.1398334790439505,2.151361394830335,0.9852002397069802,-0.5094664238747955,0.27313566936208444,0.27313566936208444,0.3105590062111801,0.6499999999999999,0.9958182015461547,index_yoy_z_gt_2;margin_roc_z_gt_2
2013-06-04,8191.22,188298223.0,0.1156219653541335,0.04116766276784789,0.06800331085285194,1.6310725609072676,0.3408982838833142,2.1494223692736947,0.9855579723004684,-0.4320081638662771,0.2827193770589997,0.2827193770589997,0.3271604938271605,0.7,0.9958182015461547,margin_roc_z_gt_2
2013-06-05,8181.91,188989856.0,0.12670550001377068,0.03141423296704393,0.06932167802935685,1.8168988843719591,0.14789172509364695,2.1599880929797055,0.9859072805128388,-0.3623137113377737,0.29799341120095835,0.29799341120095835,0.3496932515337423,0.75,0.9958182015461547,margin_roc_persistence_score_gt_70pct;margin_roc_z_gt_2
2013-06-06,8096.14,189895075.0,0.10883243169211809,0.0183439618630743,0.0719343988035479,1.502944756898416,-0.0678896291682123,2.1912887773015335,0.9862216413832431,-0.2928404251578539,0.3141659179395028,0.3141659179395028,0.3719512195121951,0.8,0.9958182015461547,margin_roc_persistence_score_gt_70pct;margin_roc_z_gt_2
2013-06-07,8095.2,189017326.0,0.13919187626388063,0.016919770215727326,0.062213568966079436,2.0002107505725992,-0.08873090490035788,1.9588919691569733,0.9862327469732951,-0.2845178103617738,0.31446540880503143,0.31446540880503143,0.37575757575757573,0.8500000000000001,0.9958182015461547,index_yoy_z_gt_2;margin_roc_persistence_score_gt_70pct
2013-06-10,8160.55,189273750.0,0.18360441269040106,0.01814191642316909,0.060003190867291556,2.706049981790636,-0.06191982206110934,1.885227827173873,0.9865165296742766,-0.21769886881646194,0.33213536987121894,0.33213536987121894,0.42168674698795183,0.8999999999999999,0.9958182015461547,index_yoy_z_gt_2;margin_roc_persistence_score_gt_70pct
2013-06-11,8116.15,189324356.0,0.15937546871986807,0.00963213048843592,0.05406797211269332,2.2420127763666193,-0.21271175958080407,1.7243089348238987,0.9864656080625774,-0.2278909373809783,0.32943995208146154,0.32943995208146154,0.41317365269461076,0.95,0.9958182015461547,index_yoy_z_gt_2;margin_roc_persistence_score_gt_70pct
2013-06-13,7951.66,189409786.0,0.12691198458082664,-0.005384810706079435,0.05431750156450077,1.6394799038916645,-0.4814099685924101,1.704764918835396,0.9864694397309598,-0.22443512328685186,0.3300389338125187,0.3300389338125187,0.4226190476190476,0.975,0.9958182015461547,margin_roc_persistence_score_gt_70pct
2013-06-14,7937.74,188846643.0,0.12110062977468483,-0.0072253052025449405,0.0477585200635231,1.487531214900174,-0.5088312754632823,1.5496334929362656,0.9863216668673074,-0.2552394509332702,0.32045522611560345,0.32045522611560345,0.3905325443786982,1.0,0.9958182015461547,margin_roc_persistence_score_gt_70pct
2013-06-17,7992.89,189308956.0,0.14189852349760357,0.00517243981206672,0.04554799112180108,1.7791988626289224,-0.27858933262597363,1.489464411769919,0.9862364319265601,-0.2714087495910157,0.31506439053608865,0.31506439053608865,0.3764705882352941,1.0,0.9958182015461547,margin_roc_persistence_score_gt_70pct
2013-06-18,8011.02,189674165.0,0.12510691368115934,0.010536752490384771,0.04929514301531168,1.47835329253646,-0.1804926584833452,1.5589857239898235,0.9861442158009266,-0.2919251708034096,0.31027253668763105,0.31027253668763105,0.3508771929824561,1.0,0.9958182015461547,margin_roc_persistence_score_gt_70pct
2013-06-19,8007.39,190091755.0,0.1322538772185835,0.025098126569833124,0.054006047096629706,1.4642617448862796,0.08200611391476052,1.6518398115790134,0.9860530591036755,-0.3166435522406142,0.3054806828391734,0.3054806828391734,0.3488372093023256,1.0,0.9958182015461547,margin_roc_persistence_score_gt_70pct
2013-06-20,7898.91,190473113.0,0.11427555746152751,0.0077106884379221086,0.05342515394469971,1.069641043899522,-0.23335089396877445,1.6300257712763018,0.9861461027622913,-0.29312991282365214,0.3105720275531596,0.3105720275531596,0.3583815028901734,1.0,0.9958182015461547,margin_roc_persistence_score_gt_70pct
2013-06-21,7793.31,191470584.0,0.10151234611524917,-0.0006052810774002104,0.05268893550827314,0.8568024141764415,-0.3856389868598451,1.6039883139811675,0.98605175039723,-0.30530150215521373,0.3051811919736448,0.3051811919736448,0.3448275862068966,1.0,0.9958182015461547,margin_roc_persistence_score_gt_70pct
2013-06-24,7758.03,192547507.0,0.08415515740312451,-0.006888261920367067,0.0566336809768091,0.576811566025136,-0.5023278996148605,1.6735103379894316,0.9861937388030931,-0.260273082771231,0.31326744534291706,0.31326744534291706,0.37142857142857144,1.0,0.9958182015461547,margin_roc_persistence_score_gt_70pct
2013-06-25,7663.23,191626703.0,0.052424637780676964,-0.017058266698476987,0.04870325062009084,0.042461751308422974,-0.6850005943374218,1.4966661850240939,0.9859818409114007,-0.30504301133395967,0.30098831985624436,0.30098831985624436,0.3352272727272727,1.0,0.9958182015461547,margin_roc_persistence_score_gt_70pct
2013-06-26,7784.8,191376335.0,0.07035072932836339,-0.009078272735141502,0.04787739356592602,0.2831017319629223,-0.539657688434393,1.4723422547113623,0.9858979615326439,-0.32024959860213775,0.2976939203354298,0.2976939203354298,0.3220338983050847,1.0,0.9958182015461547,margin_roc_persistence_score_gt_70pct
2013-06-27,7883.9,191513151.0,0.07488721312458835,0.003505440178403152,0.04913339370010328,0.3572135169490928,-0.31169036403580075,1.4818821846838142,0.9858300850432044,-0.3341119271353597,0.29469901168014373,0.29469901168014373,0.3202247191011236,1.0,0.9958182015461547,margin_roc_persistence_score_gt_70pct
2013-06-28,8062.21,190651668.0,0.10759096310644933,0.021293063698043735,0.047261253686379456,0.867690871831009,0.02060602647322124,1.425670459975245,0.9856811678783496,-0.36850252784389853,0.2866127583108715,0.2866127583108715,0.3016759776536313,1.0,0.9958182015461547,margin_roc_persistence_score_gt_70pct
2013-07-01,8036.0,191055145.0,0.11270345677473848,0.021497722095672023,0.049850632065869815,0.9188256524586972,0.022543651278061832,1.4657546390200913,0.9855066692032399,-0.3974780375594364,0.2821203953279425,0.2821203953279425,0.29444444444444445,1.0,0.9958182015461547,margin_roc_persistence_score_gt_70pct
2013-07-02,8015.86,191510102.0,0.11853683449663555,0.012281195815932344,0.05219834478206686,0.9867580508061323,-0.152212420792562,1.505104421658644,0.9853356844568706,-0.42521310615941865,0.2773285414794849,0.2773285414794849,0.287292817679558,1.0,0.9958182015461547,margin_roc_persistence_score_gt_70pct
2013-07-03,7911.42,191418302.0,0.10836334903816658,0.0015419204885533944,0.05567564265114355,0.7836984566455336,-0.35698077044329535,1.558326913351178,0.9851130606850507,-0.47317644838829126,0.27044025157232704,0.27044025157232704,0.2692307692307692,1.0,0.9958182015461547,margin_roc_persistence_score_gt_70pct
2013-07-04,7893.72,191928650.0,0.09894320069163198,-0.0024591883414758486,0.06377581214627903,0.5962445109743264,-0.43316797736823615,1.6988778969277247,0.9848495182691466,-0.5315469613130912,0.2578616352201258,0.2578616352201258,0.2459016393442623,1.0,0.9958182015461547,margin_roc_persistence_score_gt_70pct
2013-07-05,8001.82,190912103.0,0.1160746539909423,0.007487708297921891,0.06179587832855371,0.7983556911544973,-0.24075925234749812,1.6546858089414236,0.9846174422369941,-0.5848480482365845,0.24498352800239592,0.24498352800239592,0.1956521739130435,1.0,0.9958182015461547,margin_roc_persistence_score_gt_70pct
2013-07-08,7886.34,191030010.0,0.08087134813905172,0.017226056684109814,0.07561638536359538,0.1909184152878886,-0.0371655518139979,1.9195838808477745,0.9840089729706796,-0.727534705217117,0.22821203953279426,0.22821203953279426,0.15675675675675677,1.0,0.9958182015461547,margin_roc_persistence_score_gt_70pct
2013-07-09,7971.18,190722433.0,0.08522891264451693,0.03139532175546744,0.08319762014886356,0.2500719664790485,0.2227809339989593,2.0526538955171194,0.983818008245866,-0.7580328708772678,0.22431865828092243,0.22431865828092243,0.15591397849462366,1.0,0.9958182015461547,margin_roc_persistence_score_gt_70pct;margin_roc_z_gt_2
2013-07-10,8011.69,190135322.0,0.0799812896651011,0.03339309668764834,0.08395221483127457,0.1605546302269799,0.2603576719995534,2.053422903621911,0.9837682144546943,-0.7526549602627661,0.22312069481880803,0.22312069481880803,0.1497326203208556,1.0,0.9958182015461547,margin_roc_persistence_score_gt_70pct;margin_roc_z_gt_2
2013-07-11,8179.54,188532244.0,0.10197922827476669,0.040921458186455206,0.07401958853285673,0.5067414857220518,0.4053238706136325,1.8549817753032678,0.9833240750484472,-0.851357384644402,0.21084156933213538,0.21084156933213538,0.14361702127659576,1.0,0.9958182015461547,margin_roc_persistence_score_gt_70pct
2013-07-12,8220.49,187871927.0,0.11271450963618301,0.05099448580410981,0.07314369465458248,0.6735491812962132,0.5995371770242968,1.8342072902357196,0.9830835982407496,-0.8973723851595342,0.20245582509733454,0.20245582509733454,0.13227513227513227,1.0,0.9958182015461547,margin_roc_persistence_score_gt_70pct
2013-07-15,8254.68,187130403.0,0.12025231421479554,0.06326374729021467,0.07561430417601156,0.7831433205252267,0.8363961983496929,1.817374591112673,0.9828908721008701,-0.9230651736062696,0.1970649895178197,0.1970649895178197,0.1,1.0,0.9958182015461547,margin_roc_persistence_score_gt_70pct
2013-07-16,8260.11,187367190.0,0.12998019141007622,0.05884592458707494,0.08059519570794094,0.9197925970215516,0.7491258769265674,1.8469330313016237,0.9828440526095032,-0.9142305276924152,0.1955675351901767,0.1955675351901767,0.09947643979057591,1.0,0.9958182015461547,margin_roc_persistence_score_gt_70pct
2013-07-17,8258.95,187858005.0,0.1389534362566971,0.05760993306501305,0.08227812112310628,1.042297072566451,0.7227376630846656,1.8423800633257559,0.9830504074511585,-0.848513546730063,0.20215633423180593,0.20215633423180593,0.140625,1.0,0.9958182015461547,margin_roc_persistence_score_gt_70pct
2013-07-18,8194.88,187152261.0,0.12909639276320584,0.05179205144166277,0.07532600097607278,0.8776826032411216,0.6091994707943432,1.6794896407777915,0.9844447852509609,-0.503172031142716,0.2389937106918239,0.2389937106918239,0.20725388601036268,1.0,0.9958182015461547,margin_roc_persistence_score_gt_70pct
2013-07-19,8062.03,186048927.0,0.1305720291743151,0.016546880516467466,0.06006077462326709,0.8929259134037614,-0.07579370891913925,1.3707563901871085,0.983697389122325,-0.6754281866900671,0.22132374962563642,0.22132374962563642,0.17010309278350516,1.0,0.9958182015461547,margin_roc_persistence_score_gt_70pct
2013-07-22,8105.45,186367929.0,0.1409265132096611,0.016946494395499334,0.059252812257382104,1.021678601132587,-0.06687466712248487,1.3278083266990108,0.9835660105685154,-0.7009989282942315,0.21892782270140762,0.21892782270140762,0.16923076923076924,1.0,0.9958182015461547,margin_roc_persistence_score_gt_70pct
2013-07-23,8214.65,186324899.0,0.15861828706185,0.034229871946436674,0.05503913236116764,1.2471131646843285,0.27108058556080655,1.2524512348704864,0.9833653162815347,-0.7486964775979295,0.2123390236597784,0.2123390236597784,0.16326530612244897,1.0,0.9958182015461547,margin_roc_persistence_score_gt_70pct
2013-07-24,8196.19,187562329.0,0.1500196436088117,0.021496290369417803,0.06013520817804685,1.1000228383643613,0.019548599656240482,1.3282585130327846,0.983186560761285,-0.7911939714076037,0.20604971548367776,0.20604971548367776,0.14720812182741116,1.0,0.9958182015461547,margin_roc_persistence_score_gt_70pct
2013-07-25,8163.58,187671840.0,0.1581106673948971,0.01768068064948425,0.05711779520972682,1.2064764517835982,-0.05472770685173892,1.2542011572374194,0.9830915277954613,-0.8134929399587054,0.20305480682839172,0.20305480682839172,0.14646464646464646,1.0,0.9958182015461547,margin_roc_persistence_score_gt_70pct
2013-07-26,8149.4,187304663.0,0.14000422462114792,0.01587372819450361,0.05358506553293463,0.9305137422561089,-0.08947089951349607,1.1502715981790965,0.9833959286301016,-0.7385422301607637,0.21413596885295,0.21413596885295,0.17587939698492464,1.0,0.9958182015461547,margin_roc_persistence_score_gt_70pct
2013-07-29,8084.5,186874297.0,0.12838256558562278,0.006819647958713482,0.05473147065051265,0.7519096296222688,-0.26897207969447484,1.130429697103724,0.9831497152776811,-0.7939330915152991,0.20425277029050615,0.20425277029050615,0.15,1.0,0.9958182015461547,margin_roc_persistence_score_gt_70pct
2013-07-30,8163.55,186867813.0,0.16145448751054614,0.008635153935302453,0.05689888855151026,1.1971969056717675,-0.23147772275896084,1.1566788789105966,0.9829068055092871,-0.8368878923083914,0.1982629529799341,0.1982629529799341,0.10945273631840796,1.0,0.9958182015461547,margin_roc_persistence_score_gt_70pct
2013-07-31,8107.94,185999551.0,0.15689712985224746,-0.0025305990888859764,0.047105665162700205,1.1054070164562024,-0.45259552282057297,0.9750796303096805,0.9823043273349871,-0.9580360120967609,0.18418688230008984,0.18418688230008984,0.054455445544554455,0.975,0.9958182015461547,margin_roc_persistence_score_gt_70pct
2013-08-01,8056.22,186201424.0,0.1543301242418469,-0.009687733173694424,0.04879754619299681,1.0561566874187363,-0.5939723585771471,0.9804714671681085,0.9819465355259502,-1.0342622736806115,0.17849655585504642,0.17849655585504642,0.04926108374384237,0.95,0.9958182015461547,margin_roc_persistence_score_gt_70pct
2013-08-02,8099.88,185572577.0,0.16199113717580338,-0.00846732484193391,0.04173014665450392,1.1410939998094898,-0.5683313051442044,0.8599443023739028,0.9834511061583697,-0.6816890293092421,0.2165318957771788,0.2165318957771788,0.20098039215686275,0.925,0.9958182015461547,margin_roc_persistence_score_gt_70pct
2013-08-05,8138.63,185584359.0,0.14234562754667346,-0.0029927502676693196,0.041888819106271846,0.8491243014825415,-0.44323817108147345,0.8513344601833305,0.98482156181498,-0.36104407300495317,0.25456723569931117,0.25456723569931117,0.3121951219512195,0.9,0.9958182015461547,margin_roc_persistence_score_gt_70pct
2013-08-06,8038.91,186252690.0,0.12292844690789617,-0.02760100591622927,0.04696669741191051,0.5887025675969607,-0.9192847649849395,0.9254416882834821,0.9848300072164591,-0.35334811274886535,0.2560646900269542,0.2560646900269542,0.32038834951456313,0.875,0.9958182015461547,margin_roc_persistence_score_gt_70pct
2013-08-07,7921.29,185938162.0,0.08951253629397748,-0.044002515119075825,0.0472229568049547,0.1299928252481506,-1.2457074415179554,0.9228463362033431,0.9849166241099042,-0.33226234204741045,0.2611560347409404,0.2611560347409404,0.33816425120772947,0.85,0.9958182015461547,margin_roc_persistence_score_gt_70pct
2013-08-08,7907.67,186932631.0,0.0880178206814568,-0.04499737930934533,0.04961302065565887,0.10809804304682352,-1.26483492163975,0.9534087613776087,0.9849430165419285,-0.33008321479311,0.26235399820305483,0.26235399820305483,0.34615384615384615,0.825,0.9958182015461547,margin_roc_persistence_score_gt_70pct
2013-08-09,7856.14,187330035.0,0.0884834243388648,-0.047546651924270544,0.051144231416028196,0.1143973335774453,-1.3143366225697455,0.9725386549035006,0.9849857292034742,-0.3194104215967661,0.26534890685834084,0.26534890685834084,0.3492822966507177,0.8,0.9958182015461547,margin_roc_persistence_score_gt_70pct
2013-08-12,7903.38,186887116.0,0.08468598045929854,-0.04222583623976284,0.04691940681187856,0.058210764893870164,-1.2026419078056385,0.8845007392804761,0.9849697875231832,-0.321281384672925,0.2635519616651692,0.2635519616651692,0.3476190476190476,0.775,0.9958182015461547,margin_roc_persistence_score_gt_70pct
2013-08-13,7986.27,186303608.0,0.09469039649316158,-0.03994907790863589,0.04289295343305577,0.1974724285232327,-1.1488942320824462,0.7895817702379249,0.9849616108307676,-0.3208499160750675,0.2632524707996406,0.2632524707996406,0.3459715639810427,0.75,0.9958182015461547,margin_roc_persistence_score_gt_70pct
2013-08-14,7951.33,186545150.0,0.08627694745758085,-0.05229051078360669,0.041673768855197135,0.07308112532998347,-1.3886331075872482,0.7445608865734733,0.9849840314539731,-0.30888381455342845,0.26504941599281223,0.26504941599281223,0.35377358490566035,0.725,0.9958182015461547,margin_roc_persistence_score_gt_70pct
2013-11-15,8177.12,184900598.0,0.12212405896382417,0.036750405083641136,-0.009850796028922248,0.645412966973048,0.3604659561075526,0.0,0.9919968310295001,1.141119569937068,0.6567834681042228,0.6567834681042228,0.9047619047619048,0.275,0.9958182015461547,margin_roc_autocorr_rank_252_gt_90pct
2013-11-18,8191.46,184536857.0,0.13100627810615761,0.03362271293375385,-0.011060443574651524,0.7961344396014072,0.29089548881771776,-0.022745460223707246,0.9921050162056376,1.1519571214182267,0.6672656483977238,0.6672656483977238,0.9087301587301587,0.275,0.9958182015461547,margin_roc_autocorr_rank_252_gt_90pct
2013-11-19,8260.21,184719711.0,0.13258752649721228,0.04556840894102798,-0.013165499761002675,0.8158096826231941,0.5574933340648189,-0.06548824965317497,0.9921319572382414,1.1464543659717603,0.6699610661874813,0.6699610661874813,0.9166666666666666,0.275,0.9958182015461547,margin_roc_autocorr_rank_252_gt_90pct
2013-11-20,8204.46,185575502.0,0.12888583124075526,0.04746924731731905,-0.00543027970965726,0.7421062462003996,0.6040627768340355,0.10245370895752211,0.9920071544527822,1.1104162012405183,0.6576819407008087,0.6576819407008087,0.9087301587301587,0.25,0.9958182015461547,margin_roc_autocorr_rank_252_gt_90pct
2013-11-21,8099.45,186234400.0,0.1350046594404466,0.03648018140914577,-0.006763999752792849,0.837483203558251,0.35827641879717237,0.06883078883472211,0.9920357500304642,1.1120636159103015,0.6609763402216232,0.6609763402216232,0.9126984126984127,0.25,0.9958182015461547,margin_roc_autocorr_rank_252_gt_90pct
2013-11-22,8116.78,186060139.0,0.13366807500261868,0.03092346166986948,-0.006430498124410655,0.8063483468656552,0.2323688011466377,0.07564018757993254,0.9920518889031374,1.110219007576305,0.6624737945492662,0.6624737945492662,0.9166666666666666,0.25,0.9958182015461547,margin_roc_autocorr_rank_252_gt_90pct
2013-11-25,8187.51,186300360.0,0.14609369750722312,0.03705397233935015,-0.0056466033866298115,1.0139559370187015,0.3695683882609003,0.09245310915843512,0.9920543653967768,1.1056767939287533,0.6627732854147949,0.6627732854147949,0.9206349206349206,0.225,0.9958182015461547,margin_roc_autocorr_rank_252_gt_90pct
2013-11-26,8248.02,186301734.0,0.15679369206753946,0.05462073127694733,-0.003799765359865037,1.1918927449048795,0.7660141934042053,0.13328365136816886,0.9920445592928927,1.0903794677352006,0.661874812818209,0.661874812818209,0.9166666666666666,0.2,0.9958182015461547,margin_roc_autocorr_rank_252_gt_90pct
2013-11-27,8295.88,186204929.0,0.16367421139452154,0.060238684957837574,-0.001927921903688401,1.3098424399563704,0.8866730262119394,0.17486940874333193,0.9922681939646986,1.1289680452420015,0.6801437556154537,0.6801437556154537,0.9404761904761905,0.175,0.9958182015461547,margin_roc_autocorr_rank_252_gt_90pct
2013-11-28,8362.43,186328637.0,0.17026296676215447,0.05617442527211325,-0.0014977161524742932,1.4192888582887357,0.7860369340225655,0.1830396959479849,0.992429771913033,1.1600948938006719,0.6909254267744834,0.6909254267744834,0.9484126984126984,0.15,0.9958182015461547,margin_roc_autocorr_rank_252_gt_90pct
2013-11-29,8406.83,186483462.0,0.18598319247117523,0.047986197766361816,-0.0010449781915743417,1.6840679909674012,0.601591774720544,0.19252304229829184,0.9925091119938311,1.164908855017742,0.6936208445642408,0.6936208445642408,0.9563492063492064,0.125,0.9958182015461547,margin_roc_autocorr_rank_252_gt_90pct
2013-12-02,8414.61,187044277.0,0.18419563846794706,0.046741702181652744,0.0017788129921978424,1.6463313448429815,0.576608973309249,0.2554460326453773,0.992387006990765,1.1231491660009452,0.6885294998502546,0.6885294998502546,0.9484126984126984,0.125,0.9958182015461547,margin_roc_autocorr_rank_252_gt_90pct
2013-12-03,8392.55,187589903.0,0.14558265686233018,0.037607082762039834,0.003403427010399751,0.9788730135805465,0.3695116217971633,0.2921578662956627,0.992280899653214,1.093937910116453,0.6816412099430967,0.6816412099430967,0.9444444444444444,0.125,0.9958182015461547,margin_roc_autocorr_rank_252_gt_90pct
2013-12-04,8418.0,188153174.0,0.136435739000482,0.0413883198242333,0.007821257358336942,0.8126071272758217,0.45522480393450876,0.38294570990615523,0.9921208500107612,1.0555505766722897,0.6690625935908955,0.6690625935908955,0.9365079365079365,0.125,0.9958182015461547,margin_roc_autocorr_rank_252_gt_90pct
2013-12-05,8375.54,188914559.0,0.12722941508976882,0.025270837668776247,0.014693307956461288,0.657511020860129,0.08931541013150607,0.5309016496665823,0.9920780194287929,1.0397734627725972,0.6648697214734951,0.6648697214734951,0.9285714285714286,0.125,0.9958182015461547,margin_roc_autocorr_rank_252_gt_90pct
2013-12-06,8367.72,189332145.0,0.12546049525684833,0.02492834570441671,0.01979509024507964,0.6230949671695677,0.08020292503748291,0.6435429140531768,0.9918943644899126,0.9932439644313105,0.6501946690625936,0.6501946690625936,0.9007936507936508,0.125,0.9958182015461547,margin_roc_autocorr_rank_252_gt_90pct
2013-12-11,8433.77,189872922.0,0.10971972036510969,0.02738217490824102,0.03219989540731061,0.347154556526768,0.13521823322730606,0.8990604435819567,0.9916823767043891,0.9293397388124223,0.6346211440551063,0.6346211440551063,0.9007936507936508,0.2,0.9958182015461547,margin_roc_autocorr_rank_252_gt_90pct
2013-12-12,8361.33,190418999.0,0.1000331536196648,0.016530583463824078,0.030978199011630903,0.17628549694546006,-0.11435174461615503,0.8619238441017906,0.9916534808274131,0.921188886487913,0.6331236897274634,0.6331236897274634,0.9007936507936508,0.225,0.9958182015461547,margin_roc_autocorr_rank_252_gt_90pct
2013-12-13,8376.94,190980873.0,0.0951608369666821,0.025555201880463452,0.03299842622343596,0.08915187422121112,0.0936975349522635,0.8996931969458666,0.9916473694965487,0.91913534337907,0.6322252171308775,0.6322252171308775,0.9007936507936508,0.25,0.9958182015461547,margin_roc_autocorr_rank_252_gt_90pct
2013-12-16,8313.87,191112116.0,0.09059247618472943,0.021048869631856704,0.035623773661568325,0.007279178692615697,-0.010379074965382745,0.9523483030210984,0.9916485409247796,0.9179605130919041,0.6325247079964061,0.6325247079964061,0.9047619047619048,0.275,0.9958182015461547,margin_roc_autocorr_rank_252_gt_90pct
2013-12-20,8408.53,192685232.0,0.09340991574980606,0.013951811384051105,0.050509385627784065,0.049160233867950806,-0.17445774855885607,1.2703696437494367,0.9915497925399572,0.8643681376723079,0.6268343815513627,0.6268343815513627,0.9047619047619048,0.475,0.9958182015461547,margin_roc_autocorr_rank_252_gt_90pct
2013-12-23,8456.46,193392198.0,0.09015880955358235,0.018958636578335852,0.05586049473875265,-0.007751093193841674,-0.05612583117761237,1.385820625486405,0.991481664558835,0.8441671126188053,0.6226415094339622,0.6226415094339622,0.9007936507936508,0.525,0.9958182015461547,margin_roc_autocorr_rank_252_gt_90pct
2013-12-24,8450.49,193649556.0,0.09764157131593731,0.020110093072103652,0.05564099371320608,0.12376452517048912,-0.02885029199013337,1.371306579058674,0.9915156114973074,0.8476174337907165,0.6238394728960767,0.6238394728960767,0.9007936507936508,0.575,0.9958182015461547,margin_roc_autocorr_rank_252_gt_90pct
2013-12-25,8467.76,194156227.0,0.1096120179052531,0.03458656905340218,0.05917529217666728,0.32185428169363944,0.31290284756249365,1.439055196238086,0.9915308789511506,0.8469303917233935,0.6256364180892483,0.6256364180892483,0.9007936507936508,0.625,0.9958182015461547,margin_roc_autocorr_rank_252_gt_90pct
2013-12-26,8485.89,194281841.0,0.1101751236959918,0.03100715858227976,0.06144933567248434,0.3242330680140425,0.22755136108393426,1.4832537333869196,0.991586752982073,0.8526619550509048,0.6286313267445343,0.6286313267445343,0.9087301587301587,0.675,0.9958182015461547,margin_roc_autocorr_rank_252_gt_90pct
2013-12-27,8535.04,194359996.0,0.11169955727602976,0.04418592417055822,0.05952968993759189,0.34864561479565637,0.5409671335860452,1.437532068629912,0.9916295258528721,0.8559496476886066,0.6310272536687631,0.6310272536687631,0.9126984126984127,0.725,0.9958182015461547,margin_roc_autocorr_rank_252_gt_90pct;margin_roc_persistence_score_gt_70pct
2013-12-30,8623.43,194571064.0,0.13534005840330932,0.05330510979574976,0.05667587489006509,0.7573774692334531,0.7553187459935699,1.3716844738742708,0.9916573033415244,0.8546098279462762,0.633423180592992,0.633423180592992,0.9246031746031746,0.75,0.9958182015461547,margin_roc_autocorr_rank_252_gt_90pct;margin_roc_persistence_score_gt_70pct
2013-12-31,8611.51,194476058.0,0.14515826610088123,0.048072663365999135,0.05292373307881304,0.9145229920386473,0.6336007857254964,1.2758896594397666,0.9918072276456505,0.8751666513972091,0.6424079065588499,0.6424079065588499,0.9285714285714286,0.775,0.9958182015461547,margin_roc_autocorr_rank_252_gt_90pct;margin_roc_persistence_score_gt_70pct
2014-01-02,8612.54,194959313.0,0.14222547591954537,0.030328914155008713,0.056411265302520164,0.8588145432098223,0.21037698383764222,1.3251599043030922,0.9917374780399497,0.84792948395903,0.6376160527103923,0.6376160527103923,0.9246031746031746,0.8,0.9958182015461547,margin_roc_autocorr_rank_252_gt_90pct;margin_roc_persistence_score_gt_70pct
2014-01-03,8546.54,195703293.0,0.13416725056797674,0.021757297164820777,0.0568227849361751,0.7152286146922552,0.004155237449645653,1.3105644680103028,0.9923199173961753,0.9467797033027481,0.6840371368673256,0.6840371368673256,0.9880952380952381,0.825,0.9958182015461547,margin_roc_autocorr_rank_252_gt_90pct;margin_roc_persistence_score_gt_70pct
2014-01-06,8500.01,195944942.0,0.11306646832282041,0.019961217520273244,0.055811837587258495,0.3428672917442854,-0.03786163871377676,1.2805414382833389,0.9924205965706638,0.9504059657246666,0.6906259359089548,0.6906259359089548,0.9920634920634921,0.85,0.9958182015461547,margin_roc_autocorr_rank_252_gt_90pct;margin_roc_persistence_score_gt_70pct
2014-01-07,8512.3,197195038.0,0.11502333580903801,0.016315151659871185,0.05933389256683008,0.37187356883675593,-0.1250233665568961,1.3479571865187883,0.9922228687607159,0.8969486609342623,0.6765498652291105,0.6765498652291105,0.9722222222222222,0.875,0.9958182015461547,margin_roc_autocorr_rank_252_gt_90pct;margin_roc_persistence_score_gt_70pct
2014-01-08,8556.01,198070824.0,0.11866518662048708,0.0253189737714703,0.06553210930830278,0.43729842040237626,0.09173414389322271,1.4586199822492691,0.9922738018810561,0.896371225352328,0.6807427373465109,0.6807427373465109,0.9761904761904762,0.9,0.9958182015461547,margin_roc_autocorr_rank_252_gt_90pct;margin_roc_persistence_score_gt_70pct
2014-01-09,8514.68,198561577.0,0.10587440742905385,0.01979909861462592,0.06937409147210927,0.2118940329990739,-0.041438207568697906,1.5216949708665695,0.9921838194649744,0.8705996979917721,0.6738544474393531,0.6738544474393531,0.9642857142857143,0.925,0.9958182015461547,margin_roc_autocorr_rank_252_gt_90pct;margin_roc_persistence_score_gt_70pct
2014-01-10,8529.35,199510609.0,0.09642740531827099,0.030866719200963066,0.08250235800696704,0.040338697402602854,0.2285934496210349,1.792192850578796,0.9916317350578784,0.7518914667377351,0.6313267445342917,0.6313267445342917,0.8809523809523809,0.95,0.9958182015461547,margin_roc_persistence_score_gt_70pct
2014-01-13,8566.2,199375277.0,0.09306812439707857,0.02370014866369985,0.07874503151694978,-0.02111675404481125,0.052056116028873924,1.7096610659429015,0.9916813637340882,0.7598308738063714,0.6343216531895777,0.6343216531895777,0.8968253968253969,0.975,0.9958182015461547,margin_roc_persistence_score_gt_70pct
2014-01-14,8548.14,199931351.0,0.09507442361571039,0.025918787160142953,0.08054954671812187,0.015775891532393345,0.10486331720528379,1.7459675229315346,0.9916663762882538,0.7523057341697993,0.6337226714585206,0.6337226714585206,0.8928571428571429,1.0,0.9958182015461547,margin_roc_persistence_score_gt_70pct
2014-01-15,8602.55,199869662.0,0.10927790651043368,0.027209397851619244,0.07951352405293277,0.2751574936037425,0.13472148707058815,1.7236583612675012,0.9918380066064486,0.7829260503100476,0.6451033243486074,0.6451033243486074,0.9126984126984127,1.0,0.9958182015461547,margin_roc_autocorr_rank_252_gt_90pct;margin_roc_persistence_score_gt_70pct
2014-01-16,8612.11,199222973.0,0.11531846779060473,0.020248329915568686,0.0747905256595125,0.3835092599580803,-0.035180447766543214,1.6217924050677652,0.9926286407521477,0.9406265908524274,0.7005091344713986,0.7005091344713986,1.0,1.0,0.9958182015461547,margin_roc_autocorr_rank_252_gt_90pct;margin_roc_persistence_score_gt_70pct
2014-01-17,8596.0,199422622.0,0.11078949272740424,0.020985067677674607,0.0735507384782097,0.2961884593623172,-0.014882918546336487,1.590850662113575,0.9926993796407448,0.9431394082004538,0.704702006588799,0.704702006588799,1.0,1.0,0.9958182015461547,margin_roc_autocorr_rank_252_gt_90pct;margin_roc_persistence_score_gt_70pct
2014-01-20,8621.56,199040610.0,0.1036811732235483,0.024148667125193146,0.0704571684073454,0.16066097467350546,0.06189626732384752,1.5216630908226727,0.9927995176396368,0.9517771787008767,0.7115902964959568,0.7115902964959568,1.0,1.0,0.9958182015461547,margin_roc_autocorr_rank_252_gt_90pct;margin_roc_persistence_score_gt_70pct
2014-01-21,8599.9,199152900.0,0.0998510068229923,0.024575808769041085,0.06871484149080742,0.08858061219946854,0.070458811786252,1.4816934580021524,0.9929183609925736,0.9753329505217799,0.7187780772686433,0.7187780772686433,1.0,1.0,0.9958182015461547,margin_roc_autocorr_rank_252_gt_90pct;margin_roc_persistence_score_gt_70pct
2014-01-22,8625.3,198258977.0,0.10241987124183738,0.02514702176920558,0.060993170938355545,0.13732052327932662,0.08444303057098226,1.3141708194528026,0.9927754115461678,0.946403981504162,0.710691823899371,0.710691823899371,0.9920634920634921,1.0,0.9958182015461547,margin_roc_autocorr_rank_252_gt_90pct;margin_roc_persistence_score_gt_70pct
2014-01-23,8595.1,198022593.0,0.1068999178366572,0.029770134497556944,0.05677690381507161,0.21239607108527342,0.20069565582915055,1.218747022496511,0.9927719072433353,0.9211796312346795,0.7103923330338424,0.7103923330338424,0.9880952380952381,1.0,0.9958182015461547,margin_roc_autocorr_rank_252_gt_90pct;margin_roc_persistence_score_gt_70pct
2014-01-24,8598.31,196979819.0,0.1166012807077006,0.02265507271198386,0.05061632267350946,0.38645970661404266,0.020083748091775308,1.0870157264677733,0.9926507945643835,0.8691799542965846,0.7029050613956275,0.7029050613956275,0.9801587301587301,1.0,0.9958182015461547,margin_roc_autocorr_rank_252_gt_90pct;margin_roc_persistence_score_gt_70pct
2014-01-27,8462.57,194926902.0,0.11106340853709762,0.004938855097625261,0.03499402648214445,0.27876438238020745,-0.425641988889614,0.7544459188716707,0.9918423571427726,0.701824036147738,0.6460017969451932,0.6460017969451932,0.8849206349206349,0.975,0.9958182015461547,margin_roc_persistence_score_gt_70pct
2014-02-05,8264.48,197380943.0,0.0687467912948232,-0.023695047642899203,0.046302108616273596,-0.5352897156278552,-1.148458329819743,0.9788135918823357,0.9916750086420827,0.6681377629469037,0.6340221623240491,0.6340221623240491,0.8571428571428571,0.95,0.9958182015461547,margin_roc_persistence_score_gt_70pct
2014-02-06,8311.01,198946566.0,0.07587004137259679,-0.016455504457956405,0.0567017628724138,-0.3883264087364319,-0.9606303926893162,1.1905171992990664,0.9913455500472401,0.6038178758508538,0.6142557651991615,0.6142557651991615,0.7777777777777778,0.95,0.9958182015461547,margin_roc_persistence_score_gt_70pct
2014-02-07,8387.35,199320057.0,0.08096944233222936,-9.894875884874921e-05,0.060797540380985504,-0.2767593782846136,-0.5498791890000737,1.2688446826441164,0.9915278228719927,0.6401235916305987,0.6250374363581911,0.6250374363581911,0.8055555555555556,0.95,0.9958182015461547,margin_roc_persistence_score_gt_70pct
2014-02-10,8391.95,199576131.0,0.08364604128519737,0.0045258997335453355,0.06452864298972805,-0.22385129805727375,-0.43094995770093497,1.3339067439745864,0.9915783998813916,0.6460000429446041,0.628032345013477,0.628032345013477,0.8134920634920635,0.95,0.9958182015461547,margin_roc_persistence_score_gt_70pct
2014-02-11,8430.56,199672818.0,0.09544840884668515,0.020377139260729482,0.06432912295571414,0.005694141047076228,-0.029403573199873266,1.3200365175667688,0.9917358347132155,0.6735490930481794,0.6373165618448637,0.6373165618448637,0.8650793650793651,0.95,0.9958182015461547,margin_roc_persistence_score_gt_70pct
2014-02-12,8510.87,199742851.0,0.10925790281756598,0.027638351744814438,0.06711675941342854,0.28041289132531483,0.15328071177342406,1.358249888343368,0.9917989048800921,0.6847561068283616,0.6412099430967355,0.6412099430967355,0.8690476190476191,0.95,0.9958182015461547,margin_roc_persistence_score_gt_70pct
2014-02-13,8467.7,200282774.0,0.097610137569073,0.022211062434585704,0.06843030051330512,0.04376710622407612,0.0137097300079604,1.3625486512502358,0.9918957103506295,0.7029100863384327,0.6504941599281222,0.6504941599281222,0.8928571428571429,0.95,0.9958182015461547,margin_roc_persistence_score_gt_70pct
2014-02-14,8513.68,200064427.0,0.09121763650346071,0.034520553271791155,0.07024581021892118,-0.08336791331713288,0.32384235451400395,1.389855283043321,0.9919796049757739,0.7146532331505261,0.6555855046421084,0.6555855046421084,0.8928571428571429,0.95,0.9958182015461547,margin_roc_persistence_score_gt_70pct
2014-02-17,8519.55,200227073.0,0.08765118767059277,0.041183932656772226,0.0714816153638893,-0.15365981036568963,0.4926955106926556,1.4120332910927464,0.9921389236771516,0.7389377128419639,0.6705600479185385,0.6705600479185385,0.9325396825396826,0.95,0.9958182015461547,margin_roc_autocorr_rank_252_gt_90pct;margin_roc_persistence_score_gt_70pct
2014-02-18,8556.23,200580011.0,0.08996282812018297,0.044046192555208696,0.08567638717748816,-0.1058039097410122,0.5659142841692612,1.6833995195042704,0.991814189490679,0.6745,0.6427073974243785,0.6427073974243785,0.8611111111111112,0.95,0.9958182015461547,margin_roc_persistence_score_gt_70pct
2014-02-19,8577.01,200782206.0,0.09178242788605351,0.058333518421175956,0.08836179996780369,-0.06770834213449543,0.9257372130552507,1.7271112274849023,0.9920289723942324,0.71366673046352,0.6600778676250374,0.6600778676250374,0.8968253968253969,0.95,0.9958182015461547,margin_roc_persistence_score_gt_70pct
2014-02-20,8524.62,201011558.0,0.07591163121784761,0.047905877262317764,0.08814005231032662,-0.3909877240885489,0.6603149347410242,1.7220382407238082,0.992253590094007,0.7498517074721163,0.6795447738843965,0.6795447738843965,0.9404761904761905,0.95,0.9958182015461547,margin_roc_autocorr_rank_252_gt_90pct;margin_roc_persistence_score_gt_70pct
2014-02-21,8601.86,201127863.0,0.09064605537762449,0.05194249320054012,0.08776210123452377,-0.08439794013012433,0.7592411854418681,1.7059207089928297,0.9925044576850058,0.7934768272580798,0.6933213536987122,0.6933213536987122,0.9682539682539683,0.95,0.9958182015461547,margin_roc_autocorr_rank_252_gt_90pct;margin_roc_persistence_score_gt_70pct
2014-02-24,8560.61,201323381.0,0.08271012375658482,0.045065226467565056,0.09096569797978082,-0.24820998741647662,0.5832371996020239,1.745110758253544,0.9927242204776224,0.8045192317631663,0.7064989517819706,0.7064989517819706,0.9841269841269841,0.95,0.9958182015461547,margin_roc_autocorr_rank_252_gt_90pct;margin_roc_persistence_score_gt_70pct
2014-02-25,8575.62,201825903.0,0.07957293545816535,0.03818425923796154,0.09260620811603593,-0.31809107860670804,0.4078786161239662,1.7617981641415263,0.9930574940894988,0.8355722724619016,0.726564839772387,0.726564839772387,1.0,0.95,0.9958182015461547,margin_roc_autocorr_rank_252_gt_90pct;margin_roc_persistence_score_gt_70pct
2014-02-26,8600.86,202148636.0,0.08039061008330739,0.04831518466785156,0.08930669092302934,-0.30879736294023014,0.6687219321325258,1.6637163335405616,0.9932083005023633,0.8452767326577919,0.7358490566037735,0.7358490566037735,1.0,0.95,0.9958182015461547,margin_roc_autocorr_rank_252_gt_90pct;margin_roc_persistence_score_gt_70pct
2014-02-27,8639.58,201635781.0,0.0760334284041797,0.06668724419559346,0.08269890525058754,-0.41123354067456136,1.1299533109375335,1.5013335265655812,0.9932128043605616,0.8266964617651236,0.737047020065888,0.737047020065888,1.0,0.95,0.9958182015461547,margin_roc_autocorr_rank_252_gt_90pct;margin_roc_persistence_score_gt_70pct
2014-03-03,8601.98,202080354.0,0.0809956946060677,0.059777399412082044,0.08610234887548907,-0.2955733575209217,0.9497163304493285,1.550691706714397,0.9933923517332918,0.8523995495060978,0.7478286912249177,0.7478286912249177,1.0,0.95,0.9958182015461547,margin_roc_autocorr_rank_252_gt_90pct;margin_roc_persistence_score_gt_70pct
2014-03-04,8554.54,202696969.0,0.07635145676999189,0.044828036851252806,0.08801168714864538,-0.394742200634262,0.5676317496440859,1.577716036125531,0.9935866878680434,0.8804054395263421,0.7595088349805331,0.7595088349805331,1.0,0.95,0.9958182015461547,margin_roc_autocorr_rank_252_gt_90pct;margin_roc_persistence_score_gt_70pct
2014-03-05,8632.93,203374397.0,0.08088755447990392,0.04666695764559248,0.09163985022275756,-0.2889110466301265,0.6151240767055562,1.6344836021082718,0.9938221169120832,0.893512786517383,0.7729859239293202,0.7729859239293202,1.0,0.975,0.9958182015461547,margin_roc_autocorr_rank_252_gt_90pct;margin_roc_persistence_score_gt_70pct
2014-03-06,8713.79,203821481.0,0.09639416785778998,0.05037560813319408,0.0946084085668859,0.06558058021166169,0.7004209326170252,1.6732296779494589,0.9940543779189653,0.9021350105748512,0.788858939802336,0.788858939802336,1.0,1.0,0.9958182015461547,margin_roc_autocorr_rank_252_gt_90pct;margin_roc_persistence_score_gt_70pct
2014-03-07,8713.96,202838368.0,0.10570620106840578,0.04203682422453747,0.08860544071923848,0.27946456010678233,0.4854221895103818,1.5405092703295902,0.994128403606945,0.9070747489689585,0.793351302785265,0.793351302785265,1.0,1.0,0.9958182015461547,margin_roc_autocorr_rank_252_gt_90pct;margin_roc_persistence_score_gt_70pct
2014-03-10,8665.24,203201108.0,0.09714635894241308,0.03073810223354112,0.0896468020311636,0.06955777383070029,0.18926135302984862,1.5375349997014396,0.9943028238493974,0.9352528183566517,0.8044324648098233,0.8044324648098233,1.0,1.0,0.9958182015461547,margin_roc_autocorr_rank_252_gt_90pct;margin_roc_persistence_score_gt_70pct
2014-03-11,8702.33,203881149.0,0.09262200503978213,0.03419290971298716,0.09001543522232436,-0.030294519990312446,0.27076284871028966,1.5368134170021233,0.9943883053182733,0.9474555510904538,0.8095238095238095,0.8095238095238095,1.0,1.0,0.9958182015461547,margin_roc_autocorr_rank_252_gt_90pct;margin_roc_persistence_score_gt_70pct
2014-03-12,8684.73,204190257.0,0.10389661562866226,0.03481421022216136,0.08849279057412818,0.2310851823596521,0.28141242483962015,1.5073133516695527,0.9945144300271723,0.9701100052004604,0.8191075172207247,0.8191075172207247,1.0,1.0,0.9958182015461547,margin_roc_autocorr_rank_252_gt_90pct;margin_roc_persistence_score_gt_70pct
2014-03-13,8747.79,205031879.0,0.10274924962591614,0.03917676407697801,0.08970725628046017,0.20436105893023426,0.3893543853779348,1.5263451936972434,0.9947098945704295,0.9887282873892995,0.8328840970350404,0.8328840970350404,1.0,1.0,0.9958182015461547,margin_roc_autocorr_rank_252_gt_90pct;margin_roc_persistence_score_gt_70pct
2014-03-14,8687.63,205232100.0,0.09274241223601609,0.03726207504232537,0.08637524331833002,-0.03555348334112769,0.34058333377153993,1.4633709277387021,0.9947140339387548,0.96943773171016,0.8334830787660976,0.8334830787660976,1.0,1.0,0.9958182015461547,margin_roc_autocorr_rank_252_gt_90pct;margin_roc_persistence_score_gt_70pct
2014-03-17,8700.1,205905716.0,0.09290736397542365,0.03972169240844581,0.08753701596736252,-0.024087874887848786,0.404761662272608,1.4597281306913592,0.9948182927445507,0.9854237860083832,0.8403713686732555,0.8403713686732555,1.0,1.0,0.9958182015461547,margin_roc_autocorr_rank_252_gt_90pct;margin_roc_persistence_score_gt_70pct
2014-03-18,8731.94,205901050.0,0.08943075230126984,0.03402402950043926,0.08660295940902141,-0.1012795766692971,0.2560666444985268,1.4174794301552482,0.9948791580626802,0.9917262885359146,0.8460616951182989,0.8460616951182989,1.0,1.0,0.9958182015461547,margin_roc_autocorr_rank_252_gt_90pct;margin_roc_persistence_score_gt_70pct
2014-03-19,8689.46,205473370.0,0.08095069861868542,0.0291435075248212,0.08206293476459248,-0.30703834968308513,0.12857460276698568,1.3285739149570073,0.9948319435663922,0.9674493477749608,0.8421683138664271,0.8421683138664271,0.996031746031746,1.0,0.9958182015461547,margin_roc_autocorr_rank_252_gt_90pct;margin_roc_persistence_score_gt_70pct
2014-03-20,8597.33,205353419.0,0.07537734326823609,0.019393462235749892,0.08153083039402542,-0.44317035432091306,-0.1250662987499369,1.3068493776503207,0.9948981401188489,0.9658244145837485,0.8478586403114705,0.8478586403114705,1.0,1.0,0.9958182015461547,margin_roc_autocorr_rank_252_gt_90pct;margin_roc_persistence_score_gt_70pct
2014-03-21,8577.17,205052796.0,0.07274833000021252,0.025814075033517403,0.07685050901879809,-0.505593692401931,0.04206642008615241,1.2183601912918451,0.9948389336696455,0.9522285748780291,0.8430667864630129,0.8430667864630129,0.9920634920634921,1.0,0.9958182015461547,margin_roc_autocorr_rank_252_gt_90pct;margin_roc_persistence_score_gt_70pct
2014-03-24,8605.38,204069653.0,0.08219815487388948,0.02727010101540639,0.06853450711789333,-0.2760977447866936,0.07586931577776411,1.0745866680057998,0.9946840172346958,0.9211735899367187,0.831686133572926,0.831686133572926,0.9722222222222222,1.0,0.9958182015461547,margin_roc_autocorr_rank_252_gt_90pct;margin_roc_persistence_score_gt_70pct
2014-03-25,8689.3,204701927.0,0.09609725146294723,0.04515706885000581,0.0711091022612087,0.07479925254226517,0.54431188389029,1.1174512809596453,0.9947536661374641,0.9298961778926749,0.8361784965558551,0.8361784965558551,0.9801587301587301,1.0,0.9958182015461547,margin_roc_autocorr_rank_252_gt_90pct;margin_roc_persistence_score_gt_70pct
2014-03-26,8737.27,204532109.0,0.11853664032035471,0.04601259677741831,0.06885908222088499,0.6659225700109332,0.5671907255161598,1.0717059009559413,0.9946820675464674,0.9123114736985299,0.8313866427073974,0.8313866427073974,0.9642857142857143,1.0,0.9958182015461547,margin_roc_autocorr_rank_252_gt_90pct;margin_roc_persistence_score_gt_70pct
2014-03-27,8779.57,205520075.0,0.12006169571357672,0.05156640763488962,0.07032389451601473,0.6952757864372128,0.7113048996930652,1.07594124007837,0.9947318439313957,0.9177982993380256,0.8349805330937407,0.8349805330937407,0.9761904761904762,1.0,0.9958182015461547,margin_roc_autocorr_rank_252_gt_90pct;margin_roc_persistence_score_gt_70pct
2014-03-28,8774.64,204528328.0,0.12523804088981438,0.04368056711944246,0.06361123203860153,0.8159776518821577,0.5019643240833415,0.945020309211365,0.9946155495732508,0.8914043388556776,0.8253968253968254,0.8253968253968254,0.9563492063492064,0.975,0.9958182015461547,margin_roc_autocorr_rank_252_gt_90pct;margin_roc_persistence_score_gt_70pct
2014-03-31,8849.28,203960962.0,0.13280353924299537,0.052417009869739406,0.058518911298817144,0.9877785916593196,0.7295600082006448,0.847500160094129,0.9944015529692768,0.8467881691870089,0.8113207547169812,0.8113207547169812,0.9484126984126984,0.95,0.9958182015461547,margin_roc_autocorr_rank_252_gt_90pct;margin_roc_persistence_score_gt_70pct
2014-04-01,8873.15,203381121.0,0.13813489101128495,0.04927475563060679,0.05165111676325229,1.0991594630177615,0.6468949853512933,0.7235386922878128,0.9941195026044365,0.7804870592915016,0.7924528301886793,0.7924528301886793,0.9325396825396826,0.925,0.9958182015461547,margin_roc_autocorr_rank_252_gt_90pct;margin_roc_persistence_score_gt_70pct
2014-04-02,8905.45,202550989.0,0.13356847909655167,0.053838298134191165,0.04596671009150155,0.9709657309279395,0.7645805265724813,0.6291295918451556,0.9938766678066857,0.7252670618126548,0.7771787960467206,0.7771787960467206,0.9246031746031746,0.9,0.9958182015461547,margin_roc_autocorr_rank_252_gt_90pct;margin_roc_persistence_score_gt_70pct
2014-04-03,8888.54,203107676.0,0.1313814540066902,0.049692008276096766,0.04610436213307745,0.9132768579808265,0.6544208712230107,0.6341247732329844,0.9936899551947019,0.6866056343783946,0.7660976340221624,0.7660976340221624,0.9166666666666666,0.875,0.9958182015461547,margin_roc_autocorr_rank_252_gt_90pct;margin_roc_persistence_score_gt_70pct
2014-04-07,8876.44,202449768.0,0.12443692267155826,0.046023457763416875,0.04204163887864332,0.7339093729269066,0.5573585758165168,0.5719997198608002,0.9934445840762117,0.6441180386683758,0.7508235998802036,0.7508235998802036,0.9087301587301587,0.85,0.9958182015461547,margin_roc_autocorr_rank_252_gt_90pct;margin_roc_persistence_score_gt_70pct
2014-04-08,8888.25,201790583.0,0.12983164863325736,0.041383520170965804,0.03823105141451011,0.858248675999198,0.43505635086558775,0.5143911688710469,0.9931801081593125,0.6021698071533255,0.7334531296795448,0.7334531296795448,0.8928571428571429,0.825,0.9958182015461547,margin_roc_persistence_score_gt_70pct
2014-04-09,8930.57,201829054.0,0.1277951559680297,0.03561691809407619,0.0373025148282069,0.8019925822423596,0.28044328026985593,0.4986938250350568,0.9929624390860561,0.5656288773886057,0.7208745133273435,0.7208745133273435,0.8849206349206349,0.8,0.9958182015461547,margin_roc_persistence_score_gt_70pct
2014-04-10,8948.1,202956976.0,0.13277986236650619,0.039086060400556955,0.04360905957894312,0.910884915380224,0.37213958605531694,0.6044841725880729,0.9927115874358737,0.5158775497548088,0.7056004791853848,0.7056004791853848,0.8611111111111112,0.775,0.9958182015461547,margin_roc_persistence_score_gt_70pct
2014-04-11,8908.05,202173407.0,0.12572316060041588,0.03431159681116114,0.037003074585105766,0.7330688144150401,0.24255040370773245,0.4927910323049584,0.992447566448081,0.4652346048964377,0.6915244085055405,0.6915244085055405,0.8373015873015873,0.75,0.9958182015461547,margin_roc_persistence_score_gt_70pct
2014-04-14,8857.42,200477563.0,0.11521401096652739,0.03637495407498226,0.024395450514979267,0.4844429426396337,0.2973923226134306,0.27771676042291016,0.991694812077513,0.32165354705570476,0.6352201257861635,0.6352201257861635,0.6984126984126984,0.725,0.9958182015461547,margin_roc_persistence_score_gt_70pct
2014-06-27,9306.83,211980113.0,0.17824231444591732,0.060055333006058476,0.03143263741996982,2.0773103473271806,0.8055009939568734,0.4385290489782851,0.9845495474320499,-0.9575292327333471,0.24258760107816713,0.24258760107816713,0.0873015873015873,0.5,0.9958182015461547,index_yoy_z_gt_2
2014-06-30,9393.07,211856840.0,0.20527349739712641,0.07047924473254752,0.03583128103408728,2.7279342627920697,1.0841451465929726,0.5348271752311305,0.9845078232217932,-0.9602438614842109,0.2407906558849955,0.2407906558849955,0.08333333333333333,0.5,0.9958182015461547,index_yoy_z_gt_2
2014-07-01,9441.92,211942248.0,0.2170512359452077,0.06697042019237709,0.039131439280032376,2.9875907080071586,0.9819708133854237,0.607938482951335,0.9845940864832903,-0.9369056391926819,0.24408505540581013,0.24408505540581013,0.09523809523809523,0.5,0.9958182015461547,index_yoy_z_gt_2
2014-07-02,9484.96,210679617.0,0.23772351867293562,0.06895071085240301,0.03588580869312841,3.0,1.0277283625781375,0.540484421719674,0.9845492001193009,-0.9190137695068615,0.24228811021263852,0.24228811021263852,0.09126984126984126,0.5,0.9958182015461547,index_yoy_z_gt_2
2014-07-03,9526.23,212066213.0,0.22369617716575885,0.06970787551443203,0.04697693181838769,3.0,1.044815299378972,0.7738040352885887,0.9840311831916712,-0.9956018540641703,0.22881102126385144,0.22881102126385144,0.07936507936507936,0.5,0.9958182015461547,index_yoy_z_gt_2
2014-07-04,9510.05,212140412.0,0.20626212914927877,0.06992261946281375,0.04447264710960508,2.6413286719294926,1.0489708146846854,0.7140313617316812,0.9840019414488602,-0.9936235993007371,0.22761305780173705,0.22761305780173705,0.07539682539682539,0.5,0.9958182015461547,index_yoy_z_gt_2
2014-07-07,9520.2,211617233.0,0.18084247371378326,0.07252457066121099,0.04528266488307353,2.007024195492719,1.1177069989561876,0.7250972802420073,0.9839814580859599,-0.9877965017839451,0.22701407607067983,0.22701407607067983,0.07539682539682539,0.5,0.9958182015461547,index_yoy_z_gt_2
2014-07-08,9530.98,211631850.0,0.18603534096565455,0.07231232244817587,0.0487697039856414,2.1328930245405733,1.1101486172123098,0.794417092454187,0.9839362192372316,-0.9863121658430445,0.22581611260856543,0.22581611260856543,0.07539682539682539,0.5,0.9958182015461547,index_yoy_z_gt_2
2014-07-09,9489.98,212336049.0,0.18390041742245988,0.06263989868507824,0.052058882463968725,2.0705666642549323,0.8493220772516702,0.8612341171457043,0.9839397233978752,-0.9782614842224444,0.22611560347409404,0.22611560347409404,0.07936507936507936,0.5,0.9958182015461547,index_yoy_z_gt_2
2014-07-10,9565.12,212595727.0,0.20902695091399526,0.06895542070383653,0.04749159743097464,2.6751567194044306,1.0130037286666065,0.7641052222553496,0.9838941583136046,-0.9702358563541363,0.22551662174303683,0.22551662174303683,0.07539682539682539,0.5,0.9958182015461547,index_yoy_z_gt_2
2014-07-11,9495.84,210723238.0,0.20296134142077493,0.06598413794264757,0.042289592517971375,2.5182457300492773,0.9291709754714946,0.6508591457200512,0.9837599581625497,-0.9780590827884407,0.22282120395327942,0.22282120395327942,0.06746031746031746,0.5,0.9958182015461547,index_yoy_z_gt_2
2014-07-14,9520.3,212017176.0,0.18976682804661937,0.07483894858773765,0.05756062088603908,2.188780651933392,1.1603289631040163,0.9683795912509245,0.9826906579266825,-1.1538057969500957,0.19227313566936208,0.19227313566936208,0.011904761904761904,0.5,0.9958182015461547,index_yoy_z_gt_2
2014-07-15,9569.17,213101156.0,0.21338542340299815,0.07317272850636636,0.06833053674725531,2.7383548923049923,1.1127445506861038,1.1920992376049069,0.9822531985308083,-1.2065876950028955,0.18388739143456126,0.18388739143456126,0.007936507936507936,0.525,0.9958182015461547,index_yoy_z_gt_2
2014-07-16,9484.73,214220844.0,0.18987778471945171,0.0628553691132272,0.07781972127909165,2.135231301320944,0.8360706123255275,1.3894808310988969,0.9821031181892352,-1.2287592067796056,0.18029350104821804,0.18029350104821804,0.007936507936507936,0.55,0.9958182015461547,index_yoy_z_gt_2
2014-07-28,9420.18,218028353.0,0.14952018821508073,0.07363245544852348,0.10835026969695982,1.102870220356076,1.1126962046441848,1.9658549635001583,0.9809838253249332,-1.4053474148891674,0.16172506738544473,0.16172506738544473,0.003968253968253968,0.725,0.9958182015461547,margin_roc_persistence_score_gt_70pct
2014-07-29,9391.88,216281757.0,0.1649522514800863,0.06608276549398329,0.10081159663327233,1.448412596693334,0.908351172009666,1.7822329927024492,0.981184767213399,-1.3649900375527813,0.16442048517520216,0.16442048517520216,0.007936507936507936,0.75,0.9958182015461547,margin_roc_persistence_score_gt_70pct
2014-07-30,9447.02,215996573.0,0.16551456119031038,0.06479969251959217,0.09416152983026738,1.4607205630155646,0.8676976809258975,1.628458491144952,0.9813111770497359,-1.3237168598160005,0.16681641209943096,0.16681641209943096,0.011904761904761904,0.775,0.9958182015461547,margin_roc_persistence_score_gt_70pct
2014-07-31,9315.85,217139606.0,0.13405318546742717,0.059650068703193115,0.09697542552849736,0.7372857396049323,0.7286922147112102,1.6831469594833757,0.9818880529175074,-1.1974065093143211,0.1778975741239892,0.1778975741239892,0.015873015873015872,0.8,0.9958182015461547,margin_roc_persistence_score_gt_70pct
2014-08-01,9266.51,216341046.0,0.1305875046820535,0.04501811144742729,0.09232149716938176,0.6555643068565109,0.34787563322524223,1.5860090864407228,0.9821763570153571,-1.1367231436664398,0.18209044624138965,0.18209044624138965,0.031746031746031744,0.825,0.9958182015461547,margin_roc_persistence_score_gt_70pct
2014-08-04,9330.19,216458876.0,0.1429042160424716,0.05183063278781308,0.08499032054888711,0.9356618952885938,0.5282378879187619,1.4281855002991215,0.9823384403441239,-1.1031567236206756,0.18628331835879006,0.18628331835879006,0.04365079365079365,0.85,0.9958182015461547,margin_roc_persistence_score_gt_70pct
2014-08-05,9141.44,217365328.0,0.12173166122659351,0.02570017694468052,0.0824477976872986,0.4485830237508225,-0.15835531123201096,1.3673565744575813,0.9834920415833693,-0.88961896843593,0.2168313866427074,0.2168313866427074,0.08333333333333333,0.875,0.9958182015461547,margin_roc_persistence_score_gt_70pct
2014-08-06,9143.97,215060472.0,0.13104953924175877,0.028195636676029645,0.06864432116717278,0.6597413974929418,-0.09265160535335802,1.0841225948949835,0.9832779869926248,-0.925067292032053,0.20874513327343516,0.20874513327343516,0.07539682539682539,0.9,0.9958182015461547,margin_roc_persistence_score_gt_70pct
2014-08-07,9131.44,214621513.0,0.11856239013664394,0.022454623834104126,0.06267276140007194,0.37373512607929943,-0.2422495751799496,0.9599876977061956,0.9835878037191078,-0.864559554935207,0.22012578616352202,0.22012578616352202,0.08333333333333333,0.9,0.9958182015461547,margin_roc_persistence_score_gt_70pct
2014-08-08,9085.96,213257793.0,0.12062496762432873,0.022078385185535065,0.05438794069901842,0.42375026310150393,-0.25044930235756635,0.783041362202465,0.9833831872711261,-0.89951411773447,0.21323749625636418,0.21323749625636418,0.07142857142857142,0.9,0.9958182015461547,margin_roc_persistence_score_gt_70pct
2014-08-11,9172.91,212962550.0,0.13861215309413089,0.041357262950681095,0.05194147809818972,0.835318096666865,0.2613182752449072,0.7258288427156258,0.9833933248947108,-0.8961697304909305,0.2138364779874214,0.2138364779874214,0.07142857142857142,0.9,0.9958182015461547,margin_roc_persistence_score_gt_70pct
2014-08-12,9163.12,212410463.0,0.13126614221445254,0.03914519717757203,0.05302944797050646,0.6666810084795666,0.1994531932164095,0.7453139009556381,0.9833539829756692,-0.8955517915504807,0.21203953279424978,0.21203953279424978,0.06746031746031746,0.9,0.9958182015461547,margin_roc_persistence_score_gt_70pct
2014-08-13,9231.31,211884402.0,0.1342584685628907,0.040128854015026194,0.05151182825736411,0.727232974624539,0.22593332598329996,0.7128412404871515,0.9833393262585065,-0.8907606285323262,0.21174004192872117,0.21174004192872117,0.06746031746031746,0.875,0.9958182015461547,margin_roc_persistence_score_gt_70pct
2014-08-14,9230.61,211887641.0,0.14824149045082002,0.039407025386655414,0.050163465817306685,1.0368465711485568,0.20653726090920074,0.684322847403105,0.983289052566204,-0.8995978253390388,0.20964360587002095,0.20964360587002095,0.06746031746031746,0.85,0.9958182015461547,margin_roc_persistence_score_gt_70pct
2014-08-15,9206.81,211405301.0,0.16228669825243114,0.035817268477631004,0.04807303713905875,1.3528158783017141,0.1102385231664904,0.6416722146053327,0.9832261951949653,-0.9088134023321053,0.20754716981132076,0.20754716981132076,0.06349206349206349,0.825,0.9958182015461547,margin_roc_persistence_score_gt_70pct
2014-08-18,9141.31,210092809.0,0.15600549845909084,0.027125023876672705,0.03842158924797401,1.2065172287404775,-0.12327559365687846,0.4498646796643209,0.9828048234958152,-0.9770971455138728,0.1940700808625337,0.1940700808625337,0.051587301587301584,0.8,0.9958182015461547,margin_roc_persistence_score_gt_70pct
2014-08-19,9243.78,209030282.0,0.17663127184597016,0.04005382665432,0.03317606256229233,1.6722833670303365,0.22486323171979344,0.3426456448417944,0.983449463812079,-0.8520987291605079,0.21593291404612158,0.21593291404612158,0.09523809523809523,0.775,0.9958182015461547,margin_roc_persistence_score_gt_70pct
2014-08-20,9288.05,208078123.0,0.1751997246747592,0.048026385569629904,0.026306730888820518,1.6323783744709977,0.44053594553822256,0.20476908232432195,0.9831381172416168,-0.9037875347951341,0.20395327942497754,0.20395327942497754,0.06746031746031746,0.75,0.9958182015461547,margin_roc_persistence_score_gt_70pct
2014-08-21,9253.38,207753068.0,0.15866105203054737,0.03163452673075695,0.021487461830982157,1.244800563892975,-0.002043896010289405,0.10767624557272518,0.9828773909402028,-0.9480392372595607,0.19646600778676251,0.19646600778676251,0.05952380952380952,0.725,0.9958182015461547,margin_roc_persistence_score_gt_70pct
2014-08-27,9485.59,207726922.0,0.20067567824146448,0.03989164312393201,0.010931040599447162,2.1392597299868896,0.21028778085334202,-0.10112271189700124,0.9821795852019161,-1.0611648893578698,0.18268942797244683,0.18268942797244683,0.031746031746031744,0.625,0.9958182015461547,index_yoy_z_gt_2
2014-08-28,9478.37,209021339.0,0.21011024365955344,0.040550005489076835,0.013920906128838118,2.3232227260280385,0.2244599278054346,-0.03616333219820919,0.9821359801225105,-1.0667359687999882,0.18059299191374664,0.18059299191374664,0.023809523809523808,0.6,0.9958182015461547,index_yoy_z_gt_2
2014-08-29,9436.27,209431911.0,0.20755197469281006,0.0397051094600982,0.015232724405601195,2.224177638322511,0.1964782578186019,-0.00786496333246447,0.9820443795872461,-1.082053302690203,0.17909553758610364,0.17909553758610364,0.01984126984126984,0.575,0.9958182015461547,index_yoy_z_gt_2
2014-09-01,9513.06,209455033.0,0.20826691696376742,0.042703097289844116,0.013337798137365908,2.206360403212108,0.27408712049697176,-0.04552491243348725,0.9818651615697744,-1.1122354977390476,0.17729859239293203,0.17729859239293203,0.015873015873015872,0.55,0.9958182015461547,index_yoy_z_gt_2
2014-09-03,9450.35,209911999.0,0.2083548570230307,0.03387369922719441,0.006250201454251814,2.191665676511348,0.030878905077461577,-0.18972341292783526,0.981425136976744,-1.185866702620046,0.16891284815813118,0.16891284815813118,0.015873015873015872,0.5,0.9958182015461547,index_yoy_z_gt_2
2014-09-04,9428.89,210331795.0,0.20504080751072906,0.03223288514044631,0.006970133874035778,2.107702003784966,-0.009016968969153737,-0.17358569561611492,0.9812651546856677,-1.2107374895840028,0.16621743036837378,0.16621743036837378,0.011904761904761904,0.5,0.9958182015461547,index_yoy_z_gt_2
2014-12-08,9187.29,199549119.0,0.09283641991095348,-0.026230634133105446,-0.05408127312699729,-0.24356830427022957,-1.3190666344074158,-1.2837826193750383,0.9932234419919809,0.9042257617034721,0.7373465109314166,0.7373465109314166,0.9007936507936508,0.0,0.9958182015461547,margin_roc_autocorr_rank_252_gt_90pct
2014-12-09,9128.9,200186985.0,0.08488688126960131,-0.024441069888572087,-0.05563275334580242,-0.4282968077275354,-1.2695195630209881,-1.312439234602187,0.9933065373854346,0.9129964932247642,0.7433363282419886,0.7433363282419886,0.9007936507936508,0.0,0.9958182015461547,margin_roc_autocorr_rank_252_gt_90pct
2014-12-10,9032.16,201192934.0,0.07621164008555215,-0.031190771161488717,-0.05032771948267156,-0.6307504951339752,-1.433319903792481,-1.2065824943008343,0.9933084114366686,0.912740784175641,0.7436358191075172,0.7436358191075172,0.9007936507936508,0.0,0.9958182015461547,margin_roc_autocorr_rank_252_gt_90pct
2014-12-11,9013.07,201510268.0,0.07069018769303859,-0.022780646154580197,-0.049947069897051666,-0.7515025603728486,-1.2260782116803282,-1.1965634454770093,0.9933768140160223,0.9230994392055489,0.7469302186283319,0.7469302186283319,0.9007936507936508,0.0,0.9958182015461547,margin_roc_autocorr_rank_252_gt_90pct
2014-12-12,9027.33,201796789.0,0.07782065395186444,-0.020627157590051848,-0.04751123990021344,-0.5852765681498698,-1.1720675940340244,-1.144519477655122,0.9934041794889663,0.9255442959059109,0.7487271638215034,0.7487271638215034,0.9047619047619048,0.0,0.9958182015461547,margin_roc_autocorr_rank_252_gt_90pct
2014-12-15,8985.63,202850828.0,0.07384448810428657,-0.016179078984824957,-0.04234546026839725,-0.6731817524183853,-1.061613587219771,-1.0408117517675954,0.9934395220601552,0.9287117291390655,0.7502246181491464,0.7502246181491464,0.9047619047619048,0.0,0.9958182015461547,margin_roc_autocorr_rank_252_gt_90pct
2014-12-16,8950.91,203865420.0,0.059954148321653244,-0.02656394607168766,-0.03925056184392639,-0.9909106951041441,-1.3138342747676124,-0.9759463607507497,0.9935272232781024,0.940844102365228,0.7568134171907757,0.7568134171907757,0.9087301587301587,0.0,0.9958182015461547,margin_roc_autocorr_rank_252_gt_90pct
2014-12-17,8828.36,205280989.0,0.04559424591307537,-0.04424257580629276,-0.03554309151141488,-1.3115357960917806,-1.7405540139621585,-0.8981760745172614,0.9935262623822669,0.9391129353097284,0.756513926325247,0.756513926325247,0.9047619047619048,0.0,0.9958182015461547,margin_roc_autocorr_rank_252_gt_90pct
2014-12-18,8878.63,205443885.0,0.0527474664355323,-0.03915610170500372,-0.034812917168669744,-1.137818205401954,-1.6060686009138128,-0.8820502270046352,0.9936035832924478,0.9495650263277817,0.7607067984426475,0.7607067984426475,0.9126984126984127,0.0,0.9958182015461547,margin_roc_autocorr_rank_252_gt_90pct
2014-12-23,9097.71,203347139.0,0.09428100270992901,-8.572851099475365e-05,-0.05442981752884579,-0.1834029977083184,-0.6531593931698901,-1.258232947348481,0.9936093627160276,0.9359335436894385,0.7616052710392333,0.7616052710392333,0.9126984126984127,0.0,0.9958182015461547,margin_roc_autocorr_rank_252_gt_90pct
2014-12-24,9186.18,203836872.0,0.0997554151656963,0.019373939560055398,-0.04956822113201487,-0.05395428846497812,-0.1753715063565753,-1.1556011154479378,0.9936254116010486,0.9360552144432138,0.7628032345013477,0.7628032345013477,0.9126984126984127,0.0,0.9958182015461547,margin_roc_autocorr_rank_252_gt_90pct
2014-12-25,9158.7,204293949.0,0.09697641884575958,0.018785693150697336,-0.044135919270391066,-0.1169802957419033,-0.1832656318434243,-1.0436078043605719,0.9936212570894741,0.9350986689399858,0.7622042527702905,0.7622042527702905,0.9087301587301587,0.0,0.9958182015461547,margin_roc_autocorr_rank_252_gt_90pct
2014-12-26,9214.07,204331717.0,0.09594761757499337,0.02826880755650185,-0.04668330200356863,-0.13887346773657328,0.04234906760462408,-1.0824364574940304,0.993642947317562,0.9375973968265567,0.7643006888289907,0.7643006888289907,0.9126984126984127,0.0,0.9958182015461547,margin_roc_autocorr_rank_252_gt_90pct
2014-12-27,9218.5,204454046.0,0.09632718204014257,0.028056456397514307,-0.04385086729451415,-0.12776185089854508,0.03503197778457834,-1.0168783956824914,0.993636819841886,0.9348226499659407,0.7634022162324049,0.7634022162324049,0.9087301587301587,0.0,0.9958182015461547,margin_roc_autocorr_rank_252_gt_90pct
2014-12-29,9286.28,203765534.0,0.09812853132398214,0.03292674516643568,-0.04707637986535118,-0.08522980906166837,0.15231840990987083,-1.0715568331851812,0.9938229662311514,0.9638838631525548,0.7735849056603774,0.7735849056603774,0.9206349206349206,0.0,0.9958182015461547,margin_roc_autocorr_rank_252_gt_90pct
2014-12-30,9268.43,204084260.0,0.09679202034438239,0.03267228883176854,-0.04707677712292391,-0.11640444847051187,0.14554642330403295,-1.0672416439106116,0.9938132200636207,0.9607547920750587,0.772386942198263,0.772386942198263,0.9126984126984127,0.0,0.9958182015461547,margin_roc_autocorr_rank_252_gt_90pct
2014-12-31,9307.26,203961709.0,0.09914074088070524,0.022070483226959814,-0.04567960232853352,-0.06050197452416252,-0.11425026368653411,-1.0400168099865426,0.9937953993064568,0.9570742607438363,0.7711889787361486,0.7711889787361486,0.9087301587301587,0.0,0.9958182015461547,margin_roc_autocorr_rank_252_gt_90pct
2015-01-05,9274.11,205346257.0,0.09288595539183286,0.019677542071919962,-0.042742644013242015,-0.20767203150413663,-0.1715470026416794,-0.9830287475147264,0.9937789064139999,0.9512176004669683,0.7696915244085055,0.7696915244085055,0.9047619047619048,0.0,0.9958182015461547,margin_roc_autocorr_rank_252_gt_90pct
2015-04-15,9540.06,216533238.0,0.07476195411674036,0.028676606164904195,0.05447862144377913,-0.7479212394100726,-0.057099281840229284,0.768171297160346,0.9932426259062876,0.6257441842619255,0.7388439652590596,0.7388439652590596,0.9007936507936508,0.5,0.9958182015461547,margin_roc_autocorr_rank_252_gt_90pct
2015-04-21,9533.98,214448358.0,0.07026565858970257,0.03455018566384305,0.034408785197614256,-0.864744291656297,0.07898546927211118,0.3917711303196897,0.9932896616713823,0.6311475922913734,0.7418388739143457,0.7418388739143457,0.9007936507936508,0.5,0.9958182015461547,margin_roc_autocorr_rank_252_gt_90pct
2015-04-22,9613.0,214119874.0,0.08530475014168903,0.04736171186385296,0.030246415677892324,-0.4509999711867363,0.39953722925847646,0.3114973773485869,0.9935427443262794,0.6743110171341117,0.7571129080563043,0.7571129080563043,0.9563492063492064,0.5,0.9958182015461547,margin_roc_autocorr_rank_252_gt_90pct
2015-04-23,9797.49,214827740.0,0.09877858537509909,0.06127624081977512,0.029771731531471834,-0.07770060458429136,0.7469807997951098,0.30257397130081104,0.9938736642476101,0.7260232140169154,0.7765798143156634,0.7765798143156634,1.0,0.5,0.9958182015461547,margin_roc_autocorr_rank_252_gt_90pct
2015-04-24,9913.28,213699444.0,0.11087852511592589,0.07985094055377706,0.018291100287029183,0.25379884416152654,1.210053384958903,0.08153347204340469,0.9938301843030041,0.7106931659989657,0.773884396525906,0.773884396525906,0.996031746031746,0.5,0.9958182015461547,margin_roc_autocorr_rank_252_gt_90pct
2015-04-27,9973.12,215255619.0,0.11504266471082825,0.08816389146205883,0.02279610215999539,0.36788264686018823,1.4159092932963746,0.1665163122658144,0.9938133370172616,0.7056239712538769,0.7726864330637916,0.7726864330637916,0.9880952380952381,0.5,0.9958182015461547,margin_roc_autocorr_rank_252_gt_90pct
2015-04-28,9956.83,216736397.0,0.11042796314346703,0.08957255679125953,0.028238764710702968,0.2402056826057843,1.44864354807444,0.26989137805029684,0.9937456388798247,0.6930351026987829,0.7681940700808625,0.7681940700808625,0.9722222222222222,0.5,0.9958182015461547,margin_roc_autocorr_rank_252_gt_90pct
2015-04-29,9853.83,216747449.0,0.10084022347866584,0.07409696470265081,0.03617608404691164,-0.02399047735360131,1.0589938300458415,0.42144805820601833,0.9936369402956866,0.674018314616765,0.7637017070979335,0.7637017070979335,0.9642857142857143,0.5,0.9958182015461547,margin_roc_autocorr_rank_252_gt_90pct
2015-04-30,9820.05,216869913.0,0.09419134434427412,0.06143310033085836,0.03674046773119266,-0.20732676441665496,0.740221240214106,0.43129245079948686,0.9936636038455029,0.67857144325573,0.7648996705600479,0.7648996705600479,0.9682539682539683,0.5,0.9958182015461547,margin_roc_autocorr_rank_252_gt_90pct
2015-05-04,9845.04,216114850.0,0.09915462011495024,0.056367633756844615,0.036649617486506525,-0.06761184835184189,0.6165181639155257,0.4277839033576618,0.9936417017168604,0.6715617861218096,0.7640011979634621,0.7640011979634621,0.9603174603174603,0.5,0.9958182015461547,margin_roc_autocorr_rank_252_gt_90pct
2015-05-05,9820.13,214512595.0,0.09777931797729544,0.04809429735386361,0.03058700648488455,-0.1035928961931176,0.4109273346133057,0.30783285714205677,0.9940008426434137,0.7311128225312931,0.7837675950883498,0.7837675950883498,1.0,0.5,0.9958182015461547,margin_roc_autocorr_rank_252_gt_90pct
2015-05-06,9818.2,214738698.0,0.11899540922622442,0.036665843094771944,0.0341870234401398,0.4836999938481986,0.12693242925413817,0.378115504974059,0.993886422122796,0.7102639351264074,0.778376759508835,0.778376759508835,0.996031746031746,0.5,0.9958182015461547,margin_roc_autocorr_rank_252_gt_90pct
2015-05-07,9704.11,214178760.0,0.10152434075582528,0.02389194812649098,0.02993826869740812,0.0,-0.18775929175750947,0.2951676363891491,0.9937700715971506,0.6870965488088366,0.7693920335429769,0.7693920335429769,0.9642857142857143,0.5,0.9958182015461547,margin_roc_autocorr_rank_252_gt_90pct
2015-05-08,9692.0,213048695.0,0.09241206432291738,0.017897220947341808,0.02290204566154186,-0.25354930800517117,-0.3356601967717005,0.15780039844453014,0.9935541465266567,0.6500236955622962,0.7580113806528901,0.7580113806528901,0.9166666666666666,0.5,0.9958182015461547,margin_roc_autocorr_rank_252_gt_90pct
2015-07-14,9041.76,181451319.0,-0.050856424839626935,-0.06463132544079986,-0.15038838089241524,-3.0,-2.410483611433137,-3.0,0.9937480115011909,0.7015383180109547,0.7684935609463911,0.7684935609463911,0.9603174603174603,0.0,0.9958182015461547,margin_roc_autocorr_rank_252_gt_90pct
2015-07-15,9054.2,181689852.0,-0.047933501926908706,-0.06098388130534238,-0.1533815579904726,-3.0,-2.3174734633079135,-3.0,0.9940323671882052,0.7515040704199909,0.7864630128781073,0.7864630128781073,1.0,0.0,0.9958182015461547,margin_roc_autocorr_rank_252_gt_90pct
2015-07-16,9042.21,181498427.0,-0.05020797882397443,-0.0521852063823498,-0.16179876735598442,-3.0,-2.0877506180184366,-3.0,0.9944098610013852,0.8173017554538399,0.8119197364480384,0.8119197364480384,1.0,0.0,0.9958182015461547,margin_roc_autocorr_rank_252_gt_90pct
2015-07-17,9045.98,181155334.0,-0.050886687413046694,-0.06325962760190429,-0.16069315076929158,-3.0,-2.3567118570166246,-3.0,0.9946716916570995,0.8628665634714222,0.8307876609763403,0.8307876609763403,1.0,0.0,0.9958182015461547,margin_roc_autocorr_rank_252_gt_90pct
2015-07-20,8975.0,179686565.0,-0.054265657040373116,-0.06226458661801937,-0.1685667901505935,-3.0,-2.3290503284806854,-3.0,0.9948992716637591,0.9031026231636775,0.8484576220425277,0.8484576220425277,1.0,0.0,0.9958182015461547,margin_roc_autocorr_rank_252_gt_90pct
2015-07-21,9005.96,178483475.0,-0.05845823157472163,-0.05724888384094806,-0.17276536018125277,-3.0,-2.203500629852059,-3.0,0.9953816036756252,0.9861074475551036,0.8808026355196167,0.8808026355196167,1.0,0.0,0.9958182015461547,margin_roc_autocorr_rank_252_gt_90pct
2015-07-22,8918.7,178231920.0,-0.060778193398372315,-0.06453548255817598,-0.16888186199122124,-3.0,-2.3827733122151757,-3.0,0.9955622472587599,1.0141804747993395,0.8885893980233602,0.8885893980233602,1.0,0.0,0.9958182015461547,margin_roc_autocorr_rank_252_gt_90pct
2015-07-23,8791.12,175852769.0,-0.07659212419776673,-0.08549672318735035,-0.17871813711229811,-3.0,-2.901135876690981,-3.0,0.995856011675545,1.0647822281551964,0.9029649595687331,0.9029649595687331,1.0,0.0,0.9958182015461547,margin_roc_autocorr_full_sample_percentile_gt_90pct;margin_roc_autocorr_rank_252_gt_90pct
2015-07-24,8767.86,174612548.0,-0.08373871506097175,-0.1050912019302902,-0.18719738894055304,-3.0,-3.0,-3.0,0.9962277969865659,1.130487377923639,0.9197364480383349,0.9197364480383349,1.0,0.0,0.9958182015461547,margin_roc_autocorr_full_sample_percentile_gt_90pct;margin_roc_autocorr_rank_252_gt_90pct
2015-07-27,8556.68,168622116.0,-0.09784674945939409,-0.13684673488492205,-0.21093797511237322,-3.0,-3.0,-3.0,0.9962778553667844,1.1378494265472234,0.9215333932315064,0.9215333932315064,1.0,0.0,0.9958182015461547,margin_roc_autocorr_full_sample_percentile_gt_90pct;margin_roc_autocorr_rank_252_gt_90pct
2015-07-28,8582.49,165463751.0,-0.08776880691819089,-0.13943780883013546,-0.23131506732003126,-3.0,-3.0,-3.0,0.9963898586234227,1.1550810091728856,0.9266247379454927,0.9266247379454927,1.0,0.0,0.9958182015461547,margin_roc_autocorr_full_sample_percentile_gt_90pct;margin_roc_autocorr_rank_252_gt_90pct
2015-07-29,8563.48,164553279.0,-0.08908548798687799,-0.1399391171688178,-0.2407676731841214,-3.0,-3.0,-3.0,0.9966229823466385,1.1954082240166337,0.9329140461215933,0.9329140461215933,1.0,0.0,0.9958182015461547,margin_roc_autocorr_full_sample_percentile_gt_90pct;margin_roc_autocorr_rank_252_gt_90pct
2015-07-30,8651.49,163607591.0,-0.08362276333893648,-0.1220175302395109,-0.24516947371316,-3.0,-3.0,-3.0,0.996811670148977,1.2277953034958704,0.9445941898772088,0.9445941898772088,1.0,0.0,0.9958182015461547,margin_roc_autocorr_full_sample_percentile_gt_90pct;margin_roc_autocorr_rank_252_gt_90pct
2015-07-31,8665.34,162962723.0,-0.08779749372589318,-0.11758697766304649,-0.24856924252097612,-3.0,-3.0,-3.0,0.9969758317635116,1.255098374736283,0.9508834980533094,0.9508834980533094,1.0,0.0,0.9958182015461547,margin_roc_autocorr_full_sample_percentile_gt_90pct;margin_roc_autocorr_rank_252_gt_90pct
2015-08-03,8524.41,162112410.0,-0.10528740892192534,-0.1341416591501915,-0.24987843269446774,-3.0,-3.0,-3.0,0.9971102838822413,1.2782546072713696,0.9553758610362384,0.9553758610362384,1.0,0.0,0.9958182015461547,margin_roc_autocorr_full_sample_percentile_gt_90pct;margin_roc_autocorr_rank_252_gt_90pct
2015-08-04,8510.86,157595260.0,-0.09835803328428305,-0.1333251189139043,-0.26533330129170274,-3.0,-3.0,-3.0,0.9973258759276419,1.315564860663864,0.9655585504642108,0.9655585504642108,1.0,0.0,0.9958182015461547,margin_roc_autocorr_full_sample_percentile_gt_90pct;margin_roc_autocorr_rank_252_gt_90pct
2015-08-05,8542.27,156423419.0,-0.0931946098694505,-0.12995559267482837,-0.2715639032141286,-3.0,-3.0,-3.0,0.997505731287938,1.3440463585851383,0.9736448038334831,0.9736448038334831,1.0,0.0,0.9958182015461547,margin_roc_autocorr_full_sample_percentile_gt_90pct;margin_roc_autocorr_rank_252_gt_90pct
2015-08-06,8449.56,154879437.0,-0.10033347955893812,-0.12928027402822118,-0.27686836453810826,-3.0,-3.0,-3.0,0.9976461747400467,1.3662008293634544,0.9793351302785265,0.9793351302785265,1.0,0.0,0.9958182015461547,margin_roc_autocorr_full_sample_percentile_gt_90pct;margin_roc_autocorr_rank_252_gt_90pct
2015-08-07,8442.29,153749158.0,-0.10635417306198136,-0.12894242674370604,-0.27833794992266914,-3.0,-3.0,-3.0,0.9977360885120822,1.3790172148382045,0.9832285115303984,0.9832285115303984,1.0,0.0,0.9958182015461547,margin_roc_autocorr_full_sample_percentile_gt_90pct;margin_roc_autocorr_rank_252_gt_90pct
2015-08-10,8466.84,153645358.0,-0.09113607453962869,-0.1238529262023319,-0.2658787822844456,-3.0,-3.0,-3.0,0.9976740690645246,1.3635951871467833,0.9808325846061695,0.9808325846061695,0.996031746031746,0.0,0.9958182015461547,margin_roc_autocorr_full_sample_percentile_gt_90pct;margin_roc_autocorr_rank_252_gt_90pct
2015-08-11,8394.14,153587845.0,-0.0941422390954092,-0.13290216750183093,-0.2603488800140853,-3.0,-3.0,-3.0,0.9976990324946041,1.3627799562679812,0.9823300389338125,0.9823300389338125,0.996031746031746,0.0,0.9958182015461547,margin_roc_autocorr_full_sample_percentile_gt_90pct;margin_roc_autocorr_rank_252_gt_90pct
2015-08-12,8283.38,153449724.0,-0.112196000295814,-0.14816060287265376,-0.2582722908537626,-3.0,-3.0,-3.0,0.9977463944358123,1.3664822755833537,0.983528002395927,0.983528002395927,1.0,0.0,0.9958182015461547,margin_roc_autocorr_full_sample_percentile_gt_90pct;margin_roc_autocorr_rank_252_gt_90pct
2015-08-13,8311.74,153145431.0,-0.09076250568838173,-0.13516938703525083,-0.2608538809898123,-3.0,-3.0,-3.0,0.9978231092715163,1.3785854493865146,0.9877208745133274,0.9877208745133274,1.0,0.0,0.9958182015461547,margin_roc_autocorr_full_sample_percentile_gt_90pct;margin_roc_autocorr_rank_252_gt_90pct
2015-08-14,8305.64,152893584.0,-0.09168118443083251,-0.1329759026585995,-0.2591912483567491,-3.0,-3.0,-3.0,0.9978673328174114,1.3849933033784079,0.9922132374962563,0.9922132374962563,1.0,0.0,0.9958182015461547,margin_roc_autocorr_full_sample_percentile_gt_90pct;margin_roc_autocorr_rank_252_gt_90pct
2015-08-17,8213.42,152661784.0,-0.1005339793066592,-0.14497871144377017,-0.25281903346531875,-3.0,-3.0,-3.0,0.9978792025952686,1.3858343755867617,0.9934112009583708,0.9934112009583708,1.0,0.0,0.9958182015461547,margin_roc_autocorr_full_sample_percentile_gt_90pct;margin_roc_autocorr_rank_252_gt_90pct
2015-08-18,8177.22,152004626.0,-0.10001584862799295,-0.1584425688783413,-0.2523886574383577,-3.0,-3.0,-3.0,0.9979220452028925,1.3922673012125324,0.994010182689428,0.994010182689428,1.0,0.0,0.9958182015461547,margin_roc_autocorr_full_sample_percentile_gt_90pct;margin_roc_autocorr_rank_252_gt_90pct
2015-08-19,8021.84,150284197.0,-0.12548580548593624,-0.17175185925902214,-0.2638184119016801,-3.0,-3.0,-3.0,0.9979582081182813,1.3976584105984513,0.9949086552860138,0.9949086552860138,1.0,0.0,0.9958182015461547,margin_roc_autocorr_full_sample_percentile_gt_90pct;margin_roc_autocorr_rank_252_gt_90pct
2015-08-20,8029.81,149519450.0,-0.12368167174499523,-0.16168923094911958,-0.27165771644758996,-3.0,-3.0,-3.0,0.9980135530955313,1.407170792658597,0.9952081461515424,0.9952081461515424,1.0,0.0,0.9958182015461547,margin_roc_autocorr_full_sample_percentile_gt_90pct;margin_roc_autocorr_rank_252_gt_90pct
2015-08-21,7786.92,145562668.0,-0.15646641700907016,-0.1921276507449059,-0.28750439635895375,-3.0,-3.0,-3.0,0.9980330822806013,1.4103474286231203,0.995507637017071,0.995507637017071,1.0,0.0,0.9958182015461547,margin_roc_autocorr_full_sample_percentile_gt_90pct;margin_roc_autocorr_rank_252_gt_90pct
2015-08-24,7410.34,132524780.0,-0.19719931835490834,-0.23170457337714112,-0.3534330408486095,-3.0,-3.0,-3.0,0.9970800452593027,1.242118116362971,0.9538784067085954,0.9538784067085954,0.9404761904761905,0.0,0.9958182015461547,margin_roc_autocorr_full_sample_percentile_gt_90pct;margin_roc_autocorr_rank_252_gt_90pct
2015-08-25,7675.64,127782640.0,-0.16630841735628288,-0.20619355265729755,-0.37466751147284993,-3.0,-3.0,-3.0,0.9972371511855932,1.2670486018180298,0.9613656783468104,0.9613656783468104,0.9444444444444444,0.0,0.9958182015461547,margin_roc_autocorr_full_sample_percentile_gt_90pct;margin_roc_autocorr_rank_252_gt_90pct
2015-08-26,7715.59,127789806.0,-0.15596451712063142,-0.20404826307004464,-0.3753914055652715,-3.0,-3.0,-3.0,0.997363756511451,1.2823433475458104,0.967654986522911,0.967654986522911,0.9484126984126984,0.0,0.9958182015461547,margin_roc_autocorr_full_sample_percentile_gt_90pct;margin_roc_autocorr_rank_252_gt_90pct
2015-08-27,7824.55,127209128.0,-0.1535335111826548,-0.19441172715704158,-0.3770132341494645,-3.0,-3.0,-3.0,0.9975105051156007,1.3028147932115675,0.9739442946990117,0.9739442946990117,0.9523809523809523,0.0,0.9958182015461547,margin_roc_autocorr_full_sample_percentile_gt_90pct;margin_roc_autocorr_rank_252_gt_90pct
2015-08-28,8019.18,126159988.0,-0.13661317499367454,-0.17337159715371597,-0.3812881429079362,-3.0,-3.0,-3.0,0.9976166172031349,1.319733396067874,0.978137166816412,0.978137166816412,0.9523809523809523,0.0,0.9958182015461547,margin_roc_autocorr_full_sample_percentile_gt_90pct;margin_roc_autocorr_rank_252_gt_90pct
2015-08-31,8174.92,126287458.0,-0.1165476831168718,-0.15071854589125566,-0.37973290168802887,-3.0,-3.0,-3.0,0.9976842713082958,1.330272226430846,0.9814315663372267,0.9814315663372267,0.9603174603174603,0.0,0.9958182015461547,margin_roc_autocorr_full_sample_percentile_gt_90pct;margin_roc_autocorr_rank_252_gt_90pct
2015-09-01,8017.56,126795141.0,-0.14525857933284292,-0.1660762242751912,-0.3767443697473002,-3.0,-3.0,-3.0,0.997733970283519,1.3359119127461996,0.9829290206648698,0.9829290206648698,0.9642857142857143,0.0,0.9958182015461547,margin_roc_autocorr_full_sample_percentile_gt_90pct;margin_roc_autocorr_rank_252_gt_90pct
2015-09-02,8035.29,127368848.0,-0.144328063535741,-0.1591824220532161,-0.3724195039434136,-3.0,-3.0,-3.0,0.9977718470683936,1.3356248038032028,0.9850254567235699,0.9850254567235699,0.9722222222222222,0.0,0.9958182015461547,margin_roc_autocorr_full_sample_percentile_gt_90pct;margin_roc_autocorr_rank_252_gt_90pct
2015-09-03,8095.95,126856693.0,-0.13817495497106647,-0.13399610424201192,-0.37000632885514817,-3.0,-3.0,-3.0,0.9978358171763152,1.3422578865765555,0.9892183288409704,0.9892183288409704,0.9761904761904762,0.0,0.9958182015461547,margin_roc_autocorr_full_sample_percentile_gt_90pct;margin_roc_autocorr_rank_252_gt_90pct
2015-09-04,8000.6,127158877.0,-0.1565522018134876,-0.14341663338732957,-0.36203578706808126,-3.0,-3.0,-3.0,0.9978520995893899,1.3441528729305565,0.9901168014375562,0.9901168014375562,0.9761904761904762,0.0,0.9958182015461547,margin_roc_autocorr_full_sample_percentile_gt_90pct;margin_roc_autocorr_rank_252_gt_90pct
2015-09-07,7986.56,127649704.0,-0.1573909860028676,-0.14750283665459418,-0.35370051765392263,-3.0,-3.0,-3.0,0.997871347492605,1.3440616895263404,0.9928122192273136,0.9928122192273136,0.9801587301587301,0.0,0.9958182015461547,margin_roc_autocorr_full_sample_percentile_gt_90pct;margin_roc_autocorr_rank_252_gt_90pct
2015-09-08,8001.5,128177635.0,-0.152048425914053,-0.12950248426054767,-0.33285156499447655,-3.0,-3.0,-3.0,0.9977662915929023,1.32262525178437,0.9844264749925127,0.9844264749925127,0.9563492063492064,0.0,0.9958182015461547,margin_roc_autocorr_full_sample_percentile_gt_90pct;margin_roc_autocorr_rank_252_gt_90pct
2015-09-09,8286.92,125920079.0,-0.12889017834429717,-0.10878958971877184,-0.33905030490642196,-3.0,-3.0,-3.0,0.9977934828460245,1.3249460488269496,0.9859239293201557,0.9859239293201557,0.9603174603174603,0.0,0.9958182015461547,margin_roc_autocorr_full_sample_percentile_gt_90pct;margin_roc_autocorr_rank_252_gt_90pct
2015-09-10,8268.68,126969668.0,-0.1203269884634861,-0.11113261073110525,-0.3330267184826643,-3.0,-3.0,-3.0,0.9978028833597892,1.3240737536674116,0.9868224019167415,0.9868224019167415,0.9603174603174603,0.0,0.9958182015461547,margin_roc_autocorr_full_sample_percentile_gt_90pct;margin_roc_autocorr_rank_252_gt_90pct
2015-09-11,8305.82,127159200.0,-0.12110980016613149,-0.10708637884826055,-0.33044766537042325,-3.0,-3.0,-3.0,0.9978277357587925,1.3270119125852828,0.9889188379754418,0.9889188379754418,0.9642857142857143,0.0,0.9958182015461547,margin_roc_autocorr_full_sample_percentile_gt_90pct;margin_roc_autocorr_rank_252_gt_90pct
2015-09-14,8307.29,127316067.0,-0.1189535565692249,-0.10283406843580833,-0.327896327751651,-3.0,-3.0,-3.0,0.9978375622828769,1.3275355099348705,0.989517819706499,0.989517819706499,0.9682539682539683,0.0,0.9958182015461547,margin_roc_autocorr_full_sample_percentile_gt_90pct;margin_roc_autocorr_rank_252_gt_90pct
2015-09-15,8259.99,127699363.0,-0.12201927308209881,-0.10342046591799658,-0.32481323577384036,-3.0,-3.0,-3.0,0.9978449389252984,1.32873944412876,0.9898173105720276,0.9898173105720276,0.9682539682539683,0.0,0.9958182015461547,margin_roc_autocorr_full_sample_percentile_gt_90pct;margin_roc_autocorr_rank_252_gt_90pct
2015-09-16,8333.29,127880495.0,-0.11674688413178058,-0.09320520618988593,-0.325446733013974,-3.0,-2.85531978641398,-3.0,0.9978570464317341,1.3297107156980492,0.9913147648996705,0.9913147648996705,0.9722222222222222,0.0,0.9958182015461547,margin_roc_autocorr_full_sample_percentile_gt_90pct;margin_roc_autocorr_rank_252_gt_90pct
2015-09-17,8445.5,126768050.0,-0.09747253839388481,-0.08384020168424577,-0.33079140663190265,-3.0,-2.634707362922987,-3.0,0.9978703551656488,1.330572589871667,0.992512728361785,0.992512728361785,0.9761904761904762,0.0,0.9958182015461547,margin_roc_autocorr_full_sample_percentile_gt_90pct;margin_roc_autocorr_rank_252_gt_90pct
2015-09-18,8462.14,127387776.0,-0.09233236261054723,-0.09416095664954294,-0.3238725175705852,-3.0,-2.8737519283869952,-3.0,0.9978634466976907,1.3275165560715532,0.9919137466307277,0.9919137466307277,0.9682539682539683,0.0,0.9958182015461547,margin_roc_autocorr_full_sample_percentile_gt_90pct;margin_roc_autocorr_rank_252_gt_90pct
2015-09-21,8307.04,128621052.0,-0.09933016595143973,-0.11543859424947334,-0.3168872731308352,-3.0,-3.0,-3.0,0.9978525312858835,1.3235360502027682,0.9907157831686133,0.9907157831686133,0.9603174603174603,0.0,0.9958182015461547,margin_roc_autocorr_full_sample_percentile_gt_90pct;margin_roc_autocorr_rank_252_gt_90pct
2015-09-22,8365.92,128633066.0,-0.09238336808621883,-0.10975374867914323,-0.31645909829760865,-3.0,-3.0,-3.0,0.9978546179858214,1.319782560341115,0.9910152740341419,0.9910152740341419,0.9603174603174603,0.0,0.9958182015461547,margin_roc_autocorr_full_sample_percentile_gt_90pct;margin_roc_autocorr_rank_252_gt_90pct
2015-09-23,8193.42,129944201.0,-0.10291676703089758,-0.1353813814194088,-0.3062914195069415,-3.0,-3.0,-3.0,0.99782369257987,1.3097174879143145,0.9883198562443846,0.9883198562443846,0.9325396825396826,0.0,0.9958182015461547,margin_roc_autocorr_full_sample_percentile_gt_90pct;margin_roc_autocorr_rank_252_gt_90pct
2015-09-24,8123.1,129779461.0,-0.1165905578689681,-0.14155456709963565,-0.30740891001805104,-3.0,-3.0,-3.0,0.9978235290245637,1.308255130931976,0.988020365378856,0.988020365378856,0.9285714285714286,0.0,0.9958182015461547,margin_roc_autocorr_full_sample_percentile_gt_90pct;margin_roc_autocorr_rank_252_gt_90pct
2015-09-25,8132.35,130473971.0,-0.11959255301758254,-0.1195039031625903,-0.29886417841726187,-3.0,-3.0,-3.0,0.9978017908332972,1.3040170323360343,0.9865229110512129,0.9865229110512129,0.9166666666666666,0.0,0.9958182015461547,margin_roc_autocorr_full_sample_percentile_gt_90pct;margin_roc_autocorr_rank_252_gt_90pct
2015-09-30,8181.24,130832901.0,-0.11462753437332607,-0.12246889956258811,-0.2974380389316913,-3.0,-3.0,-3.0,0.9978188471075108,1.3055859916409671,0.9874213836477987,0.9874213836477987,0.9206349206349206,0.0,0.9958182015461547,margin_roc_autocorr_full_sample_percentile_gt_90pct;margin_roc_autocorr_rank_252_gt_90pct
2015-10-01,8295.94,130744496.0,-0.09181632574866028,-0.1151214423539475,-0.2972008327706358,-3.0,-3.0,-3.0,0.9978098419157956,1.3027563444839407,0.9871218927822701,0.9871218927822701,0.9166666666666666,0.0,0.9958182015461547,margin_roc_autocorr_full_sample_percentile_gt_90pct;margin_roc_autocorr_rank_252_gt_90pct
2015-10-02,8305.03,130816367.0,-0.08584244185406542,-0.11453060162657092,-0.30075655890469377,-3.0,-3.0,-3.0,0.9977987662509499,1.2999797044547625,0.9862234201856843,0.9862234201856843,0.9047619047619048,0.0,0.9958182015461547,margin_roc_autocorr_full_sample_percentile_gt_90pct;margin_roc_autocorr_rank_252_gt_90pct
2015-10-05,8352.36,132065681.0,-0.08200591526725853,-0.10748506929194934,-0.2979401985817727,-3.0,-3.0,-3.0,0.9977809939819726,1.2962082836737183,0.9853249475890985,0.9853249475890985,0.8968253968253969,0.0,0.9958182015461547,margin_roc_autocorr_full_sample_percentile_gt_90pct
2015-10-06,8394.1,132075546.0,-0.0685217592012064,-0.09311405840128939,-0.2981706270633937,-3.0,-2.8105665713920396,-3.0,0.9977665391258687,1.2922168169007635,0.9847259658580413,0.9847259658580413,0.8888888888888888,0.0,0.9958182015461547,margin_roc_autocorr_full_sample_percentile_gt_90pct
2015-10-07,8495.23,132617150.0,-0.05501667441617297,-0.0816126423759157,-0.29362508022124334,-3.0,-2.5417499811430373,-3.0,0.9977520235533597,1.2879418775479683,0.9841269841269841,0.9841269841269841,0.8809523809523809,0.0,0.9958182015461547,margin_roc_autocorr_full_sample_percentile_gt_90pct
2015-10-08,8445.96,133018683.0,-0.057450484110722844,-0.059062333237895004,-0.2801551419024054,-3.0,-2.017864019141975,-3.0,0.997683027980081,1.2748242312835945,0.9811320754716981,0.9811320754716981,0.8571428571428571,0.0,0.9958182015461547,margin_roc_autocorr_full_sample_percentile_gt_90pct
2015-10-12,8573.72,132918816.0,-0.04385006222872523,-0.03818768629131497,-0.2733797041696443,-3.0,-1.5343419843642898,-3.0,0.9976476198343155,1.2648604893457518,0.9796346211440551,0.9796346211440551,0.8492063492063492,0.0,0.9958182015461547,margin_roc_autocorr_full_sample_percentile_gt_90pct
2015-10-13,8567.92,134216813.0,-0.04697750676843604,-0.051583365803549275,-0.2624306845880666,-3.0,-1.8397388498241376,-3.0,0.9975842823221418,1.2499814188226528,0.9766397124887691,0.9766397124887691,0.8373015873015873,0.0,0.9958182015461547,margin_roc_autocorr_full_sample_percentile_gt_90pct
2015-10-14,8522.51,135027710.0,-0.05043681526519217,-0.057427978623630804,-0.2558460817802046,-3.0,-1.9673003773971327,-3.0,0.9975544928222776,1.2407598115396268,0.9751422581611261,0.9751422581611261,0.8333333333333334,0.0,0.9958182015461547,margin_roc_autocorr_full_sample_percentile_gt_90pct
2015-10-15,8601.52,135140314.0,-0.05542987916031572,-0.04999668662057388,-0.25620329086954174,-3.0,-1.7909155933745948,-3.0,0.9975233039919161,1.2309542003889462,0.9745432764300689,0.9745432764300689,0.8293650793650794,0.0,0.9958182015461547,margin_roc_autocorr_full_sample_percentile_gt_90pct
2015-10-16,8604.95,135404819.0,-0.05389581688682077,-0.04835764707964074,-0.25396147372671174,-3.0,-1.750952024387763,-3.0,0.997490812727195,1.2236938611259103,0.9730458221024259,0.9730458221024259,0.8174603174603174,0.0,0.9958182015461547,margin_roc_autocorr_full_sample_percentile_gt_90pct
2015-10-19,8631.5,135730032.0,-0.04527359827272104,-0.04581924788690661,-0.2507533231121972,-3.0,-1.6904786883872869,-3.0,0.9974452478612622,1.2143531433726102,0.9712488769092543,0.9712488769092543,0.8134920634920635,0.0,0.9958182015461547,margin_roc_autocorr_full_sample_percentile_gt_90pct
2015-10-20,8653.6,136906487.0,-0.03367659834866521,-0.035810584958217206,-0.238081672939766,-2.8427105712649046,-1.4553822750297811,-3.0,0.9973681930725122,1.1997001199478363,0.9679544773884396,0.9679544773884396,0.8095238095238095,0.0,0.9958182015461547,margin_roc_autocorr_full_sample_percentile_gt_90pct
2015-10-21,8609.23,136819087.0,-0.039838553539643495,-0.04405193893821424,-0.233435549145376,-2.9728443901060895,-1.6420438743628452,-3.0,0.9973154225653967,1.1900306569101295,0.9643605870020965,0.9643605870020965,0.7976190476190477,0.0,0.9958182015461547,margin_roc_autocorr_full_sample_percentile_gt_90pct
2015-10-22,8608.46,137695284.0,-0.011815565598601419,-0.03478533867043421,-0.2274375768380883,-2.33915718527827,-1.4249599335109395,-3.0,0.9972526749289093,1.177366649391405,0.9622641509433962,0.9622641509433962,0.7936507936507936,0.0,0.9958182015461547,margin_roc_autocorr_full_sample_percentile_gt_90pct
2015-10-23,8673.81,137541474.0,-0.010786472773222866,-0.013344147275887619,-0.21786006110600398,-2.300454211029895,-0.9257991673051148,-3.0,0.997173520810337,1.1610710036461216,0.9580712788259959,0.9580712788259959,0.7857142857142857,0.0,0.9958182015461547,margin_roc_autocorr_full_sample_percentile_gt_90pct
2015-10-26,8745.36,137376591.0,0.010380670809692294,-0.002566190609795349,-0.21324903293891573,-1.8185286754761318,-0.6710951966584316,-3.0,0.9971243095122999,1.1486433633941355,0.9559748427672956,0.9559748427672956,0.7817460317460317,0.0,0.9958182015461547,margin_roc_autocorr_full_sample_percentile_gt_90pct
2015-10-27,8701.32,139214181.0,0.007833267119852438,0.01690375238994557,-0.17440141125971875,-1.8640765782518625,-0.2131575877283836,-3.0,0.9966841370561078,1.069347662852765,0.9359089547768793,0.9359089547768793,0.7619047619047619,0.0,0.9958182015461547,margin_roc_autocorr_full_sample_percentile_gt_90pct
2015-10-28,8665.99,139594390.0,0.01798568756989427,0.00972911124860043,-0.1563445820831174,-1.6320082882591769,-0.37875319293396864,-2.749583097278082,0.9965364633880137,1.0424601510066442,0.9299191374663073,0.9299191374663073,0.753968253968254,0.0,0.9958182015461547,margin_roc_autocorr_full_sample_percentile_gt_90pct
2015-10-29,8571.08,140387575.0,-0.010626631914063434,0.0008874896654165187,-0.14685641116881054,-2.238233954423472,-0.5832516336104352,-2.5906468510897356,0.9964589480726308,1.0287246619079775,0.9281221922731356,0.9281221922731356,0.75,0.0,0.9958182015461547,margin_roc_autocorr_full_sample_percentile_gt_90pct
2015-10-30,8554.31,140679165.0,-0.011592625458713424,-0.011232747191524228,-0.14014280058680162,-2.242276782270074,-0.8637036929238804,-2.4778211362136244,0.9963570563850249,1.0095084126814462,0.9245283018867925,0.9245283018867925,0.7420634920634921,0.0,0.9958182015461547,margin_roc_autocorr_full_sample_percentile_gt_90pct
2015-11-02,8614.77,140784031.0,-0.015323191786787427,-0.005835893340595977,-0.13609671949332858,-2.321240012580794,-0.7346662824127433,-2.4091969442681354,0.9962586078283997,0.9918040078491195,0.9209344115004492,0.9209344115004492,0.7341269841269841,0.0,0.9958182015461547,margin_roc_autocorr_full_sample_percentile_gt_90pct
2015-11-03,8713.19,140423184.0,-0.0020478589680301695,0.02214581419711159,-0.13379127483207487,-2.034445559817932,-0.0795254690637735,-2.369759159731812,0.9961588748348493,0.9714638144421409,0.9164420485175202,0.9164420485175202,0.7261904761904762,0.0,0.9958182015461547,margin_roc_autocorr_full_sample_percentile_gt_90pct
2015-11-04,8857.02,140071934.0,0.024405477208562232,0.0406727404751106,-0.11119196097649131,-1.464430315580394,0.357237016350319,-1.9929877806982874,0.9959062806690011,0.9266681369891359,0.9065588499550764,0.9065588499550764,0.7222222222222222,0.0,0.9958182015461547,margin_roc_autocorr_full_sample_percentile_gt_90pct
2015-11-24,8400.14,146207967.0,-0.06464217035031916,0.13357011958965437,0.10325002614605361,-3.0,2.6600179911035218,1.5835905466557452,0.991794794343588,0.23194749297363548,0.6409104522312069,0.6409104522312069,0.27380952380952384,0.07500000000000001,0.9958182015461547,index_qoq_z_gt_2
2015-11-25,8386.13,146569332.0,-0.06643192383734398,0.09256426825645803,0.14702069076049762,-3.0,1.651189119540163,2.304128861063884,0.9917419416253628,0.22333075541697345,0.6382150344414496,0.6382150344414496,0.26587301587301587,0.125,0.9958182015461547,margin_roc_z_gt_2
2015-11-26,8484.9,146076886.0,-0.044965383104523804,0.09970851224598509,0.14310280743363823,-2.8089692602433147,1.819199871834705,2.234281126115578,0.9920649260381555,0.27598787530378505,0.6639712488769093,0.6639712488769093,0.32142857142857145,0.175,0.9958182015461547,margin_roc_z_gt_2
2015-11-27,8398.4,146670671.0,-0.051999814878988415,0.07333968087621656,0.15298857327282356,-2.9470301267301355,1.1698279679238126,2.389940563792529,0.9924412807907735,0.33734612215296694,0.6912249176400119,0.6912249176400119,0.3611111111111111,0.225,0.9958182015461547,margin_roc_z_gt_2
2015-11-30,8320.61,147455925.0,-0.07169617236624248,0.03758863125656253,0.16880103856699802,-3.0,0.298801568991237,2.6376181297966985,0.9928186119356367,0.3988635531654518,0.7127882599580713,0.7127882599580713,0.4126984126984127,0.275,0.9958182015461547,margin_roc_z_gt_2
2015-12-01,8463.3,147290940.0,-0.06780249083861778,0.035276186188977876,0.16631486873383738,-3.0,0.23945685914603704,2.587683698642056,0.9931517847319513,0.45318171584972794,0.7313566936208445,0.7313566936208445,0.4523809523809524,0.32499999999999996,0.9958182015461547,margin_roc_z_gt_2
2015-12-02,8457.4,147451140.0,-0.069749536106684,0.0548595832148433,0.16290844299782758,-3.0,0.7096387602131982,2.522202471429347,0.9934357921801943,0.4994843040197427,0.7496256364180892,0.7496256364180892,0.5079365079365079,0.375,0.9958182015461547,margin_roc_z_gt_2
2015-12-03,8456.06,147371590.0,-0.07303726131372146,0.05236525377428802,0.15704579505971505,-3.0,0.6471936841047249,2.4113529522393145,0.9937027087782241,0.5430005194949855,0.7669961066187482,0.7669961066187482,0.5912698412698413,0.42500000000000004,0.9958182015461547,margin_roc_z_gt_2
2015-12-04,8398.6,148965255.0,-0.07872105166164989,0.037382888975352024,0.17427982298103895,-3.0,0.281406349352255,2.6739240909009823,0.9940629543306567,0.6017324350048123,0.7900569032644504,0.7900569032644504,0.6428571428571429,0.475,0.9958182015461547,margin_roc_z_gt_2
2015-12-07,8454.27,149036021.0,-0.07323957866304764,0.056704497162712864,0.17204574714827037,-3.0,0.7416648247501908,2.6257498558855126,0.9943416224045508,0.6471645289216265,0.8059299191374663,0.8059299191374663,0.6428571428571429,0.525,0.9958182015461547,margin_roc_z_gt_2
2015-12-08,8343.86,149523648.0,-0.08962599191953124,0.04473765926756945,0.1713591439271962,-3.0,0.4516628134007615,2.609731017451202,0.9948432985417779,0.727078105197904,0.8439652590595986,0.8439652590595986,0.6547619047619048,0.575,0.9958182015461547,margin_roc_z_gt_2
2015-12-09,8229.62,148467913.0,-0.10422492285420382,0.028509654439792698,0.158298114955858,-3.0,0.05967440091422356,2.3833611528060326,0.9950033954426314,0.7519054890063023,0.8541479484875711,0.8541479484875711,0.6587301587301587,0.625,0.9958182015461547,margin_roc_z_gt_2
2015-12-10,8216.17,148377720.0,-0.09887789806870351,-0.008537550742616085,0.1783483712712728,-3.0,-0.8370683570805046,2.678263830827529,0.9952085754070511,0.7846743599601564,0.8661275831087152,0.8661275831087152,0.6746031746031746,0.675,0.9958182015461547,margin_roc_z_gt_2
2015-12-11,8115.89,147378807.0,-0.10170684653434114,-0.018478160964023327,0.16074027223572807,-3.0,-1.0776848943389765,2.3814445473576136,0.9952792771191861,0.7953669039503292,0.8718179095537586,0.8718179095537586,0.6825396825396826,0.725,0.9958182015461547,margin_roc_persistence_score_gt_70pct;margin_roc_z_gt_2
2015-12-14,8040.16,146597637.0,-0.12371311548664565,-0.03198480101904444,0.1528669337334616,-3.0,-1.4046186426351333,2.2132877248306624,0.9954163515429781,0.8170574327252227,0.8831985624438454,0.8831985624438454,0.6984126984126984,0.775,0.9958182015461547,margin_roc_persistence_score_gt_70pct;margin_roc_z_gt_2
2015-12-15,8073.35,147034596.0,-0.12485054378755378,-0.028160808157654316,0.15487855904314096,-3.0,-1.3120573309736694,2.205769878238393,0.9955790795986911,0.8430478340614378,0.8900868523510033,0.8900868523510033,0.7103174603174603,0.825,0.9958182015461547,margin_roc_persistence_score_gt_70pct;margin_roc_z_gt_2
2015-12-16,8184.66,147006320.0,-0.11099790692950795,-0.009119865762549306,0.15119070719248606,-3.0,-0.8511635303715961,2.1284688213387355,0.9957025095045808,0.8625673785140222,0.8942797244684038,0.8942797244684038,0.7103174603174603,0.875,0.9958182015461547,margin_roc_persistence_score_gt_70pct;margin_roc_z_gt_2
2015-12-17,8319.67,146185302.0,-0.09443698849170978,-0.0016344084989242669,0.14313994483677916,-3.0,-0.6727373099300442,1.9905741250080278,0.9957991097556171,0.8776294945186489,0.8990715783168614,0.8990715783168614,0.7142857142857143,0.925,0.9958182015461547,margin_roc_persistence_score_gt_70pct
2015-12-18,8257.32,146392278.0,-0.09547481076580966,-0.022281688473151373,0.1548042113134973,-3.0,-1.1745737657231932,2.152955767681522,0.9959318380522166,0.8985839344299192,0.9080563042827193,0.9080563042827193,0.7222222222222222,0.975,0.9958182015461547,margin_roc_autocorr_full_sample_percentile_gt_90pct;margin_roc_persistence_score_gt_70pct;margin_roc_z_gt_2
2015-12-21,8282.17,146897766.0,-0.08303550867123699,-0.021267669880195683,0.15315433405478407,-3.0,-1.145206098883903,2.110527882219796,0.9960448094552374,0.9166668592637484,0.9122491764001198,0.9122491764001198,0.7222222222222222,1.0,0.9958182015461547,margin_roc_autocorr_full_sample_percentile_gt_90pct;margin_roc_persistence_score_gt_70pct;margin_roc_z_gt_2
2015-12-22,8292.74,146915015.0,-0.07992060418924962,-0.001721431460544487,0.14223148322562307,-3.0,-0.672081401283681,1.9398748177353704,0.996112552593317,0.9274778116316177,0.915843066786463,0.915843066786463,0.7222222222222222,1.0,0.9958182015461547,margin_roc_autocorr_full_sample_percentile_gt_90pct;margin_roc_persistence_score_gt_70pct
2015-12-23,8315.7,146338779.0,-0.07883061769094513,-0.006002926157553379,0.13764511373770727,-3.0,-0.7707459996473052,1.868920020236236,0.9962038367699049,0.9418228194156905,0.9182389937106918,0.9182389937106918,0.7261904761904762,1.0,0.9958182015461547,margin_roc_autocorr_full_sample_percentile_gt_90pct;margin_roc_persistence_score_gt_70pct
2015-12-24,8324.36,145869695.0,-0.07359194625195997,0.015981116554503627,0.12255640403683743,-3.0,-0.24202311700917906,1.6370881371185424,0.9962337650357959,0.9461076145151912,0.9200359389038635,0.9200359389038635,0.7301587301587301,1.0,0.9958182015461547,margin_roc_autocorr_full_sample_percentile_gt_90pct;margin_roc_persistence_score_gt_70pct
2015-12-25,8363.28,145691255.0,-0.06565030818095585,0.02956752963769982,0.1226064115029728,-2.9878160048474767,0.07819623658013547,1.627487949682298,0.9963250062172664,0.9604066432113559,0.923330338424678,0.923330338424678,0.7380952380952381,1.0,0.9958182015461547,margin_roc_autocorr_full_sample_percentile_gt_90pct;margin_roc_persistence_score_gt_70pct
2015-12-28,8358.49,145685120.0,-0.05322279562682097,0.027807460328195255,0.11658378206332043,-2.7429273293523795,0.02856736649790586,1.5366216362674254,0.9963840054402524,0.9696448543197383,0.9254267744833783,0.9254267744833783,0.7420634920634921,1.0,0.9958182015461547,margin_roc_autocorr_full_sample_percentile_gt_90pct;margin_roc_persistence_score_gt_70pct
2015-12-29,8293.91,145544967.0,-0.06585700721845589,0.013771750981513842,0.11244928368591323,-2.9790479082381105,-0.31221124074434053,1.45683889308191,0.9964407726609325,0.978595055297928,0.9269242288110212,0.9269242288110212,0.746031746031746,1.0,0.9958182015461547,margin_roc_autocorr_full_sample_percentile_gt_90pct;margin_roc_persistence_score_gt_70pct
2015-12-30,8279.99,146001766.0,-0.07995204188667848,-0.0019226272128295419,0.11669531388915977,-3.0,-0.6858128317912564,1.49561975045182,0.9965050017487586,0.9877009297440023,0.9290206648697215,0.9290206648697215,0.75,1.0,0.9958182015461547,margin_roc_autocorr_full_sample_percentile_gt_90pct;margin_roc_persistence_score_gt_70pct
2015-12-31,8338.06,145719683.0,-0.08322594832325458,0.003977107849098438,0.11392546928015523,-3.0,-0.536487985267987,1.447656794658513,0.9965599002277509,0.9947600226790912,0.9308176100628931,0.9308176100628931,0.753968253968254,1.0,0.9958182015461547,margin_roc_autocorr_full_sample_percentile_gt_90pct;margin_roc_persistence_score_gt_70pct
2016-01-04,8114.26,146187697.0,-0.10809863141383924,-0.02850691301620145,0.10693176223427803,-3.0,-1.3241196346531072,1.336568961607169,0.996600563702233,0.9969527196084536,0.9314165917939503,0.9314165917939503,0.753968253968254,1.0,0.9958182015461547,margin_roc_autocorr_full_sample_percentile_gt_90pct;margin_roc_persistence_score_gt_70pct
2016-01-05,8075.11,145854961.0,-0.12095016644568257,-0.038001691664383386,0.10432979773560813,-3.0,-1.5549523455334788,1.2845985130923914,0.9966485374652124,1.0009710389701845,0.9344115004492363,0.9344115004492363,0.7579365079365079,1.0,0.9958182015461547,margin_roc_autocorr_full_sample_percentile_gt_90pct;margin_roc_persistence_score_gt_70pct
2016-01-06,7990.39,144332193.0,-0.1275628637252012,-0.05942628981204734,0.08833731534722311,-3.0,-2.07365297526407,1.0525743312905824,0.9966926692394592,1.0073760787443073,0.9371069182389937,0.9371069182389937,0.7619047619047619,1.0,0.9958182015461547,margin_roc_autocorr_full_sample_percentile_gt_90pct;margin_roc_persistence_score_gt_70pct
2016-01-07,7852.06,142389899.0,-0.14781849931680568,-0.07031764299144194,0.07045037425306644,-3.0,-2.3303849629152262,0.8005914720305479,0.9966889561736787,1.0057599285204,0.9368074273734651,0.9368074273734651,0.7579365079365079,0.975,0.9958182015461547,margin_roc_autocorr_full_sample_percentile_gt_90pct;margin_roc_persistence_score_gt_70pct
2016-01-08,7893.97,141651703.0,-0.14368172696208703,-0.0792829716855693,0.0657009087411673,-3.0,-2.5310709068253137,0.7320162071584765,0.9967179430004155,1.0093831838298597,0.9398023360287511,0.9398023360287511,0.7619047619047619,0.95,0.9958182015461547,margin_roc_autocorr_full_sample_percentile_gt_90pct;margin_roc_persistence_score_gt_70pct
2016-01-11,7788.42,141444601.0,-0.16129817321898543,-0.09097890736608183,0.0538515841528735,-3.0,-2.8011280938498353,0.5676766168686812,0.9967240445303055,1.0074767339781905,0.9407008086253369,0.9407008086253369,0.7619047619047619,0.925,0.9958182015461547,margin_roc_autocorr_full_sample_percentile_gt_90pct;margin_roc_persistence_score_gt_70pct
2016-01-12,7768.45,139426273.0,-0.16183754961735708,-0.088478628948514,0.03257526177404624,-3.0,-2.7364176353777645,0.27198767902699894,0.996687067228649,0.9971382688031263,0.9365079365079365,0.9365079365079365,0.746031746031746,0.9,0.9958182015461547,margin_roc_autocorr_full_sample_percentile_gt_90pct;margin_roc_persistence_score_gt_70pct
2016-01-13,7824.61,138870398.0,-0.15930037411654996,-0.09032240813251624,0.027601563808709262,-3.0,-2.7692862143328325,0.19942182959378005,0.9967126002730845,0.9948803003816745,0.939203354297694,0.939203354297694,0.753968253968254,0.875,0.9958182015461547,margin_roc_autocorr_full_sample_percentile_gt_90pct;margin_roc_persistence_score_gt_70pct
2016-01-14,7742.88,137548781.0,-0.16510802653839562,-0.10018303418381291,0.015833720068707535,-3.0,-2.978228947878007,0.03651091068739388,0.9967087780630796,0.9875408408727593,0.9389038634321654,0.9389038634321654,0.75,0.85,0.9958182015461547,margin_roc_autocorr_full_sample_percentile_gt_90pct;margin_roc_persistence_score_gt_70pct
2016-01-15,7762.01,136781284.0,-0.14216198772371502,-0.10073451891328267,0.007745168733180652,-3.0,-2.966447585062171,-0.07333689924857828,0.9967219214211348,0.985853712170996,0.9404013177598083,0.9404013177598083,0.7579365079365079,0.825,0.9958182015461547,margin_roc_autocorr_full_sample_percentile_gt_90pct;margin_roc_persistence_score_gt_70pct
2016-01-18,7811.18,136792835.0,-0.13974641220516537,-0.09734908015161325,-0.0008301432787476415,-3.0,-2.8782530767831167,-0.18979523708350757,0.9967255616174073,0.9820694635548625,0.9410002994908655,0.9410002994908655,0.7619047619047619,0.7749999999999999,0.9958182015461547,margin_roc_autocorr_full_sample_percentile_gt_90pct;margin_roc_persistence_score_gt_70pct
2016-01-19,7854.88,137417250.0,-0.14972348000601865,-0.08762107644934558,0.004371926557293904,-3.0,-2.6486520208213036,-0.11914773113108072,0.9967360436171685,0.9754358863976108,0.9412997903563941,0.9412997903563941,0.7619047619047619,0.75,0.9958182015461547,margin_roc_autocorr_full_sample_percentile_gt_90pct;margin_roc_persistence_score_gt_70pct
2016-01-20,7699.12,137991674.0,-0.16455394017522496,-0.1056332956184961,0.0021525065448138037,-3.0,-3.0,-0.149288904449495,0.9967591720200542,0.9716141194704829,0.9430967355495657,0.9430967355495657,0.7619047619047619,0.725,0.9958182015461547,margin_roc_autocorr_full_sample_percentile_gt_90pct;margin_roc_persistence_score_gt_70pct
2016-01-21,7664.01,137559281.0,-0.16498589063334157,-0.11641942814057482,0.0001294664037116977,-3.0,-3.0,-0.17676311085485633,0.9967777917994717,0.9693286318120695,0.943695717280623,0.943695717280623,0.7619047619047619,0.7,0.9958182015461547,margin_roc_autocorr_full_sample_percentile_gt_90pct
2016-01-22,7756.18,137685715.0,-0.159840984423406,-0.11310912300923004,0.0022501941396988467,-3.0,-3.0,-0.14796224310917536,0.9968558716849518,0.9763317676060016,0.9469901168014375,0.9469901168014375,0.7658730158730159,0.675,0.9958182015461547,margin_roc_autocorr_full_sample_percentile_gt_90pct
2016-01-25,7894.15,136720539.0,-0.1400923506273808,-0.09276408636850497,-0.017912270015078446,-3.0,-2.7324901523810694,-0.42178167485177637,0.9968589486951879,0.9723027232832804,0.9475890985324947,0.9475890985324947,0.7658730158730159,0.625,0.9958182015461547,margin_roc_autocorr_full_sample_percentile_gt_90pct
2016-01-26,7828.67,137041614.0,-0.14581635314001284,-0.09662139005468495,-0.018287095921261542,-3.0,-2.8158810182549643,-0.4268720554642643,0.99687058977549,0.9677388319118843,0.9484875711290806,0.9484875711290806,0.7658730158730159,0.575,0.9958182015461547,margin_roc_autocorr_full_sample_percentile_gt_90pct
2016-01-27,7849.83,136853106.0,-0.1409957442803852,-0.08414925540305307,-0.025176508676070464,-3.0,-2.5242175831705738,-0.5204347802919749,0.996862655544023,0.9627909171395672,0.9478885893980233,0.9478885893980233,0.7619047619047619,0.525,0.9958182015461547,margin_roc_autocorr_full_sample_percentile_gt_90pct
2016-01-28,7905.1,136385972.0,-0.13832043827923501,-0.07589273711146771,-0.030517617871843372,-3.0,-2.332526222019504,-0.5929705315590239,0.9968541733762102,0.9572547042798358,0.9466906259359089,0.9466906259359089,0.75,0.475,0.9958182015461547,margin_roc_autocorr_full_sample_percentile_gt_90pct
2016-01-29,8080.6,135211537.0,-0.12658119759741193,-0.06200629848504369,-0.039581861383128025,-3.0,-2.0077922436102607,-0.7057527733130479,0.9968346117703678,0.9478693780580647,0.945193171608266,0.945193171608266,0.746031746031746,0.425,0.9958182015461547,margin_roc_autocorr_full_sample_percentile_gt_90pct
2016-01-30,8145.21,134636920.0,-0.12602323462854526,-0.0651862291537314,-0.041205902296019725,-3.0,-2.0717967412886384,-0.7145165980659585,0.9968566823142787,0.9454140050973838,0.9472896076669661,0.9472896076669661,0.753968253968254,0.375,0.9958182015461547,margin_roc_autocorr_full_sample_percentile_gt_90pct
2016-02-01,8156.96,134836456.0,-0.12941445176962296,-0.07904012862113896,-0.03737706655781592,-3.0,-2.3818941088272623,-0.664181589982598,0.9968505559018298,0.9386978078224949,0.9463911350703803,0.9463911350703803,0.7420634920634921,0.325,0.9958182015461547,margin_roc_autocorr_full_sample_percentile_gt_90pct
2016-02-02,8131.24,133862527.0,-0.14145375221466938,-0.08123450596485049,-0.03960619144571875,-3.0,-2.4291727732667465,-0.6897636815855751,0.9968398311964606,0.9325449236813521,0.9457921533393232,0.9457921533393232,0.7380952380952381,0.275,0.9958182015461547,margin_roc_autocorr_full_sample_percentile_gt_90pct
2016-02-03,8063.0,132926274.0,-0.14926347931506379,-0.07253291800721684,-0.06228738579917925,-3.0,-2.2299096735372017,-0.9849824341765112,0.9967559280997016,0.9143845040262799,0.9424977538185085,0.9424977538185085,0.7182539682539683,0.25,0.9958182015461547,margin_roc_autocorr_full_sample_percentile_gt_90pct
2016-02-15,8066.51,133492185.0,-0.1528190144713225,-0.06664406512945353,-0.05952768913630235,-3.0,-2.0939804154979478,-0.9473291931854982,0.996749101652006,0.9074829209416553,0.9418987720874513,0.9418987720874513,0.7142857142857143,0.225,0.9958182015461547,margin_roc_autocorr_full_sample_percentile_gt_90pct
2016-02-16,8212.07,133239752.0,-0.13656407582021513,-0.03805011186730545,-0.06868813813748742,-3.0,-1.443055735190206,-1.0644430055837526,0.9967200524575974,0.9008480507861651,0.9401018268942797,0.9401018268942797,0.6944444444444444,0.2,0.9958182015461547,margin_roc_autocorr_full_sample_percentile_gt_90pct
2016-02-17,8214.25,133690502.0,-0.1286371978062777,-0.023857369153453156,-0.0693515001215742,-3.0,-1.1194852780871851,-1.0695570368776652,0.9967020145035607,0.8973294720190469,0.9377058999700509,0.9377058999700509,0.6785714285714286,0.175,0.9958182015461547,margin_roc_autocorr_full_sample_percentile_gt_90pct
2016-02-18,8314.67,133711074.0,-0.11186178888709675,-0.013457378836723377,-0.06959763625283866,-3.0,-0.8811257472749336,-1.0659959068916933,0.9966858232399958,0.8932114597391494,0.9362084456424079,0.9362084456424079,0.6626984126984127,0.15,0.9958182015461547,margin_roc_autocorr_full_sample_percentile_gt_90pct
2016-02-19,8325.04,134214644.0,-0.11312998096301363,-0.0005354463053003355,-0.06866646062061676,-3.0,-0.5859658469484741,-1.0483345524725467,0.9966668077815132,0.8878359438329632,0.9350104821802935,0.9350104821802935,0.6547619047619048,0.125,0.9958182015461547,margin_roc_autocorr_full_sample_percentile_gt_90pct
2016-02-22,8326.68,134203010.0,-0.11875140891950553,0.0037707645200955042,-0.06843394527798297,-3.0,-0.4873116962230238,-1.0433430956420353,0.9966503192985805,0.883363321280543,0.9347109913147649,0.9347109913147649,0.6507936507936508,0.1,0.9958182015461547,margin_roc_autocorr_full_sample_percentile_gt_90pct
2016-02-23,8334.64,135053715.0,-0.12395311291244837,-0.010069577239287364,-0.06096289268705879,-3.0,-0.7999540463307325,-0.9470941538627484,0.996628006132621,0.8776089068920152,0.933812518718179,0.933812518718179,0.6428571428571429,0.1,0.9958182015461547,margin_roc_autocorr_full_sample_percentile_gt_90pct
2016-02-24,8282.86,135394181.0,-0.12922450996367751,-0.006907284601467167,-0.06636379650034807,-3.0,-0.7273203991684996,-1.0152419810267925,0.9966236947991887,0.874923534769156,0.9332135369871218,0.9332135369871218,0.6388888888888888,0.075,0.9958182015461547,margin_roc_autocorr_full_sample_percentile_gt_90pct
2016-02-25,8365.86,135215237.0,-0.11530237368578011,-0.0131340536969754,-0.06981149652776097,-3.0,-0.8669316616714721,-1.0532522380845146,0.9966090450846108,0.8700105845634476,0.9323150643905361,0.9323150643905361,0.6309523809523809,0.05,0.9958182015461547,margin_roc_autocorr_full_sample_percentile_gt_90pct
2016-02-26,8411.16,135118075.0,-0.10723770100302499,-0.006413126295708005,-0.072228513043189,-3.0,-0.7116651014986358,-1.075994638499692,0.9966192483552511,0.8609519290047584,0.9326145552560647,0.9326145552560647,0.6309523809523809,0.025,0.9958182015461547,margin_roc_autocorr_full_sample_percentile_gt_90pct
2016-03-01,8485.69,135386875.0,-0.09666159234380489,-4.7137959844345545e-06,-0.07162107150498542,-3.0,-0.5672303823259861,-1.0637672161958747,0.9971649140243907,0.9377763657699484,0.9574722970949386,0.9574722970949386,0.7817460317460317,0.0,0.9958182015461547,margin_roc_autocorr_full_sample_percentile_gt_90pct
2016-03-02,8544.05,135076002.0,-0.09703536802145796,0.017131857326187383,-0.07613788241785757,-3.0,-0.1744910372713743,-1.1178055724243066,0.9971909351610577,0.9385021674550551,0.958670260557053,0.958670260557053,0.7857142857142857,0.0,0.9958182015461547,margin_roc_autocorr_full_sample_percentile_gt_90pct
2016-03-03,8611.79,135226767.0,-0.09314354733575447,0.026908717131740367,-0.07738702800392105,-2.997008471326,0.04946453155544753,-1.130590529017774,0.9971345289715363,0.9254872616589163,0.9565738244983528,0.9565738244983528,0.7738095238095238,0.0,0.9958182015461547,margin_roc_autocorr_full_sample_percentile_gt_90pct
2016-03-04,8643.55,135488660.0,-0.09297015271509246,0.01869792219118671,-0.0724839246641662,-2.9941137234649142,-0.1361185633491129,-1.064577090304544,0.9970767617801928,0.9148135332550734,0.9535789158430668,0.9535789158430668,0.7579365079365079,0.0,0.9958182015461547,margin_roc_autocorr_full_sample_percentile_gt_90pct
2016-03-07,8659.55,136012740.0,-0.10071479234882463,0.031095208611163994,-0.07266572742412836,-3.0,0.14895572071859606,-1.060637343477671,0.9970207436267701,0.9058101948625112,0.9520814615154238,0.9520814615154238,0.753968253968254,0.0,0.9958182015461547,margin_roc_autocorr_full_sample_percentile_gt_90pct
2016-03-08,8664.31,137353706.0,-0.10672980368141183,0.041307067630858674,-0.06851009208344794,-3.0,0.3846328570076525,-1.0054586765778628,0.9969492646144281,0.8943581314097098,0.9502845163222522,0.9502845163222522,0.746031746031746,0.0,0.9958182015461547,margin_roc_autocorr_full_sample_percentile_gt_90pct
2016-03-09,8634.11,138181695.0,-0.10267924881262924,0.020182434747675337,-0.06184524995223739,-3.0,-0.09759880908951674,-0.9181490746609227,0.996870480525646,0.881811359539052,0.948188080263552,0.948188080263552,0.7380952380952381,0.0,0.9958182015461547,margin_roc_autocorr_full_sample_percentile_gt_90pct
2016-03-10,8660.7,138248994.0,-0.09797153736553987,0.024038120462553714,-0.06240810345718584,-3.0,-0.0042535333100958,-0.9214560865646886,0.9967886904522035,0.868952289476618,0.9439952081461516,0.9439952081461516,0.6984126984126984,0.0,0.9958182015461547,margin_roc_autocorr_full_sample_percentile_gt_90pct
2016-03-11,8706.14,138451756.0,-0.09365516767526194,0.0295740569485079,-0.06052614347175056,-3.0,0.12482875286674762,-0.8965973599257466,0.9967059647468499,0.8555196961590492,0.9386043725666368,0.9386043725666368,0.6468253968253969,0.0,0.9958182015461547,margin_roc_autocorr_full_sample_percentile_gt_90pct
2016-03-14,8747.9,138908859.0,-0.09081838712996515,0.04159026504417396,-0.067508332731683,-2.9581909318504795,0.4054326946549603,-0.983709187808485,0.9966052203717696,0.8387356769083052,0.9320155735250075,0.9320155735250075,0.5873015873015873,0.0,0.9958182015461547,margin_roc_autocorr_full_sample_percentile_gt_90pct
2016-03-15,8611.18,138745243.0,-0.10254307150844855,0.018559852003780408,-0.06904893146603797,-3.0,-0.13159719332414063,-1.0013661930335864,0.9965141699456916,0.8223220784680393,0.9293201557352501,0.9293201557352501,0.5714285714285714,0.0,0.9958182015461547,margin_roc_autocorr_full_sample_percentile_gt_90pct
2016-03-16,8699.14,138224005.0,-0.09813939167116792,0.04257981317999082,-0.07557094246389706,-3.0,0.43442245485869846,-1.0792438598070009,0.9964527487848124,0.807833698327289,0.927822701407607,0.927822701407607,0.5595238095238095,0.0,0.9958182015461547,margin_roc_autocorr_full_sample_percentile_gt_90pct
2016-03-17,8734.54,137770974.0,-0.08662989988476377,0.06135398718288321,-0.07204882714287231,-2.8882659569698235,0.8776874509135547,-1.0333763775956093,0.9963878259791059,0.7918276448957613,0.9260257562144355,0.9260257562144355,0.5476190476190477,0.0,0.9958182015461547,margin_roc_autocorr_full_sample_percentile_gt_90pct
2016-03-18,8810.71,137882621.0,-0.07610944442055978,0.07236218335307076,-0.0707323107539326,-2.689156645649007,1.1375949190768686,-1.0169743973035463,0.9962958765771643,0.774327272291094,0.9221323749625636,0.9221323749625636,0.5317460317460317,0.0,0.9958182015461547,margin_roc_autocorr_full_sample_percentile_gt_90pct
2016-03-21,8812.7,138424070.0,-0.07460533141240633,0.08585749683645294,-0.06076000465928588,-2.6468534356098457,1.4562241209287772,-0.8923273347175589,0.9961919847500423,0.7573215166545426,0.9176400119796346,0.9176400119796346,0.5079365079365079,0.0,0.9958182015461547,margin_roc_autocorr_full_sample_percentile_gt_90pct
2016-03-22,8785.68,139005136.0,-0.08444351813255524,0.09272452289506683,-0.05179142826156191,-2.7876048955782955,1.6183570743312081,-0.7796327387183707,0.9960854898947479,0.7328382026647176,0.9140461215932913,0.9140461215932913,0.49603174603174605,0.0,0.9958182015461547,margin_roc_autocorr_full_sample_percentile_gt_90pct
2016-03-23,8766.09,139705486.0,-0.084897200749529,0.08580576836133691,-0.049846160015293295,-2.7656567087977195,1.4550027930389484,-0.7543731949864058,0.9959815805343613,0.7035958021866692,0.909853249475891,0.909853249475891,0.4880952380952381,0.0,0.9958182015461547,margin_roc_autocorr_full_sample_percentile_gt_90pct
2016-03-24,8743.38,139925290.0,-0.08089322825507661,0.06826428953676755,-0.048168201203866556,-2.67243694801114,1.0408421732017632,-0.7328897230829308,0.9958777460692445,0.681483856346856,0.9041629230308476,0.9041629230308476,0.47619047619047616,0.0,0.9958182015461547,margin_roc_autocorr_full_sample_percentile_gt_90pct
2016-06-06,8597.11,129675393.0,-0.11487165442857084,-0.00721053634426716,-0.04659377496549222,-2.715243668585694,-0.7162237592595951,-0.6867815246904153,0.9958549453123977,0.6699705544588703,0.9026654687032045,0.9026654687032045,0.46825396825396826,0.0,0.9958182015461547,margin_roc_autocorr_full_sample_percentile_gt_90pct
2016-08-05,9092.12,133785462.0,0.05938020318112813,0.11608643295283949,-0.00763283741948817,-0.2764387037594981,2.1064150026829367,-0.08247567349145607,0.9632946222378193,-3.0,0.05720275531596286,0.05720275531596286,0.023809523809523808,0.0,0.9958182015461547,index_qoq_z_gt_2
2016-08-08,9150.26,134207058.0,0.06852120866750444,0.12523995213869443,0.0006121008349229129,-0.15227714183858412,2.3094266179568304,0.02449883376711744,0.9641047275656229,-3.0,0.05929919137466307,0.05929919137466307,0.027777777777777776,0.025,0.9958182015461547,index_qoq_z_gt_2
2016-08-09,9155.08,133983240.0,0.058208470448442906,0.12245641094173942,0.0022134183631785653,-0.2829336927598521,2.246474429444644,0.045425701275215495,0.9662542877133177,-3.0,0.0667864630128781,0.0667864630128781,0.03968253968253968,0.05,0.9958182015461547,index_qoq_z_gt_2
2016-08-10,9200.42,134189859.0,0.061749452416177464,0.1308895761324358,0.006035937074878817,-0.23385963112683844,2.437197744558455,0.095416853200503,0.9676536794885179,-3.0,0.07247678945792153,0.07247678945792153,0.047619047619047616,0.075,0.9958182015461547,index_qoq_z_gt_2
2016-08-11,9131.83,133257525.0,0.07125654444119878,0.12626710491425186,0.00923437827864304,-0.10868421025757828,2.3326565652011686,0.13736999307761458,0.9691767086624057,-3.0,0.08086253369272237,0.08086253369272237,0.05555555555555555,0.1,0.9958182015461547,index_qoq_z_gt_2
2016-08-12,9150.39,133235222.0,0.07514281752960317,0.1361736048941542,0.01621110863371311,-0.05755243037514716,2.5567006191972053,0.2290275301815586,0.9706029912303916,-3.0,0.0877508235998802,0.0877508235998802,0.06349206349206349,0.125,0.9958182015461547,index_qoq_z_gt_2
2016-08-15,9148.51,132605362.0,0.07096942615955704,0.13398160543408189,0.013525981494298955,-0.11214943888720318,2.507126658021407,0.19413977497998317,0.9757596557110452,-2.424406436925375,0.11620245582509733,0.11620245582509733,0.07539682539682539,0.15,0.9958182015461547,index_qoq_z_gt_2
2016-08-16,9110.36,133378800.0,0.07820525565828285,0.11914285152718285,0.018834756043177414,-0.012817237202302304,2.16070918410517,0.26471559676505746,0.9768604120984115,-2.253631671930217,0.12189278227014076,0.12189278227014076,0.08333333333333333,0.175,0.9958182015461547,index_qoq_z_gt_2
2016-08-17,9117.7,133928456.0,0.08000317449412431,0.11740901603984466,0.022436647226913742,0.011328334229113887,2.1139821569492816,0.31474517097111887,0.9785443291536517,-1.9941734528765567,0.1302785265049416,0.1302785265049416,0.09126984126984126,0.2,0.9958182015461547,index_qoq_z_gt_2
2016-08-18,9122.5,134611074.0,0.0774385721237203,0.12679379148663905,0.03005834096458826,-0.019589362802894878,2.3235253141915595,0.4207944324015325,0.9794845290112213,-1.8500010984638484,0.14016172506738545,0.14016172506738545,0.09523809523809523,0.225,0.9958182015461547,index_qoq_z_gt_2
2017-02-08,9543.25,133316457.0,0.23952477685761497,0.04422893433008279,0.03310506234701349,2.141651560391265,0.45180538695567285,0.5148462375222338,0.9830898269895485,-1.2956484982383314,0.20275531596286314,0.20275531596286314,0.11507936507936507,0.275,0.9958182015461547,index_yoy_z_gt_2
2017-02-09,9590.18,133703448.0,0.251326655367099,0.05767005945560233,0.045585745059596006,2.2682353032344147,0.7448835495667478,0.691835180958084,0.9828968412042512,-1.3209844204709595,0.1976639712488769,0.1976639712488769,0.11507936507936507,0.3,0.9958182015461547,index_yoy_z_gt_2
2017-02-10,9665.59,134145421.0,0.2461791758314016,0.06588333893903386,0.05041804424057661,2.1796286467006816,0.9205318943303519,0.760362163504114,0.983221465799472,-1.269909013549555,0.20694818808026355,0.20694818808026355,0.12698412698412698,0.325,0.9958182015461547,index_yoy_z_gt_2
2017-02-14,9718.78,134450231.0,0.2414343688008309,0.0543915169412732,0.05978026130534131,2.1012954028884616,0.6635281229901766,0.8931280501682516,0.9841896869276792,-1.1151016581700162,0.23150643905360888,0.23150643905360888,0.1388888888888889,0.375,0.9958182015461547,index_yoy_z_gt_2
2017-02-15,9799.76,135641232.0,0.2484041055666173,0.09577779765631989,0.08727756842824719,2.1729813482424833,1.5533076606422014,1.283068203851332,0.9825243197483021,-1.3699785532371473,0.18957771787960467,0.18957771787960467,0.11507936507936507,0.42500000000000004,0.9958182015461547,index_yoy_z_gt_2
2017-02-16,9771.25,136700281.0,0.2360691199352316,0.06764180774416584,0.09325107826164514,2.003261920728288,0.940183536475141,1.3677787295784936,0.9835048435127964,-1.2135290670761538,0.2174303683737646,0.2174303683737646,0.1388888888888889,0.475,0.9958182015461547,index_yoy_z_gt_2
2017-03-02,9691.8,140172578.0,0.1656265371926966,0.055955233198557774,0.10746304728769185,1.0295981594755343,0.6539487286011644,1.5693190972001423,0.9892894263009102,-0.27838551307871323,0.483078766097634,0.483078766097634,0.4166666666666667,0.75,0.9958182015461547,margin_roc_persistence_score_gt_70pct
2017-03-03,9648.21,140857726.0,0.15893857567050707,0.05420607925385501,0.1060096853652377,0.9418792889600484,0.6081811672754582,1.5487089273072943,0.9897012488980326,-0.21203156106695095,0.5055405810122792,0.5055405810122792,0.4642857142857143,0.8,0.9958182015461547,margin_roc_persistence_score_gt_70pct
2017-03-06,9682.63,141187755.0,0.1628440146613055,0.05716300890810966,0.10699597928025595,0.9838585785146612,0.662853009172352,1.5582753964935971,0.9900942700824418,-0.14924702583299837,0.5315962863132675,0.5315962863132675,0.5357142857142857,0.825,0.9958182015461547,margin_roc_persistence_score_gt_70pct
2017-03-07,9738.07,141409770.0,0.1683851972010788,0.05593326567081314,0.1075820880540237,1.043082979243959,0.6341992482989992,1.5610872996962488,0.9904459365052484,-0.09278186566702606,0.5573525007487271,0.5573525007487271,0.6190476190476191,0.85,0.9958182015461547,margin_roc_persistence_score_gt_70pct
2017-03-08,9753.45,141709806.0,0.17754616159152747,0.06103642364654216,0.10615837796104244,1.1444299241963267,0.7329584026180689,1.541025108358047,0.9907691460922885,-0.04117396199928698,0.5795148247978437,0.5795148247978437,0.6468253968253969,0.875,0.9958182015461547,margin_roc_persistence_score_gt_70pct
2017-03-09,9658.61,142200567.0,0.15452685079597317,0.04522379773848573,0.10554154063938559,0.8708997400717654,0.39168225590836964,1.5323329536612225,0.991044441389847,0.0018191031427731757,0.5983827493261455,0.5983827493261455,0.7182539682539683,0.9,0.9958182015461547,margin_roc_persistence_score_gt_70pct
2017-03-10,9627.89,142012082.0,0.14465662286771375,0.039332738167847436,0.101405553124569,0.7488668390913098,0.2662450465527993,1.4740507420622935,0.9913211567331096,0.045033937846461626,0.6127583108715184,0.6127583108715184,0.7579365079365079,0.925,0.9958182015461547,margin_roc_persistence_score_gt_70pct
2017-03-13,9697.34,141518524.0,0.14278744568797586,0.05526422032125833,0.09175922332278152,0.7212185921237885,0.6018099643007451,1.3381196173558487,0.9912925043098079,0.04055926823744716,0.6109613656783468,0.6109613656783468,0.75,0.95,0.9958182015461547,margin_roc_persistence_score_gt_70pct
2017-03-14,9744.21,141550109.0,0.14046734277070017,0.06370174201422163,0.08830157741484501,0.6925879167038775,0.778530080658365,1.2893962472492875,0.9915924527178225,0.08740242741740863,0.6292303084755915,0.6292303084755915,0.7738095238095238,0.975,0.9958182015461547,margin_roc_persistence_score_gt_70pct
2017-03-15,9740.31,142035784.0,0.1310436041752061,0.05291883810753051,0.09420333431309191,0.5854118222669692,0.5493823933468491,1.3725607740078547,0.9918387297929101,0.12586369583041693,0.645402815214136,0.645402815214136,0.7817460317460317,1.0,0.9958182015461547,margin_roc_persistence_score_gt_70pct
2017-03-16,9837.83,141704750.0,0.1381700805803172,0.06195453529780681,0.08969976255876677,0.6664611744382817,0.7388983610755527,1.309098754116294,0.9919515121275038,0.14347699435407918,0.6540880503144654,0.6540880503144654,0.7857142857142857,1.0,0.9958182015461547,margin_roc_persistence_score_gt_70pct
2017-03-17,9908.69,141878773.0,0.14424998989554894,0.05682998679587792,0.0899048952194259,0.733990993982336,0.6309137094283389,1.3119893782034213,0.9920977877256196,0.16632095999483554,0.6666666666666666,0.6666666666666666,0.7896825396825397,1.0,0.9958182015461547,margin_roc_persistence_score_gt_70pct
2017-03-20,9912.97,142392504.0,0.14411534213341848,0.05539313593138484,0.09529752404421932,0.7311718086719488,0.6006363415757601,1.3879795336657328,0.9922374883437809,0.1881381062746993,0.6771488469601677,0.6771488469601677,0.8015873015873016,1.0,0.9958182015461547,margin_roc_persistence_score_gt_70pct
2017-03-21,9972.49,142121099.0,0.1550107654407924,0.06658331497314407,0.09398925369395372,0.8527463629037991,0.8364361559866279,1.3695440598859805,0.9923835033306048,0.21094137206205205,0.688230008984726,0.688230008984726,0.8055555555555556,1.0,0.9958182015461547,margin_roc_persistence_score_gt_70pct
2017-03-22,9922.66,142965837.0,0.14571108570900715,0.05761158967996649,0.09798371924664218,0.7453320533936189,0.6473836706616053,1.4258320166876939,0.9925256572729537,0.23314165574946094,0.6948188080263552,0.6948188080263552,0.8134920634920635,1.0,0.9958182015461547,margin_roc_persistence_score_gt_70pct
2017-03-23,9930.74,143862494.0,0.14065935075705194,0.06001161336048799,0.10196839426210569,0.6816301591659351,0.6974074819680686,1.4819820102677657,0.9927083431382057,0.2616718390652153,0.7053009883198562,0.7053009883198562,0.8174603174603174,1.0,0.9958182015461547,margin_roc_persistence_score_gt_70pct
2017-03-24,9902.98,144118112.0,0.13204083265698063,0.05797112287467865,0.09785428683587827,0.5852677070615266,0.654444056188803,1.4240081216384757,0.9929703773011029,0.3025939032442883,0.7214734950584007,0.7214734950584007,0.8293650793650794,1.0,0.9958182015461547,margin_roc_persistence_score_gt_70pct
2017-03-27,9876.77,143199264.0,0.1469705661709546,0.058968904595154914,0.08679235935204765,0.7423509451219257,0.6748416328938898,1.26812912152181,0.9928970499978031,0.2911423254098035,0.7181790955375861,0.7181790955375861,0.8293650793650794,1.0,0.9958182015461547,margin_roc_persistence_score_gt_70pct
2017-03-28,9876.45,142292282.0,0.13533636658336357,0.06895853807423058,0.07877837544768607,0.6135611311352638,0.8814802977228084,1.1552001767435218,0.9928940264299864,0.29067013264348573,0.7175801138065289,0.7175801138065289,0.8293650793650794,1.0,0.9958182015461547,margin_roc_persistence_score_gt_70pct
2017-03-29,9856.25,142915333.0,0.1284223324868854,0.06641557775515272,0.081062624254022,0.5358890712333195,0.8281975910802888,1.187388637612552,0.9930096425127973,0.30872597966973075,0.7229709493860437,0.7229709493860437,0.8412698412698413,1.0,0.9958182015461547,margin_roc_persistence_score_gt_70pct
2017-03-30,9848.15,143405705.0,0.11774760490357772,0.06995565097031142,0.0815397306291874,0.41772054838290923,0.9023728273988572,1.1941117755845536,0.9931579312751746,0.3320386393253035,0.7319556753519018,0.7319556753519018,0.8492063492063492,1.0,0.9958182015461547,margin_roc_persistence_score_gt_70pct
2017-03-31,9811.52,143442079.0,0.11333870436982996,0.07597203564084998,0.08057123784488907,0.36494128175956475,1.0248835308519912,1.1804642727368535,0.9932355458756029,0.3444154743702818,0.7382449835280024,0.7382449835280024,0.8531746031746031,1.0,0.9958182015461547,margin_roc_persistence_score_gt_70pct
2017-04-05,9949.48,144141006.0,0.13246555758916778,0.09592185613704252,0.08390542521183719,0.5766742720459005,1.4392599311652843,1.2274479284985813,0.9935008557143968,0.3869286797408126,0.755016471997604,0.755016471997604,0.8650793650793651,1.0,0.9958182015461547,margin_roc_persistence_score_gt_70pct
2017-04-06,9897.8,144440449.0,0.12910088762492733,0.08641200192304721,0.08575100040962091,0.5394275998052739,1.2351145879074168,1.2534548262016405,0.9935942755040229,0.4047919200050313,0.7598083258460617,0.7598083258460617,0.8690476190476191,1.0,0.9958182015461547,margin_roc_persistence_score_gt_70pct
2017-04-07,9873.37,144535359.0,0.12923949319370798,0.0838815843640599,0.08785920009614778,0.5409619542132742,1.1777028969808805,1.2831624933023724,0.9938409419213569,0.4467669936577477,0.7741838873914345,0.7741838873914345,0.8849206349206349,1.0,0.9958182015461547,margin_roc_persistence_score_gt_70pct
2017-04-10,9882.54,145389608.0,0.135275595435711,0.07402569174256102,0.0963734216165546,0.6077812037112111,0.9704914503024235,1.4031405296177237,0.9938700615329777,0.45213273677953325,0.7756813417190775,0.7756813417190775,0.8888888888888888,1.0,0.9958182015461547,margin_roc_persistence_score_gt_70pct
2017-04-11,9832.42,144806934.0,0.13140516313884776,0.07421865184325727,0.08883231108554912,0.5649357761587518,0.9708549344459284,1.296875073524232,0.9938633132452132,0.4541677805241086,0.7753818508535489,0.7753818508535489,0.8888888888888888,1.0,0.9958182015461547,margin_roc_persistence_score_gt_70pct
2017-04-12,9817.68,144344711.0,0.13929224181447886,0.060969362943751104,0.09074338128193249,0.6522452114048272,0.6983651866972598,1.3238048931058952,0.9939439403474746,0.4701617547407066,0.7810721772985924,0.7810721772985924,0.9007936507936508,1.0,0.9958182015461547,margin_roc_autocorr_rank_252_gt_90pct;margin_roc_persistence_score_gt_70pct
2017-04-13,9836.68,144860723.0,0.12585955884372724,0.06080095935674801,0.09507711244166339,0.5035463062399115,0.6945842153897278,1.384873606577461,0.9940227885408934,0.48343388386982244,0.7849655585504642,0.7849655585504642,0.9047619047619048,1.0,0.9958182015461547,margin_roc_autocorr_rank_252_gt_90pct;margin_roc_persistence_score_gt_70pct
2017-04-14,9732.93,142909149.0,0.11299247669766022,0.04802109624678064,0.08170928311994463,0.3611085645055703,0.4328258941919194,1.1965010221932626,0.9938481921274179,0.4555874106763087,0.7744833782569631,0.7744833782569631,0.8888888888888888,1.0,0.9958182015461547,margin_roc_persistence_score_gt_70pct
2017-04-17,9716.4,142517596.0,0.12230365403607268,0.0382832485942719,0.07988801042068583,0.46418267702896265,0.23337441089608513,1.17083658281638,0.9938976297491361,0.4638618982080582,0.7792752321054208,0.7792752321054208,0.9047619047619048,1.0,0.9958182015461547,margin_roc_autocorr_rank_252_gt_90pct;margin_roc_persistence_score_gt_70pct
2017-04-18,9746.56,142632833.0,0.1448627441767587,0.039941443969518486,0.07883546052875268,0.7031984794084765,0.2673377197287119,1.1560045903840241,0.9941433211358859,0.5045092260428415,0.7951482479784366,0.7951482479784366,0.9246031746031746,1.0,0.9958182015461547,margin_roc_autocorr_rank_252_gt_90pct;margin_roc_persistence_score_gt_70pct
2017-04-19,9639.94,143038458.0,0.1354129737051324,0.03184613836671879,0.08425786376839839,0.6001597391831814,0.10152893242492748,1.2324143116067352,0.9941800049811349,0.5116121297076289,0.7972446840371369,0.7972446840371369,0.9285714285714286,1.0,0.9958182015461547,margin_roc_autocorr_rank_252_gt_90pct;margin_roc_persistence_score_gt_70pct
2017-04-20,9632.69,142680404.0,0.12775156588421233,0.030273892898550203,0.08340156207717708,0.5114884915458152,0.06874744011350513,1.2203477480154536,0.9942339229594633,0.5209648593534413,0.8011380652890087,0.8011380652890087,0.9325396825396826,1.0,0.9958182015461547,margin_roc_autocorr_rank_252_gt_90pct;margin_roc_persistence_score_gt_70pct
2017-04-21,9717.41,142629978.0,0.13486807145968682,0.039768921455122896,0.08426238104602946,0.5863518493093416,0.26101027331777765,1.2324779667628016,0.9944799893232104,0.5611936394923698,0.8176100628930818,0.8176100628930818,0.9365079365079365,1.0,0.9958182015461547,margin_roc_autocorr_rank_252_gt_90pct;margin_roc_persistence_score_gt_70pct
2017-04-24,9717.95,142528850.0,0.1391097128415999,0.032706069384432546,0.08656795552062779,0.6326020080610372,0.1163482933744658,1.2649669379950055,0.9945952132115498,0.5807920418813348,0.824198861934711,0.824198861934711,0.9365079365079365,1.0,0.9958182015461547,margin_roc_autocorr_rank_252_gt_90pct;margin_roc_persistence_score_gt_70pct
2017-04-25,9841.71,142293231.0,0.1374964170465367,0.04935370403344552,0.0826291610259613,0.6150108965273547,0.4573266638111135,1.2094634691473658,0.9946098747377475,0.5844341930153375,0.8250973345312967,0.8250973345312967,0.9365079365079365,1.0,0.9958182015461547,margin_roc_autocorr_rank_252_gt_90pct;margin_roc_persistence_score_gt_70pct
2017-04-26,9856.45,142672178.0,0.1371457974482304,0.060708132405973725,0.08677795183242387,0.6111877981974795,0.6891492863856835,1.2679260981557285,0.9946435453699907,0.5930186450279199,0.8277927523210542,0.8277927523210542,0.9404761904761905,1.0,0.9958182015461547,margin_roc_autocorr_rank_252_gt_90pct;margin_roc_persistence_score_gt_70pct
2017-04-27,9860.62,143082710.0,0.13335379218632748,0.05410106119708846,0.09207453443076052,0.5698403976137991,0.553967771436047,1.3425628195291852,0.9946705870741752,0.6022552798366116,0.8304881701108117,0.8304881701108117,0.9444444444444444,1.0,0.9958182015461547,margin_roc_autocorr_rank_252_gt_90pct;margin_roc_persistence_score_gt_70pct
2017-04-28,9872.0,143242962.0,0.1391632365990807,0.05673642711333904,0.09176528065367373,0.6331856222937325,0.6078876923423476,1.3382049741514193,0.9947230771995746,0.6134145712015402,0.8343815513626834,0.8343815513626834,0.9444444444444444,1.0,0.9958182015461547,margin_roc_autocorr_rank_252_gt_90pct;margin_roc_persistence_score_gt_70pct
2017-05-02,9941.27,143194755.0,0.15144688500437842,0.06687507780539415,0.09073817625263736,0.7549716096510052,0.8131534288596054,1.3237315465066437,0.9947725437375253,0.622133172791747,0.8379754417490266,0.8379754417490266,0.9444444444444444,1.0,0.9958182015461547,margin_roc_autocorr_rank_252_gt_90pct;margin_roc_persistence_score_gt_70pct
2017-05-03,9955.33,142890556.0,0.16922348751773453,0.06685663336712588,0.09364601257097926,0.9423935913984389,0.8100469938215923,1.3476995157486806,0.9948347229076021,0.634197495907293,0.8424678047319557,0.8424678047319557,0.9444444444444444,1.0,0.9958182015461547,margin_roc_autocorr_rank_252_gt_90pct;margin_roc_persistence_score_gt_70pct
2017-05-04,9967.64,143381281.0,0.16326842618148718,0.05768114557966064,0.1021524796422042,0.8768925318345475,0.6234444376800592,1.4562120713459712,0.9948215478468293,0.6319997723205123,0.8406708595387841,0.8406708595387841,0.9404761904761905,1.0,0.9958182015461547,margin_roc_autocorr_rank_252_gt_90pct;margin_roc_persistence_score_gt_70pct
2017-05-05,9899.94,143260869.0,0.15982075388805916,0.04784000762070084,0.11473543697558597,0.8364954497454677,0.42330450604698855,1.6290151944658107,0.9947502467996676,0.6201060895655284,0.8358790056903265,0.8358790056903265,0.9325396825396826,1.0,0.9958182015461547,margin_roc_autocorr_rank_252_gt_90pct;margin_roc_persistence_score_gt_70pct
2017-05-08,9937.25,142366260.0,0.16085571967272094,0.05390620608613683,0.10195044780171592,0.8435309393618077,0.5466732212512743,1.4506557030533505,0.9946300004134091,0.6000478656330118,0.8265947888589398,0.8265947888589398,0.9087301587301587,1.0,0.9958182015461547,margin_roc_autocorr_rank_252_gt_90pct;margin_roc_persistence_score_gt_70pct
2017-05-09,9915.48,141322366.0,0.1554389231807234,0.04864016515150871,0.08336574483689652,0.7826794919879272,0.4395773673948748,1.1909060892975014,0.994245909989951,0.5359779840858464,0.8017370470200659,0.8017370470200659,0.8928571428571429,1.0,0.9958182015461547,margin_roc_persistence_score_gt_70pct
2017-05-10,9968.32,141571983.0,0.16410858280635998,0.045115280860472895,0.07427910295301432,0.8697268006186337,0.3678915416332207,1.0606105267078791,0.9941844084721734,0.5257189546533861,0.7978436657681941,0.7978436657681941,0.8849206349206349,1.0,0.9958182015461547,margin_roc_persistence_score_gt_70pct
2017-05-11,10001.48,141540190.0,0.18027300395214918,0.046775571036238306,0.07200848722991493,1.0377455937858526,0.4016569825460997,1.0236543628234962,0.9942677403076844,0.53961948563312,0.8032345013477089,0.8032345013477089,0.8928571428571429,1.0,0.9958182015461547,margin_roc_persistence_score_gt_70pct
2017-05-12,9986.82,141121345.0,0.19204335215268742,0.046479972755612664,0.05854407006930895,1.1599171881431707,0.3956453790179319,0.8361931477546327,0.9942311136619214,0.5335098179294152,0.80083857442348,0.80083857442348,0.8809523809523809,0.975,0.9958182015461547,margin_roc_persistence_score_gt_70pct
2017-05-15,10036.82,141534272.0,0.2101127063510051,0.046572639929594484,0.058568601761115335,1.3468454216069299,0.39752995801100105,0.8296275959386025,0.9942482600768895,0.5363700006074232,0.8020365378855945,0.8020365378855945,0.8888888888888888,0.95,0.9958182015461547,margin_roc_persistence_score_gt_70pct
2017-05-16,10031.49,141861997.0,0.22552400778452553,0.037855940506477115,0.057523961253958866,1.5014363645497777,0.22025781388661006,0.8061686139320109,0.994226737943338,0.5327799070693746,0.8002395926924228,0.8002395926924228,0.873015873015873,0.925,0.9958182015461547,margin_roc_persistence_score_gt_70pct
2017-05-17,10013.67,142368059.0,0.22596951992908876,0.0312399591362591,0.05827100051733103,1.497700672108646,0.08570812414106951,0.8093258605223683,0.9941888461502081,0.525403304752919,0.7981431566337227,0.7981431566337227,0.8690476190476191,0.9,0.9958182015461547,margin_roc_persistence_score_gt_70pct
2017-05-18,9969.45,141698057.0,0.22378146009970012,0.025792331959361148,0.053907129397196885,1.4646553163097757,-0.022881139278676636,0.749243805058335,0.9945301818893555,0.5813009273703197,0.8206049715483678,0.8206049715483678,0.8968253968253969,0.875,0.9958182015461547,margin_roc_persistence_score_gt_70pct
2017-05-19,9947.62,141948197.0,0.22329414166306982,0.015088124607133269,0.04649740279563375,1.4485082908249582,-0.2399988548057125,0.6520287814869151,0.9943148803587851,0.5446233217894659,0.8047319556753519,0.8047319556753519,0.8888888888888888,0.85,0.9958182015461547,margin_roc_persistence_score_gt_70pct
2017-05-22,9997.26,141778610.0,0.22571168999630964,0.023130101061788366,0.037149367673940725,1.4633083986186712,-0.0749419997567516,0.5293833043231375,0.9940457407851759,0.49822639712992145,0.7882599580712788,0.7882599580712788,0.8412698412698413,0.825,0.9958182015461547,margin_roc_persistence_score_gt_70pct
2017-05-23,10007.84,141306183.0,0.23013535638603844,0.0254186578358484,0.02853946943952068,1.5010955040651606,-0.027007294557708995,0.4164221244018572,0.9938533865644567,0.4638462360765384,0.7747828691224917,0.7747828691224917,0.8174603174603174,0.8,0.9958182015461547,margin_roc_persistence_score_gt_70pct
2017-05-24,10044.42,141439657.0,0.23882067821486053,0.027045211003770886,0.02246824476222864,1.586733368615014,0.006072034396233407,0.33676813959952706,0.9936781539123047,0.4326530585097521,0.7654986522911051,0.7654986522911051,0.7976190476190477,0.775,0.9958182015461547,margin_roc_persistence_score_gt_70pct
2017-05-25,10108.49,140864495.0,0.2551377070634704,0.036428044129106274,0.02029392276964792,1.748539112935515,0.1968913876113189,0.3082412080234012,0.9935670209598925,0.41105694064200515,0.7583108715184187,0.7583108715184187,0.7896825396825397,0.75,0.9958182015461547,margin_roc_persistence_score_gt_70pct
2017-05-26,10101.95,140835117.0,0.252162972879171,0.03461925679516353,0.01902441425192536,1.71637756037233,0.15871378807883088,0.2897794015828196,0.9934876398493268,0.39421767235967986,0.7541179994010183,0.7541179994010183,0.7817460317460317,0.725,0.9958182015461547,margin_roc_persistence_score_gt_70pct
2017-09-08,10609.95,159870544.0,0.16457715003248996,0.04757038550969339,0.11385829530026825,0.6730541386594714,0.4337617071363251,1.5061506140350398,0.9847783047607994,-1.1295616380699784,0.252470799640611,0.252470799640611,0.05555555555555555,0.725,0.9958182015461547,margin_roc_persistence_score_gt_70pct
2017-09-11,10572.16,161078652.0,0.16576633200460922,0.04961052215645445,0.1308580444581029,0.6800272994767065,0.4767515324897753,1.714168035658821,0.984359681664397,-1.2014416001441315,0.23569931117100928,0.23569931117100928,0.031746031746031744,0.75,0.9958182015461547,margin_roc_persistence_score_gt_70pct
2017-09-12,10610.35,162147860.0,0.17877715625225665,0.051742851903433085,0.13728636707195552,0.7845959795236371,0.5216840538304962,1.7916207692285406,0.9848793964230423,-1.1122036257900019,0.2590595986822402,0.2590595986822402,0.06746031746031746,0.775,0.9958182015461547,margin_roc_persistence_score_gt_70pct
2017-09-13,10532.88,162585711.0,0.1719411853063404,0.03703455738214956,0.13760680397355496,0.7261111225668222,0.21175039633704149,1.7923885681974063,0.9854903162090236,-1.0073052304934536,0.2818209044624139,0.2818209044624139,0.10317460317460317,0.8,0.9958182015461547,margin_roc_persistence_score_gt_70pct
2017-09-14,10553.57,163344206.0,0.16099219703128576,0.0295563186545178,0.1403722987201692,0.6353117640176017,0.05416870818752721,1.827338179606628,0.9860089752543975,-0.9182485281010635,0.302785265049416,0.302785265049416,0.1388888888888889,0.825,0.9958182015461547,margin_roc_persistence_score_gt_70pct
2017-09-15,10580.41,163599049.0,0.15231788800731882,0.024790642803594665,0.1387303003994258,0.5633761955935885,-0.04481566571837817,1.8053065228182303,0.9864991914360797,-0.8340756268677713,0.3312368972746331,0.3312368972746331,0.16666666666666666,0.85,0.9958182015461547,margin_roc_persistence_score_gt_70pct
2017-09-18,10631.57,164622171.0,0.14823302988313092,0.027232620785876405,0.14103942232975974,0.5295006914718177,0.0066417732438258294,1.830074743623102,0.9869426702675844,-0.757927793976559,0.3554956573824498,0.3554956573824498,0.21428571428571427,0.875,0.9958182015461547,margin_roc_persistence_score_gt_70pct
2017-09-19,10576.14,164640279.0,0.14177540702739644,0.017028462187928417,0.14328622861781826,0.4759479797213296,-0.20778530341146095,1.8546921794655742,0.9873848983432575,-0.6819947229618843,0.37885594489368074,0.37885594489368074,0.25396825396825395,0.9,0.9958182015461547,margin_roc_persistence_score_gt_70pct
2017-09-20,10519.17,164934249.0,0.1477695288972689,0.013632115015851154,0.14172555427329803,0.5256569032471936,-0.2780663235829531,1.8345139638439771,0.9877534958967464,-0.6221659171522232,0.39622641509433965,0.39622641509433965,0.2857142857142857,0.925,0.9958182015461547,margin_roc_persistence_score_gt_70pct
2017-09-21,10578.44,165949624.0,0.1684119955509853,0.006132798679089557,0.14891557389916832,0.6968437457156834,-0.4349428603747134,1.9254349327924478,0.9881273608795225,-0.5593980713305499,0.41539383048817013,0.41539383048817013,0.30158730158730157,0.95,0.9958182015461547,margin_roc_persistence_score_gt_70pct
2017-09-22,10449.68,164775470.0,0.16794567153903084,-0.005934136601198903,0.13732646209499988,0.6912334989736667,-0.6881081699699451,1.7749933639387383,0.9884138004904803,-0.5101791396370684,0.43156633722671456,0.43156633722671456,0.3253968253968254,0.975,0.9958182015461547,margin_roc_persistence_score_gt_70pct
2017-09-25,10335.89,163837479.0,0.156032493627549,-0.005260549249077262,0.12958300764418307,0.5951865570868875,-0.6731109814088679,1.6718554530512795,0.9886912087368691,-0.4627198569523148,0.44564240790655885,0.44564240790655885,0.3412698412698413,1.0,0.9958182015461547,margin_roc_persistence_score_gt_70pct
2017-09-26,10257.02,162269468.0,0.1521764038506903,-0.015796922752155274,0.11683971934724502,0.566471144170197,-0.8874094209158867,1.5059774887928534,0.9884694383211768,-0.5019247911158624,0.4351602276130578,0.4351602276130578,0.3373015873015873,1.0,0.9958182015461547,margin_roc_persistence_score_gt_70pct
2017-09-27,10326.68,162583553.0,0.12824378774768164,-0.00657908027555365,0.11457734255962193,0.3681133091845479,-0.6801783853344776,1.4740408010850852,0.988603964211652,-0.47924168310501886,0.44264749925127284,0.44264749925127284,0.3412698412698413,1.0,0.9958182015461547,margin_roc_persistence_score_gt_70pct
2017-09-28,10296.45,163450560.0,0.12387273810849231,-0.011172798068529222,0.11722916632775116,0.33191973699377353,-0.7639851404383763,1.5050664119095711,0.9887508775636352,-0.45469508068177616,0.45133273435160226,0.45133273435160226,0.35714285714285715,1.0,0.9958182015461547,margin_roc_persistence_score_gt_70pct
2017-09-29,10329.94,162570387.0,0.11935200736847817,-0.001724041291948586,0.10946691664474861,0.2944151257082528,-0.5603196275703806,1.4042468400089807,0.9887436815818004,-0.45662640750851735,0.4498352800239593,0.4498352800239593,0.35714285714285715,1.0,0.9958182015461547,margin_roc_persistence_score_gt_70pct
2017-09-30,10383.94,162795440.0,0.12437982254966284,-0.0020038847492357403,0.10847003087665752,0.33712403420381865,-0.5596099471805203,1.3897112803226233,0.9888409115372724,-0.4401378896414919,0.4555256064690027,0.4555256064690027,0.373015873015873,1.0,0.9958182015461547,margin_roc_persistence_score_gt_70pct
2017-10-02,10465.16,163434622.0,0.12715006106873505,0.009351671456954813,0.11638618055046335,0.3609826501404611,-0.3204565676855355,1.4883603099518194,0.9888329431574453,-0.44279308515688676,0.4552261156034741,0.4552261156034741,0.373015873015873,1.0,0.9958182015461547,margin_roc_persistence_score_gt_70pct
2017-10-03,10469.35,164134628.0,0.13865106606978927,0.01671320012624733,0.1218989839687663,0.4587253893368486,-0.16172198790979483,1.5570034516723568,0.9890490192951384,-0.40567548840316525,0.46840371368673256,0.46840371368673256,0.3888888888888889,1.0,0.9958182015461547,margin_roc_persistence_score_gt_70pct
2017-10-05,10518.27,164714573.0,0.13454680775329275,0.02219261392956806,0.13056684468487556,0.4240319723038,-0.047899665380995736,1.6652602203125997,0.989218963291421,-0.37593277554058574,0.4779874213836478,0.4779874213836478,0.40476190476190477,1.0,0.9958182015461547,margin_roc_persistence_score_gt_70pct
2017-10-06,10532.81,165051020.0,0.14901083796505876,0.011256225055373825,0.13977656194536148,0.5462968478108966,-0.27507819695758656,1.7783466878567076,0.9893110115575648,-0.36038676692599086,0.4839772386942198,0.4839772386942198,0.4166666666666667,1.0,0.9958182015461547,margin_roc_persistence_score_gt_70pct
2017-10-11,10641.19,165338103.0,0.1523672868250634,0.021160807164215756,0.14290026996852823,0.5746690093734863,-0.06933309724959313,1.8150013394031375,0.9895800754394416,-0.31354344778047405,0.4995507637017071,0.4995507637017071,0.4365079365079365,1.0,0.9958182015461547,margin_roc_persistence_score_gt_70pct
2017-10-12,10711.44,165733989.0,0.15328437289037078,0.024023556067551688,0.14049393794201115,0.5824211650287536,-0.00986601907473542,1.7812178289273135,0.9902008571569535,-0.20415298716183986,0.5381850853548967,0.5381850853548967,0.5396825396825397,1.0,0.9958182015461547,margin_roc_persistence_score_gt_70pct
2017-10-13,10724.09,166063591.0,0.15657529755356814,0.026827117430157976,0.14147559564752377,0.6102394486162526,0.04255595870753722,1.789953015508612,0.9904514888061778,-0.16009425676683925,0.5579514824797843,0.5579514824797843,0.6031746031746031,1.0,0.9958182015461547,margin_roc_persistence_score_gt_70pct
2017-10-16,10774.21,166767950.0,0.16047503799420748,0.030281500238105608,0.15003163194783986,0.643204069991068,0.1118053797957239,1.8947693840168738,0.9906235003757354,-0.1299292580632046,0.5693321353698713,0.5693321353698713,0.6190476190476191,1.0,0.9958182015461547,margin_roc_persistence_score_gt_70pct
2017-10-17,10723.15,166388010.0,0.15728144652221454,0.02307833218525257,0.14166234750076012,0.616208546749827,-0.03907385822669089,1.7888454398779303,0.9907179370048826,-0.11353389387557644,0.5759209344115005,0.5759209344115005,0.6309523809523809,1.0,0.9958182015461547,margin_roc_persistence_score_gt_70pct
2017-10-18,10720.28,165801968.0,0.16274287350512284,0.020386251796575383,0.1427832084378471,0.6623741506914723,-0.09579218281916713,1.7993927694080747,0.9909278432711798,-0.07651286940685958,0.589098532494759,0.589098532494759,0.6746031746031746,1.0,0.9958182015461547,margin_roc_persistence_score_gt_70pct
2017-10-19,10760.29,165510650.0,0.16294771199446645,0.024851990978497662,0.1393970819791157,0.6641056565049962,-0.002411833177072319,1.7545700164214415,0.9910781741311185,-0.04980199446605502,0.6004791853848458,0.6004791853848458,0.7182539682539683,1.0,0.9958182015461547,margin_roc_persistence_score_gt_70pct
2017-10-20,10728.88,165631191.0,0.1637576918529542,0.027995439171385472,0.13579879010011897,0.6709524402237346,0.05790471540307782,1.7092231846463093,0.9912063702812526,-0.026919670554556394,0.6067684935609464,0.6067684935609464,0.7380952380952381,1.0,0.9958182015461547,margin_roc_persistence_score_gt_70pct
2017-10-23,10735.21,166245332.0,0.17130506035349025,0.026185132220913454,0.1371796004840793,0.7336847376014117,0.012239251513749685,1.721571553112873,0.9913930885366106,0.0030248213442661863,0.617550164719976,0.617550164719976,0.753968253968254,1.0,0.9958182015461547,margin_roc_persistence_score_gt_70pct
2017-10-24,10743.78,166556810.0,0.1708285110862644,0.02682079488490574,0.13971495057247063,0.7286342052668228,0.018586902132184713,1.7378196846410738,0.9915632877092699,0.03024065504182955,0.6274333632824198,0.6274333632824198,0.7579365079365079,1.0,0.9958182015461547,margin_roc_persistence_score_gt_70pct
2017-10-25,10750.57,166876292.0,0.16567923509473492,0.0318126980135538,0.14025511766279175,0.6844642135782081,0.1201794773644083,1.7248190534907404,0.9917447905013193,0.060708798258993765,0.6391135070380354,0.6391135070380354,0.7658730158730159,1.0,0.9958182015461547,margin_roc_persistence_score_gt_70pct
2017-10-26,10734.76,166873547.0,0.15626578658529366,0.021543778911477185,0.13609654389103398,0.6052082946504853,-0.09791513798971557,1.6654819602840805,0.9918323466774032,0.07422185350022206,0.6448038334830788,0.6448038334830788,0.7698412698412699,1.0,0.9958182015461547,margin_roc_persistence_score_gt_70pct
2017-10-27,10709.11,164919399.0,0.1493865136027408,0.027444941739702022,0.12359356207974814,0.547288702139829,0.02168852155228986,1.5059789737072156,0.9916516033738005,0.03893541113421135,0.6328241988619348,0.6328241988619348,0.7579365079365079,1.0,0.9958182015461547,margin_roc_persistence_score_gt_70pct
2017-10-30,10756.87,164667398.0,0.1558361458625468,0.031603488141259684,0.11983313834948794,0.5997877626330919,0.10530463802606485,1.4507821768674232,0.9917012329371596,0.03998677488081478,0.6355196166516921,0.6355196166516921,0.7579365079365079,1.0,0.9958182015461547,margin_roc_persistence_score_gt_70pct
2017-10-31,10793.8,166087535.0,0.15782247251273795,0.03415733394396425,0.12399248353300174,0.6144745201428325,0.15952374707087924,1.4979023404728447,0.991842776339901,0.0582189428756652,0.6463012878107218,0.6463012878107218,0.7738095238095238,1.0,0.9958182015461547,margin_roc_persistence_score_gt_70pct
2017-11-01,10806.36,166764260.0,0.15137044317655146,0.027291817778229976,0.12807519726555494,0.5579949257204732,0.01053851477201842,1.5452075034726678,0.992106573392789,0.10449736617246852,0.6675651392632524,0.6675651392632524,0.7857142857142857,1.0,0.9958182015461547,margin_roc_persistence_score_gt_70pct
2017-11-02,10788.51,167303816.0,0.1523415845549949,0.030433013558894828,0.12414762929458956,0.5661713875431597,0.07812726945676855,1.49707418050474,0.9923908719426081,0.1556015752441541,0.6888289907157832,0.6888289907157832,0.7976190476190477,1.0,0.9958182015461547,margin_roc_persistence_score_gt_70pct
2017-11-03,10800.77,167560667.0,0.16142931647230263,0.02800250510157465,0.11945718407986439,0.6426849567577396,0.025084907077400447,1.438743951922801,0.9929637433531758,0.25770919270112774,0.7211740041928721,0.7211740041928721,0.8253968253968254,1.0,0.9958182015461547,margin_roc_persistence_score_gt_70pct
2017-11-06,10786.19,168150783.0,0.15894302304092012,0.0195484045378842,0.11569258940726646,0.6217517705369252,-0.1590223730934451,1.3890943294585765,0.9931289581558685,0.2834813801144737,0.7301587301587301,0.7301587301587301,0.8373015873015873,1.0,0.9958182015461547,margin_roc_persistence_score_gt_70pct
2017-11-07,10840.34,167922599.0,0.16686759697398945,0.025676106564783696,0.11425818928109632,0.68731800373248,-0.025597028412161025,1.3637487189873991,0.9931844812890737,0.2905121079122034,0.7343516022761306,0.7343516022761306,0.8412698412698413,1.0,0.9958182015461547,margin_roc_persistence_score_gt_70pct
2017-11-08,10818.99,168552649.0,0.16675725516839734,0.0332948756396616,0.12098909521872914,0.6853730433943314,0.14034803691744968,1.435524723414331,0.9934759872904648,0.3419708439948514,0.7526205450733753,0.7526205450733753,0.8531746031746031,1.0,0.9958182015461547,margin_roc_persistence_score_gt_70pct
2017-11-09,10743.27,167827633.0,0.17553594250599613,0.040032953394761206,0.13471419872966872,0.7536953738892119,0.28790029823972574,1.5935220249506326,0.993303877434158,0.3074213574046295,0.74303683737646,0.74303683737646,0.8452380952380952,1.0,0.9958182015461547,margin_roc_persistence_score_gt_70pct
2017-11-10,10732.67,168300872.0,0.18367160126476878,0.039023889668204914,0.138126918292669,0.8168559460916477,0.2644736997838279,1.622776836777969,0.9933948843210234,0.3194168713383039,0.7484276729559748,0.7484276729559748,0.8492063492063492,1.0,0.9958182015461547,margin_roc_persistence_score_gt_70pct
2017-11-13,10683.92,167924065.0,0.17818077557164358,0.044853539462977876,0.14846689126429324,0.7690729282060664,0.38960574734647213,1.7257645825744594,0.9933859272708573,0.31387495621261374,0.7475292003593891,0.7475292003593891,0.8452380952380952,1.0,0.9958182015461547,margin_roc_persistence_score_gt_70pct
2017-11-14,10687.18,167235513.0,0.1629342839483603,0.03646728399132604,0.1464331911980361,0.6423773138043529,0.20257094416812133,1.6929758380785735,0.9935208368664359,0.3365285047690823,0.7556154537286612,0.7556154537286612,0.8611111111111112,1.0,0.9958182015461547,margin_roc_persistence_score_gt_70pct
2017-11-15,10630.65,167763071.0,0.15332039407947762,0.03306580217076327,0.14381059797754325,0.5629787195376266,0.125446587052901,1.658214770542898,0.9936891161788635,0.3644643854189508,0.7657981431566337,0.7657981431566337,0.873015873015873,1.0,0.9958182015461547,margin_roc_persistence_score_gt_70pct
2017-11-16,10625.04,168011654.0,0.1880579658287862,0.02465627130674286,0.1402095988781984,0.8487451106950117,-0.05991029469875927,1.613768785757123,0.9938730802410369,0.3977202835769411,0.7762803234501348,0.7762803234501348,0.8928571428571429,1.0,0.9958182015461547,margin_roc_persistence_score_gt_70pct
2017-11-17,10701.64,167665702.0,0.16929955486015347,0.036846995493797774,0.1338327681268443,0.6901945743314055,0.2043446191031412,1.5375704982666731,0.993965746891962,0.41543696649497414,0.7816711590296496,0.7816711590296496,0.9007936507936508,1.0,0.9958182015461547,margin_roc_autocorr_rank_252_gt_90pct;margin_roc_persistence_score_gt_70pct
2017-11-20,10664.55,167847142.0,0.19053758975458135,0.03274716527266541,0.13072074526200916,0.8627295122013283,0.10745384440437182,1.500315332845499,0.9940334974119225,0.42398916486840726,0.7867625037436358,0.7867625037436358,0.9047619047619048,1.0,0.9958182015461547,margin_roc_autocorr_rank_252_gt_90pct;margin_roc_persistence_score_gt_70pct
2017-11-21,10779.24,168417830.0,0.20567759831774857,0.0372562925384452,0.1286543478330069,0.986880470609992,0.20536621840910904,1.4733466855957003,0.9940455947579232,0.42152094237043225,0.7879604672057502,0.7879604672057502,0.9047619047619048,1.0,0.9958182015461547,margin_roc_autocorr_rank_252_gt_90pct;margin_roc_persistence_score_gt_70pct
2017-11-22,10822.59,169259359.0,0.2117963997433665,0.039952684828492124,0.13363099330207473,1.03380731145606,0.2647515762504022,1.5264291460387027,0.9940381857360926,0.4194836154662949,0.787361485474693,0.787361485474693,0.9007936507936508,1.0,0.9958182015461547,margin_roc_autocorr_rank_252_gt_90pct;margin_roc_persistence_score_gt_70pct
2017-11-23,10854.57,170770283.0,0.21114746123170391,0.0348566492769542,0.14247260754693936,1.0268903361007353,0.14880094897997248,1.6268181387625658,0.9939819475866739,0.4065203190870231,0.7822701407607068,0.7822701407607068,0.8888888888888888,1.0,0.9958182015461547,margin_roc_persistence_score_gt_70pct
2017-11-24,10854.09,172346917.0,0.20664549996331405,0.03219815301397655,0.14856926960910388,0.9863079014745482,0.08478496180696062,1.6961798955024059,0.9939810661574738,0.40421547505875605,0.7819706498951782,0.7819706498951782,0.8849206349206349,1.0,0.9958182015461547,margin_roc_persistence_score_gt_70pct
2017-11-27,10750.93,172836934.0,0.19338224112228164,0.02137093173272242,0.14435612766667139,0.8697917959768999,-0.1565831043165011,1.6453126928529331,0.9940034997677857,0.40787036305010427,0.7840670859538784,0.7840670859538784,0.8888888888888888,1.0,0.9958182015461547,margin_roc_persistence_score_gt_70pct
2017-11-28,10707.07,173391589.0,0.18426498516222,0.02005417007651067,0.1374654366591983,0.7861882872612362,-0.18662810170123934,1.563626708963845,0.9939241140715086,0.39185182077709346,0.7804731955675351,0.7804731955675351,0.8690476190476191,1.0,0.9958182015461547,margin_roc_persistence_score_gt_70pct
2017-11-29,10713.55,174375457.0,0.1730091455636955,0.013638427914545836,0.13357798314476832,0.6904861869506697,-0.3314698190429588,1.5181410489893212,0.9938857474229736,0.38367520496635776,0.7780772686433064,0.7780772686433064,0.8611111111111112,1.0,0.9958182015461547,margin_roc_persistence_score_gt_70pct
2017-11-30,10560.44,174570866.0,0.150596574720834,-0.0023937773125835005,0.12559121615849134,0.5040845259494927,-0.6917344185618799,1.4202948124338102,0.9937663608751829,0.35757175255550505,0.7690925426774483,0.7690925426774483,0.8333333333333334,1.0,0.9958182015461547,margin_roc_persistence_score_gt_70pct
2017-12-01,10600.37,174871221.0,0.1582432903450679,0.0005238408958341267,0.12019998905367202,0.5634755126493798,-0.6273322118972487,1.3513443231472921,0.9937143270275021,0.34204413614715895,0.7672955974842768,0.7672955974842768,0.8293650793650794,1.0,0.9958182015461547,margin_roc_persistence_score_gt_70pct
2017-12-04,10651.11,175541738.0,0.16290300216069986,0.007685998030250163,0.12360718398158332,0.6007486437201374,-0.4664907122361815,1.3885382568769402,0.9936582550588201,0.32638416022730005,0.7646001796945193,0.7646001796945193,0.8174603174603174,1.0,0.9958182015461547,margin_roc_persistence_score_gt_70pct
2017-12-05,10566.85,174359436.0,0.14580080327556,-0.004802295005387092,0.10725584383532105,0.46117308745333524,-0.7478802286388604,1.200894108124006,0.99318838737405,0.23452465845440268,0.7346510931416592,0.7346510931416592,0.7658730158730159,1.0,0.9958182015461547,margin_roc_persistence_score_gt_70pct
2017-12-06,10393.92,173451550.0,0.13071043625263545,-0.014594429580976676,0.10192290467356813,0.33459702607841524,-0.9685191906581002,1.1395485329103845,0.9930376356238131,0.20450564731708376,0.7247678945792153,0.7247678945792153,0.746031746031746,1.0,0.9958182015461547,margin_roc_persistence_score_gt_70pct
2017-12-07,10355.76,172673236.0,0.1206671348846573,-0.017341161131886773,0.0959136198883137,0.24850932440155704,-1.0304092712794453,1.0707463015331848,0.9928916597000635,0.17237649544550546,0.7169811320754716,0.7169811320754716,0.7222222222222222,1.0,0.9958182015461547,margin_roc_persistence_score_gt_70pct
2017-12-08,10398.62,171622754.0,0.12253320278554725,-0.019918095749744347,0.07351079008025385,0.26179647312287296,-1.0884734425677884,0.8145372676977554,0.9920424002978449,0.0066859844686213595,0.6615753219526804,0.6615753219526804,0.6746031746031746,0.975,0.9958182015461547,margin_roc_persistence_score_gt_70pct
2017-12-11,10473.09,172044970.0,0.1396813098441807,-0.009370838125794534,0.06808051758466416,0.3990345965592884,-0.8508198486211711,0.749000759660695,0.9918498128610319,-0.029446645460564892,0.6471997604073075,0.6471997604073075,0.6626984126984127,0.95,0.9958182015461547,margin_roc_persistence_score_gt_70pct
2017-12-12,10443.28,172094252.0,0.14001392912737742,-0.015745946175196868,0.061341494115309425,0.39889143899725266,-0.9944654666345387,0.6697637961077387,0.9916334814749146,-0.07006888749746719,0.6319257262653489,0.6319257262653489,0.6309523809523809,0.925,0.9958182015461547,margin_roc_persistence_score_gt_70pct
2017-12-13,10470.7,172360170.0,0.13187334675924278,-0.005903418628143364,0.060118807119526,0.32923514763433137,-0.7726910368752434,0.6584520181025094,0.9915111069491832,-0.09326786366696123,0.6232404911650195,0.6232404911650195,0.6150793650793651,0.9,0.9958182015461547,margin_roc_persistence_score_gt_70pct
2017-12-14,10538.01,172558779.0,0.13753617540795515,-0.0014743826022852735,0.056411997864191266,0.3733822858398747,-0.6735686315980824,0.6189931215373657,0.9913582286046292,-0.12230206425187996,0.6154537286612758,0.6154537286612758,0.6031746031746031,0.875,0.9958182015461547,margin_roc_persistence_score_gt_70pct
2017-12-15,10491.44,172763720.0,0.11898428517490656,-0.008408936893749774,0.05601909703032559,0.2220564769968384,-0.8299763023957217,0.6157481224324904,0.9912344831798701,-0.14593733216517532,0.6082659478885895,0.6082659478885895,0.5873015873015873,0.85,0.9958182015461547,margin_roc_persistence_score_gt_70pct
2017-12-18,10506.52,172872121.0,0.11858596268583632,-0.011762138611700723,0.050114452688149846,0.21881133801506752,-0.9056071862817845,0.5465298342474065,0.9910490914768295,-0.18188334321581018,0.5992812219227314,0.5992812219227314,0.5674603174603174,0.825,0.9958182015461547,margin_roc_persistence_score_gt_70pct
2017-12-19,10467.34,172726332.0,0.11950878829168943,-0.010287307089353881,0.04911345540176115,0.22632961134660964,-0.8723426167746807,0.5356431524488882,0.9909429999402041,-0.19628575168164916,0.5908954776879305,0.5908954776879305,0.5555555555555556,0.8,0.9958182015461547,margin_roc_persistence_score_gt_70pct
2017-12-20,10504.52,172901420.0,0.11962942356434692,-0.0013926954312935003,0.048305134005248274,0.22731242862813236,-0.6723293210696799,0.5244223807463209,0.9908830954004463,-0.20312924338472715,0.5858041329739443,0.5858041329739443,0.5515873015873016,0.775,0.9958182015461547,margin_roc_persistence_score_gt_70pct
2017-12-21,10488.97,173422246.0,0.11959733234278191,-0.008457768820355427,0.045029460265604504,0.22705098098977203,-0.8318239060230502,0.4816433111110216,0.9906972565053858,-0.2371061933762616,0.5738244983528002,0.5738244983528002,0.5357142857142857,0.75,0.9958182015461547,margin_roc_persistence_score_gt_70pct
2017-12-22,10537.27,173799581.0,0.12573461462445312,0.008382074857794741,0.05476610687258243,0.2770515069979108,-0.451793956562257,0.5951168045176594,0.990479104375245,-0.27296107425387967,0.5606469002695418,0.5606469002695418,0.5238095238095238,0.725,0.9958182015461547,margin_roc_persistence_score_gt_70pct
2018-06-07,11251.75,186167953.0,0.10827054931135383,0.04713028555687493,0.11726427539555906,0.10091297709973877,0.5328218563465573,1.3439850208907955,0.9804871675576252,-2.1486166053712745,0.15363881401617252,0.15363881401617252,0.007936507936507936,0.725,0.9958182015461547,margin_roc_persistence_score_gt_70pct
2018-06-08,11156.42,187675238.0,0.0982728154240684,0.030783757913526832,0.11758511502257174,0.020802810820083593,0.1443216091753211,1.3405846502862668,0.9804313552524464,-2.141795405718002,0.1530398322851153,0.1530398322851153,0.007936507936507936,0.775,0.9958182015461547,margin_roc_persistence_score_gt_70pct
2018-06-11,11149.23,188843359.0,0.09019306061305343,0.02617714789568537,0.12538903418118275,-0.0415911794551422,0.034838471863209916,1.4301139569968742,0.9803553168324879,-2.1334875803301165,0.1515423779574723,0.1515423779574723,0.007936507936507936,0.825,0.9958182015461547,margin_roc_persistence_score_gt_70pct
2018-06-12,11144.79,189453831.0,0.0919648683444736,0.012969342216486046,0.13018903543135107,-0.02762408642815634,-0.27906524413770195,1.483564670085198,0.98041246057056,-2.112331435617858,0.1527403414195867,0.1527403414195867,0.011904761904761904,0.875,0.9958182015461547,margin_roc_persistence_score_gt_70pct
2018-06-13,11173.21,190287392.0,0.09434093471198302,0.006991941872611207,0.13289684920630251,-0.008893645531673613,-0.421127311489467,1.511933748348269,0.98110263123471,-1.974020716645655,0.16292303084755916,0.16292303084755916,0.031746031746031744,0.9,0.9958182015461547,margin_roc_persistence_score_gt_70pct
2018-06-14,11013.98,191365199.0,0.0770796946540997,-0.0022484328006666665,0.13307696032013205,-0.14496334506749756,-0.6407389576352539,1.510253431222575,0.9814858651202804,-1.88366005589176,0.17011081162024558,0.17011081162024558,0.03968253968253968,0.925,0.9958182015461547,margin_roc_persistence_score_gt_70pct
2018-06-15,11087.47,192416485.0,0.08704416328011244,0.006264038952847217,0.129799486696917,-0.06641381748842495,-0.438427038404868,1.4633404806491128,0.9818684431552283,-1.7935411338451883,0.1775980832584606,0.1775980832584606,0.05555555555555555,0.95,0.9958182015461547,margin_roc_persistence_score_gt_70pct
2018-06-19,10904.19,192425331.0,0.07855916343882674,-0.011199978236622332,0.12935586024990497,-0.129536552296416,-0.8514928786343113,1.4487981238092695,0.9831551284357641,-1.5360750897427375,0.20455226115603475,0.20455226115603475,0.09126984126984126,0.975,0.9958182015461547,margin_roc_persistence_score_gt_70pct
2018-06-20,10927.44,190869497.0,0.07891767005820416,-0.010813893490481452,0.11824252120102474,-0.12671045823731564,-0.84221006005675,1.3180189440693864,0.983335637948229,-1.4955390000947437,0.21144055106319257,0.21144055106319257,0.09523809523809523,1.0,0.9958182015461547,margin_roc_persistence_score_gt_70pct
2018-06-21,10941.07,190853241.0,0.08623613298042399,-0.006336482956795342,0.11309084465696184,-0.06901929308630891,-0.7267303082338199,1.257684505812628,0.9836646003404218,-1.4282195073483939,0.2210242587601078,0.2210242587601078,0.10317460317460317,1.0,0.9958182015461547,margin_roc_persistence_score_gt_70pct
2018-06-22,10899.28,191189672.0,0.08038281780469547,-0.010152510155688743,0.11233109420585508,-0.11516075421998391,-0.8134405045785155,1.237617254241717,0.983943580832929,-1.3696359181389781,0.22641509433962265,0.22641509433962265,0.10714285714285714,1.0,0.9958182015461547,margin_roc_persistence_score_gt_70pct
2018-06-25,10786.46,190913842.0,0.06200125434071779,-0.01993305372420473,0.11300680885746472,-0.2600619205993843,-1.0383930245096582,1.229306625062876,0.984245051153549,-1.3088961485242947,0.23360287511230907,0.23360287511230907,0.11507936507936507,1.0,0.9958182015461547,margin_roc_persistence_score_gt_70pct
2018-06-26,10742.17,189688622.0,0.04795524164439158,-0.007498616414726378,0.11766592986047075,-0.37078610500655285,-0.7445678777196972,1.2771444179997806,0.9845138359255228,-1.2547053022346457,0.24109014675052412,0.24109014675052412,0.12698412698412698,1.0,0.9958182015461547,margin_roc_persistence_score_gt_70pct
2018-06-27,10701.03,189558517.0,0.03647357827915476,-0.012824664092877636,0.11044272290629342,-0.46129562106914507,-0.867367627969657,1.1899435758494286,0.984742087341191,-1.2053792994860932,0.25097334531296794,0.25097334531296794,0.14682539682539683,1.0,0.9958182015461547,margin_roc_persistence_score_gt_70pct
2018-06-28,10654.28,188790670.0,0.02942688304611152,-0.030264526763504218,0.10192622663072082,-0.515705464349537,-1.2743091241951239,1.0861151687588904,0.984827218145144,-1.184901863929249,0.255465708295897,0.255465708295897,0.15873015873015872,1.0,0.9958182015461547,margin_roc_persistence_score_gt_70pct
2018-06-29,10836.91,188909897.0,0.04210476716164724,-0.0026459506371449004,0.09847997873630954,-0.4157661855627219,-0.6311106034843721,1.0453778374574458,0.9849757445075212,-1.1551575263091365,0.2638514525306978,0.2638514525306978,0.17063492063492064,1.0,0.9958182015461547,margin_roc_persistence_score_gt_70pct
2018-07-02,10777.94,188713089.0,0.03856731260298529,-0.006267794709900132,0.09124564405907654,-0.44365180544313887,-0.7157907720833679,0.9600218447691606,0.9850474362334055,-1.136589179150503,0.26804432464809824,0.26804432464809824,0.18253968253968253,0.975,0.9958182015461547,margin_roc_persistence_score_gt_70pct
2018-07-03,10715.72,186881445.0,0.019189724899086658,-0.01746709675763003,0.08056661588771385,-0.5964045930619152,-0.9776349505025145,0.8330741597619842,0.9850919404865804,-1.121890859423683,0.27014076070679843,0.27014076070679843,0.19047619047619047,0.95,0.9958182015461547,margin_roc_persistence_score_gt_70pct
2018-07-04,10721.87,186736916.0,0.019958980447219776,-0.01809791482935552,0.07630545532245026,-0.5903405808038309,-0.9923837302942331,0.7810046500599095,0.9851776988233415,-1.1007175041154789,0.27253668763102723,0.27253668763102723,0.19444444444444445,0.925,0.9958182015461547,margin_roc_persistence_score_gt_70pct
2018-07-05,10611.81,185845122.0,0.021294349192295003,-0.02539062679378823,0.06936412047369034,-0.5798139197237117,-1.162890264061793,0.701713338981717,0.9851559611807054,-1.1019706354764256,0.2722371967654987,0.2722371967654987,0.19444444444444445,0.9,0.9958182015461547,margin_roc_persistence_score_gt_70pct
2018-07-06,10608.57,184165985.0,0.017935739542203066,-0.019679287494467124,0.05767208999274853,-0.60628971198508,-1.0293568581289785,0.5692312362654003,0.9849789610371381,-1.13477568504305,0.2641509433962264,0.2641509433962264,0.1746031746031746,0.875,0.9958182015461547,margin_roc_persistence_score_gt_70pct
2018-07-09,10720.28,184185524.0,0.031285022611680535,-0.015903935638860833,0.05084709925233888,-0.5026333267927924,-0.9410876159332284,0.4919066190673589,0.9849311275731989,-1.1437468572039216,0.2620545073375262,0.2620545073375262,0.17063492063492064,0.85,0.9958182015461547,margin_roc_persistence_score_gt_70pct
2018-07-10,10756.89,183640612.0,0.03304589836153404,-0.015584075671856823,0.04831578531968561,-0.4887087635657342,-0.9336091614802283,0.46537875700110176,0.9849598019130025,-1.138368981177545,0.262952979934112,0.262952979934112,0.1746031746031746,0.825,0.9958182015461547,margin_roc_persistence_score_gt_70pct
2018-07-11,10676.84,184069934.0,0.03180005759689508,-0.027080322434258397,0.05162444355209672,-0.49856055946871314,-1.2023960265523232,0.5021974968022624,0.9849194206161249,-1.145942498471383,0.2617550164719976,0.2617550164719976,0.17063492063492064,0.8,0.9958182015461547,margin_roc_persistence_score_gt_70pct
2018-07-12,10738.38,184392385.0,0.03206119489196779,-0.019799567149751507,0.048567948462372,-0.4964955513178056,-1.0321690447620608,0.466864716947804,0.9849065604693208,-1.1483544206173626,0.2608565438754118,0.2608565438754118,0.17063492063492064,0.775,0.9958182015461547,margin_roc_persistence_score_gt_70pct
2018-07-13,10864.54,184513987.0,0.04787137593796409,-0.009197119299906187,0.04883113192314337,-0.37319251461804276,-0.784279557127666,0.4684484213628048,0.9848974568202685,-1.1500618111388565,0.259958071278826,0.259958071278826,0.17063492063492064,0.75,0.9958182015461547,margin_roc_persistence_score_gt_70pct
2018-07-16,10817.45,185134335.0,0.05051834227585039,-0.01251534750400507,0.046567322601919425,-0.3534822223213716,-0.8618610648150695,0.4429682983237562,0.9848682226765135,-1.1549706029449462,0.2581611260856544,0.2581611260856544,0.1626984126984127,0.725,0.9958182015461547,margin_roc_persistence_score_gt_70pct
2018-09-20,10831.41,159355798.0,0.02834267550755354,0.0041672615482744035,-0.16529992623583578,-0.577203974435555,-0.5476428550682724,-2.209733393621169,0.9928018134045179,0.41249961471098123,0.7118897873614854,0.7118897873614854,0.9007936507936508,0.0,0.9958182015461547,margin_roc_autocorr_rank_252_gt_90pct
2018-09-21,10972.41,158931884.0,0.039687044289278495,0.021433285825861903,-0.1621432939715277,-0.4799059298938961,-0.1182496859972519,-2.1706324660278598,0.9931140776503812,0.4722978674108811,0.7295597484276729,0.7295597484276729,0.9126984126984127,0.0,0.9958182015461547,margin_roc_autocorr_rank_252_gt_90pct
2018-09-25,10978.85,159553579.0,0.037658276002536795,0.02596198683678108,-0.15828852469868182,-0.4992563065359214,-0.005269529607869522,-2.1228837764099078,0.9933701049585311,0.5228062005692087,0.7463312368972747,0.7463312368972747,0.9285714285714286,0.0,0.9958182015461547,margin_roc_autocorr_rank_252_gt_90pct
2018-09-26,10974.19,159576011.0,0.03222666078481362,0.03002643069264188,-0.15474630711358772,-0.5486415439975231,0.09617942828833984,-2.0790066371939875,0.9936116634386333,0.5716113786933451,0.7619047619047619,0.7619047619047619,0.9444444444444444,0.0,0.9958182015461547,margin_roc_autocorr_rank_252_gt_90pct
2018-09-27,11034.19,159025131.0,0.0433097519510901,0.01820445126885817,-0.15819587260692858,-0.4528654060121676,-0.19964151609178327,-2.1217361030581605,0.9938740953839936,0.6241463606418709,0.776879305181192,0.776879305181192,0.9642857142857143,0.0,0.9958182015461547,margin_roc_autocorr_rank_252_gt_90pct
2018-09-28,11006.34,159040937.0,0.046312589301247264,0.02119143361347331,-0.1572342022338472,-0.42794716595783333,-0.12506648984196825,-2.1098239763110405,0.9940795593394635,0.6641387856069022,0.7906558849955077,0.7906558849955077,1.0,0.0,0.9958182015461547,margin_roc_autocorr_rank_252_gt_90pct
2018-10-01,11051.8,159842826.0,0.04474761874151567,0.031363268170500946,-0.14468327232807943,-0.4425421271456766,0.12835305539912628,-1.9543567060106477,0.9941157173771427,0.672903066870071,0.7921533393231507,0.7921533393231507,1.0,0.0,0.9958182015461547,margin_roc_autocorr_rank_252_gt_90pct
2018-10-02,10919.63,160043807.0,0.04497266901952979,0.018444543722316853,-0.14294500290451406,-0.44135174407985883,-0.19777304393777648,-1.9328249147922014,0.9942691568163259,0.7022977725400652,0.8035339922132375,0.8035339922132375,1.0,0.0,0.9958182015461547,margin_roc_autocorr_rank_252_gt_90pct
2018-10-03,10863.94,159088928.0,0.05108897250261002,0.02375937752372126,-0.14397038626604364,-0.3878426301729028,-0.0635394268482014,-1.9455262487511447,0.9944637848053723,0.7395830525411997,0.8158131176999102,0.8158131176999102,1.0,0.0,0.9958182015461547,margin_roc_autocorr_rank_252_gt_90pct
2018-10-04,10718.91,157858214.0,0.04503159787150657,0.01040102483181049,-0.14284815407144813,-0.4419898764215516,-0.4033257616016582,-1.9316252567731076,0.9946420428158139,0.7737323024220732,0.8274932614555256,0.8274932614555256,1.0,0.0,0.9958182015461547,margin_roc_autocorr_rank_252_gt_90pct
2018-10-05,10517.12,153812488.0,0.01844155139890069,-0.018950997548571435,-0.16490457740859155,-0.6779108144311357,-1.1497284512028598,-2.2048362422985504,0.9946192458303602,0.7693650375184603,0.825696316262354,0.825696316262354,0.996031746031746,0.0,0.9958182015461547,margin_roc_autocorr_rank_252_gt_90pct
2018-10-08,10455.93,153014068.0,0.015488833530002966,-0.027978346901381235,-0.1667743516341581,-0.704108887083084,-1.3792880280383701,-2.2279969719902426,0.9947834633620777,0.8008245243126206,0.839173405211141,0.839173405211141,1.0,0.0,0.9958182015461547,margin_roc_autocorr_rank_252_gt_90pct
2018-10-09,10466.83,150958657.0,0.013251771065466045,-0.019669677545041453,-0.1798842226998354,-0.7239572869556947,-1.1680040124359534,-2.390387797520574,0.9949254940281048,0.8280336280880563,0.8499550763701708,0.8499550763701708,1.0,0.0,0.9958182015461547,margin_roc_autocorr_rank_252_gt_90pct
2018-10-11,9806.11,139080617.0,-0.05564650797288895,-0.08681663342142842,-0.24573557091308296,-1.3352592128369016,-2.8755070871871626,-3.0,0.9935429540102153,0.5649325463775481,0.7574123989218329,0.7574123989218329,0.9047619047619048,0.0,0.9958182015461547,margin_roc_autocorr_rank_252_gt_90pct
2018-10-12,10045.81,136614006.0,-0.04007105481425988,-0.07535799951033373,-0.2596008128099253,-1.1970655649659285,-2.584121537681959,-3.0,0.9939096854773112,0.6367266077959963,0.779874213836478,0.779874213836478,0.9365079365079365,0.0,0.9958182015461547,margin_roc_autocorr_rank_252_gt_90pct
2018-10-15,9901.12,136240879.0,-0.05427557584759313,-0.0847085033903554,-0.2640971811090579,-1.3230955788515126,-2.821898722324588,-3.0,0.9942541845494605,0.7030661398504034,0.8023360287511231,0.8023360287511231,0.9761904761904762,0.0,0.9958182015461547,margin_roc_autocorr_rank_252_gt_90pct
2018-10-16,9981.1,136229066.0,-0.05107018549628406,-0.07402270528129251,-0.26406292183609104,-1.294655662466004,-2.5501658806901104,-3.0,0.9945333597022249,0.7568263688114396,0.821203953279425,0.821203953279425,0.9841269841269841,0.0,0.9958182015461547,margin_roc_autocorr_rank_252_gt_90pct
2018-10-17,9979.14,135821121.0,-0.052566219271020787,-0.07962399676826104,-0.2630287260642922,-1.3079292643678857,-2.6926030516943125,-3.0,0.9947833935719476,0.804974916241972,0.8388739143456124,0.8388739143456124,0.9920634920634921,0.0,0.9958182015461547,margin_roc_autocorr_rank_252_gt_90pct
2018-10-18,9953.73,131928460.0,-0.06460367684441315,-0.08136770468594545,-0.2837247412772218,-1.414731946525326,-2.7369444010831856,-3.0,0.9950242217875102,0.8513507483341907,0.8553459119496856,0.8553459119496856,1.0,0.0,0.9958182015461547,margin_roc_autocorr_rank_252_gt_90pct
2018-10-19,9919.26,131091994.0,-0.07395644283121594,-0.09264908604102962,-0.28591646377048874,-1.4977146267874268,-3.0,-3.0,0.9952641870351545,0.8975604003333353,0.8706199460916442,0.8706199460916442,1.0,0.0,0.9958182015461547,margin_roc_autocorr_rank_252_gt_90pct
2018-10-22,9974.28,130717832.0,-0.06991828677305012,-0.08884806552363267,-0.28544780870862574,-1.4618859731574658,-2.927165073992218,-3.0,0.9954936196822375,0.9417418094457891,0.8861934710991315,0.8861934710991315,1.0,0.0,0.9958182015461547,margin_roc_autocorr_rank_252_gt_90pct
2018-10-23,9775.2,131030696.0,-0.09272234344791852,-0.11097287135790534,-0.28423148039639634,-1.6642156098018135,-3.0,-3.0,0.9956679675229055,0.9753156420034658,0.8930817610062893,0.8930817610062893,1.0,0.0,0.9958182015461547,margin_roc_autocorr_rank_252_gt_90pct
2018-10-24,9759.4,130518865.0,-0.08987564288478667,-0.11001396160240173,-0.2900640449716464,-1.6389581786883183,-3.0,-3.0,0.9959000894822001,1.020014926860989,0.9059598682240192,0.9059598682240192,1.0,0.0,0.9958182015461547,margin_roc_autocorr_full_sample_percentile_gt_90pct;margin_roc_autocorr_rank_252_gt_90pct
2018-10-25,9520.79,126618769.0,-0.11188980138578464,-0.13530767141874966,-0.3105869592395196,-1.8342794214848572,-3.0,-3.0,0.9960462274139492,1.0481564308341376,0.9125486672656484,0.9125486672656484,1.0,0.0,0.9958182015461547,margin_roc_autocorr_full_sample_percentile_gt_90pct;margin_roc_autocorr_rank_252_gt_90pct
2018-10-26,9489.18,128298876.0,-0.11812971583479637,-0.14324950477528442,-0.30258226911918285,-1.8896432385969122,-3.0,-3.0,0.9961451572961956,1.0672071703716215,0.9161425576519916,0.9161425576519916,1.0,0.0,0.9958182015461547,margin_roc_autocorr_full_sample_percentile_gt_90pct;margin_roc_autocorr_rank_252_gt_90pct
2018-10-29,9516.32,128263280.0,-0.11301832064483897,-0.1375098109944769,-0.3038197320677687,-1.8442922404707986,-3.0,-3.0,0.996307676846568,1.0985032515312385,0.9230308475591494,0.9230308475591494,1.0,0.0,0.9958182015461547,margin_roc_autocorr_full_sample_percentile_gt_90pct;margin_roc_autocorr_rank_252_gt_90pct
2018-10-30,9526.11,127201340.0,-0.11262937567127229,-0.1384941094333172,-0.3075180751121569,-1.8408413152122625,-3.0,-3.0,0.9964468884658699,1.1253109686708278,0.9275232105420784,0.9275232105420784,1.0,0.0,0.9958182015461547,margin_roc_autocorr_full_sample_percentile_gt_90pct;margin_roc_autocorr_rank_252_gt_90pct
2018-10-31,9802.13,126597425.0,-0.08764606125590824,-0.1167764299030557,-0.3122283783320239,-1.619176152741284,-3.0,-3.0,0.9965881600945794,1.152515377909669,0.9311171009284217,0.9311171009284217,1.0,0.0,0.9958182015461547,margin_roc_autocorr_full_sample_percentile_gt_90pct;margin_roc_autocorr_rank_252_gt_90pct
2018-11-01,9844.74,125322663.0,-0.08425878813867538,-0.09927290327243854,-0.318604844901512,-1.5891224763802623,-3.0,-3.0,0.9967165389839208,1.1772370568141628,0.9395028451632225,0.9395028451632225,1.0,0.0,0.9958182015461547,margin_roc_autocorr_full_sample_percentile_gt_90pct;margin_roc_autocorr_rank_252_gt_90pct
2018-11-02,9906.59,124813244.0,-0.07714844113887964,-0.1004174373866622,-0.321498489235865,-1.5260357218876124,-3.0,-3.0,0.9968421292761136,1.2014217408618413,0.9460916442048517,0.9460916442048517,1.0,0.0,0.9958182015461547,margin_roc_autocorr_full_sample_percentile_gt_90pct;margin_roc_autocorr_rank_252_gt_90pct
2018-11-05,9889.81,125002374.0,-0.07650495699455895,-0.10289184604638935,-0.32297991781554747,-1.5203263906504958,-3.0,-3.0,0.9969462384169239,1.2214698403845792,0.9499850254567236,0.9499850254567236,1.0,0.0,0.9958182015461547,margin_roc_autocorr_full_sample_percentile_gt_90pct;margin_roc_autocorr_rank_252_gt_90pct
2018-11-06,9824.95,125479535.0,-0.08663486683393962,-0.1054760621444647,-0.3198099821323156,-1.6102043016846612,-3.0,-3.0,0.9970271859947221,1.2370577617063034,0.9523809523809523,0.9523809523809523,1.0,0.0,0.9958182015461547,margin_roc_autocorr_full_sample_percentile_gt_90pct;margin_roc_autocorr_rank_252_gt_90pct
2018-11-07,9908.35,125423450.0,-0.08203320424688232,-0.1053610527979052,-0.31869706151674193,-1.5693759204683808,-3.0,-3.0,0.9971073203522228,1.2524890827398107,0.9550763701707098,0.9550763701707098,1.0,0.0,0.9958182015461547,margin_roc_autocorr_full_sample_percentile_gt_90pct;margin_roc_autocorr_rank_252_gt_90pct
2018-11-08,9945.31,124210907.0,-0.07967992922686284,-0.0981821841899807,-0.32550986786356395,-1.548496421416377,-3.0,-3.0,0.9972025469981967,1.2708266971014461,0.9592692422881102,0.9592692422881102,1.0,0.0,0.9958182015461547,margin_roc_autocorr_full_sample_percentile_gt_90pct;margin_roc_autocorr_rank_252_gt_90pct
2018-11-09,9830.01,124526878.0,-0.08884452069840965,-0.10503492454259411,-0.3183289837968162,-1.629809517979388,-3.0,-3.0,0.9972547131720506,1.2808722381269977,0.9625636418089248,0.9625636418089248,1.0,0.0,0.9958182015461547,margin_roc_autocorr_full_sample_percentile_gt_90pct;margin_roc_autocorr_rank_252_gt_90pct
2018-11-12,9831.21,124591273.0,-0.08976767397139285,-0.0853769494981822,-0.2998642001054098,-1.638000221456089,-2.8388968686965685,-3.0,0.9972352698539878,1.2771280752942087,0.9604672057502246,0.9604672057502246,0.996031746031746,0.0,0.9958182015461547,margin_roc_autocorr_full_sample_percentile_gt_90pct;margin_roc_autocorr_rank_252_gt_90pct
2018-11-13,9775.84,123935723.0,-0.09367070300078162,-0.0968558502544753,-0.30194034668830316,-1.6726299567083642,-3.0,-3.0,0.9973336097091055,1.296065194428091,0.9667565139263252,0.9667565139263252,1.0,0.0,0.9958182015461547,margin_roc_autocorr_full_sample_percentile_gt_90pct;margin_roc_autocorr_rank_252_gt_90pct
2018-11-14,9791.88,124096468.0,-0.09671836861205474,-0.08630135068934153,-0.29746257830182155,-1.6996704558850713,-2.8624037850654056,-3.0,0.9978524719587959,1.3959815124327006,0.9904162923030848,0.9904162923030848,1.0,0.0,0.9958182015461547,margin_roc_autocorr_full_sample_percentile_gt_90pct;margin_roc_autocorr_rank_252_gt_90pct
2018-11-15,9826.46,124486574.0,-0.0917396170991932,-0.08025533747039948,-0.2922387105684199,-1.6554963425287432,-2.7086576319213225,-3.0,0.9978715232735627,1.399650187935259,0.9931117100928422,0.9931117100928422,1.0,0.0,0.9958182015461547,margin_roc_autocorr_full_sample_percentile_gt_90pct;margin_roc_autocorr_rank_252_gt_90pct
2018-11-16,9797.09,124280621.0,-0.08807188128009447,-0.08360989097330818,-0.2931439784639541,-1.6229542529274863,-2.793961728672614,-3.0,0.9979268897077239,1.410311997010285,0.9943096735549566,0.9943096735549566,1.0,0.0,0.9958182015461547,margin_roc_autocorr_full_sample_percentile_gt_90pct;margin_roc_autocorr_rank_252_gt_90pct
2018-11-19,9828.69,123989298.0,-0.08422694446023216,-0.08134927867427466,-0.2878905250371706,-1.5888399424442745,-2.736475839684197,-3.0,0.9981097670475156,1.4455283390150622,0.9961066187481282,0.9961066187481282,1.0,0.0,0.9958182015461547,margin_roc_autocorr_full_sample_percentile_gt_90pct;margin_roc_autocorr_rank_252_gt_90pct
2018-11-20,9743.99,124609976.0,-0.08797613609985855,-0.09712662849094722,-0.2809526750495833,-1.622104751112797,-3.0,-3.0,0.9981469507520729,1.4526887343827206,0.9973045822102425,0.9973045822102425,1.0,0.0,0.9958182015461547,margin_roc_autocorr_full_sample_percentile_gt_90pct;margin_roc_autocorr_rank_252_gt_90pct
2018-11-21,9741.52,124819667.0,-0.08848545640664796,-0.09835804594509545,-0.28158543914726675,-1.6266237099137482,-3.0,-3.0,0.9981543183417572,1.4541074971357555,0.9988020365378856,0.9988020365378856,1.0,0.0,0.9958182015461547,margin_roc_autocorr_full_sample_percentile_gt_90pct;margin_roc_autocorr_rank_252_gt_90pct
2018-11-22,9714.71,125098160.0,-0.08616030064013025,-0.10571722882815549,-0.279761750203538,-1.604326596199998,-3.0,-3.0,0.9981544593905121,1.4541346586266077,0.9991015274034142,0.9991015274034142,1.0,0.0,0.9958182015461547,margin_roc_autocorr_full_sample_percentile_gt_90pct;margin_roc_autocorr_rank_252_gt_90pct
2018-11-23,9667.3,124905978.0,-0.09013989594392124,-0.105653901483438,-0.2801673892060912,-1.6395990152626743,-3.0,-3.0,0.9981579332269636,1.454803608714595,0.9997005091344714,0.9997005091344714,1.0,0.0,0.9958182015461547,margin_roc_autocorr_full_sample_percentile_gt_90pct;margin_roc_autocorr_rank_252_gt_90pct
2018-11-26,9765.36,124800348.0,-0.08748939414893409,-0.10427702273208816,-0.2775205630794516,-1.616106774745126,-3.0,-3.0,0.9981563852786234,1.4545055232425763,0.9994010182689428,0.9994010182689428,0.996031746031746,0.0,0.9958182015461547,margin_roc_autocorr_full_sample_percentile_gt_90pct;margin_roc_autocorr_rank_252_gt_90pct
2018-11-27,9778.62,125510561.0,-0.08307242218377697,-0.11018922521850294,-0.2723423792426385,-1.5769577472058933,-3.0,-3.0,0.9981477920498187,1.452850741491845,0.9979035639412998,0.9979035639412998,0.9841269841269841,0.0,0.9958182015461547,margin_roc_autocorr_full_sample_percentile_gt_90pct;margin_roc_autocorr_rank_252_gt_90pct
2018-11-28,9884.31,125488527.0,-0.08302347846415892,-0.1094871242759855,-0.2727762738066499,-1.5765239434502176,-3.0,-3.0,0.9981482368340854,1.4529363927533419,0.998502545672357,0.998502545672357,0.9841269841269841,0.0,0.9958182015461547,margin_roc_autocorr_full_sample_percentile_gt_90pct;margin_roc_autocorr_rank_252_gt_90pct
2018-11-29,9885.36,125189447.0,-0.08659941843865471,-0.10892529577464782,-0.27592042522924864,-1.605666063910845,-3.0,-3.0,0.9981478452858364,1.4528609930506693,0.9982030548068284,0.9982030548068284,0.9801587301587301,0.0,0.9958182015461547,margin_roc_autocorr_full_sample_percentile_gt_90pct;margin_roc_autocorr_rank_252_gt_90pct
2018-11-30,9888.03,125598992.0,-0.08904452226113047,-0.10628311433359183,-0.27386392237136026,-1.6243627818938913,-3.0,-3.0,0.9981438304812977,1.4520878697655286,0.9970050913447139,0.9970050913447139,0.9682539682539683,0.0,0.9958182015461547,margin_roc_autocorr_full_sample_percentile_gt_90pct;margin_roc_autocorr_rank_252_gt_90pct
2018-12-03,10137.87,125632511.0,-0.06598618585252192,-0.07536787842637216,-0.2725836604421924,-1.420682520649792,-2.535499873997678,-3.0,0.9981475443204303,1.4528030367139972,0.9976040730757711,0.9976040730757711,0.9722222222222222,0.0,0.9958182015461547,margin_roc_autocorr_full_sample_percentile_gt_90pct;margin_roc_autocorr_rank_252_gt_90pct
2018-12-04,10083.54,126123265.0,-0.06207742027898977,-0.08509279237264289,-0.26920280143726216,-1.386155381351844,-2.773367088664003,-3.0,0.9981582049397967,1.4548559319388348,1.0,1.0,1.0,0.0,0.9958182015461547,margin_roc_autocorr_full_sample_percentile_gt_90pct;margin_roc_autocorr_rank_252_gt_90pct
2018-12-05,9916.74,127197762.0,-0.07381384449714068,-0.09807887673906535,-0.2639360280638817,-1.4898262580562058,-3.0,-3.0,0.9981401880108379,1.4513864461468287,0.9967056004791854,0.9967056004791854,0.9563492063492064,0.0,0.9958182015461547,margin_roc_autocorr_full_sample_percentile_gt_90pct;margin_roc_autocorr_rank_252_gt_90pct
2018-12-06,9684.72,127551662.0,-0.09603072744328445,-0.1134699706159662,-0.25911263610004853,-1.6860737427971577,-3.0,-3.0,0.9981401427865424,1.451377737390128,0.9964061096136568,0.9964061096136568,0.9523809523809523,0.0,0.9958182015461547,margin_roc_autocorr_full_sample_percentile_gt_90pct;margin_roc_autocorr_rank_252_gt_90pct
2018-12-07,9760.88,128286154.0,-0.07571275439280956,-0.10013008217026109,-0.2401027944459676,-1.506599821281888,-3.0,-3.0,0.9980574794367678,1.4354594131174894,0.9958071278825996,0.9958071278825996,0.9444444444444444,0.0,0.9958182015461547,margin_roc_autocorr_full_sample_percentile_gt_90pct;margin_roc_autocorr_rank_252_gt_90pct
2018-12-10,9647.54,128275862.0,-0.08988648509438824,-0.10052956422830917,-0.22016388345721039,-1.6318000578012608,-3.0,-2.889328430094513,0.9979562223227029,1.4159605229685566,0.9946091644204852,0.9946091644204852,0.9404761904761905,0.0,0.9958182015461547,margin_roc_autocorr_full_sample_percentile_gt_90pct;margin_roc_autocorr_rank_252_gt_90pct
2018-12-11,9707.04,128628074.0,-0.08863583232170169,-0.09721268937808636,-0.2133122189034492,-1.6207527177437469,-3.0,-2.8044574609165487,0.997913679029914,1.4077680418740262,0.9937106918238994,0.9937106918238994,0.9325396825396826,0.0,0.9958182015461547,margin_roc_autocorr_full_sample_percentile_gt_90pct;margin_roc_autocorr_rank_252_gt_90pct
2018-12-12,9816.45,129001297.0,-0.07101454075717928,-0.08450586006899452,-0.20544439180788887,-1.4650992826598341,-2.6960302196666097,-2.706999375266646,0.9978606185778904,1.3975502913997544,0.9916142557651991,0.9916142557651991,0.9246031746031746,0.0,0.9958182015461547,margin_roc_autocorr_full_sample_percentile_gt_90pct;margin_roc_autocorr_rank_252_gt_90pct
2018-12-13,9858.76,128232547.0,-0.05148779286352023,-0.08095939026197807,-0.20499668167258578,-1.2926144580068597,-2.6039776409674826,-2.6961011412285214,0.9978237208042872,1.3904449572128748,0.9886193471099132,0.9886193471099132,0.9166666666666666,0.0,0.9958182015461547,margin_roc_autocorr_full_sample_percentile_gt_90pct;margin_roc_autocorr_rank_252_gt_90pct
2018-12-14,9774.16,128507471.0,-0.056161981351441126,-0.10065935845508056,-0.2031909065421701,-1.3339027762728928,-3.0,-2.6724275002851843,0.9977882767462228,1.3836195622664476,0.9856244384546271,0.9856244384546271,0.9126984126984127,0.0,0.9958182015461547,margin_roc_autocorr_full_sample_percentile_gt_90pct;margin_roc_autocorr_rank_252_gt_90pct
2018-12-17,9787.53,128884742.0,-0.05876645170224515,-0.09614161004967392,-0.20264497577851015,-1.3569087378502522,-2.9658613058768166,-2.661199071666187,0.9977472396220317,1.375717121198281,0.9838274932614556,0.9838274932614556,0.9087301587301587,0.0,0.9958182015461547,margin_roc_autocorr_full_sample_percentile_gt_90pct;margin_roc_autocorr_rank_252_gt_90pct
2018-12-18,9718.82,129101367.0,-0.0720198145914912,-0.0967815683894645,-0.1993802201864645,-1.4739791269628286,-2.9800179854918922,-2.614781139680231,0.9977032961888452,1.3672550177265141,0.9826295297993412,0.9826295297993412,0.9047619047619048,0.0,0.9958182015461547,margin_roc_autocorr_full_sample_percentile_gt_90pct;margin_roc_autocorr_rank_252_gt_90pct
2018-12-19,9783.21,129080270.0,-0.06320523820102508,-0.09892542047862873,-0.19617933403310672,-1.3961176893399507,-3.0,-2.573290861084764,0.9976588497589298,1.3558800956323038,0.9805330937406409,0.9805330937406409,0.9007936507936508,0.0,0.9958182015461547,margin_roc_autocorr_full_sample_percentile_gt_90pct;margin_roc_autocorr_rank_252_gt_90pct
2018-12-20,9674.52,128632850.0,-0.07603885127068866,-0.10680880882544375,-0.1927946669376912,-1.509480319514731,-3.0,-2.5308941948160073,0.9976219525215904,1.3445996699693548,0.9787361485474693,0.9787361485474693,0.8968253968253969,0.0,0.9958182015461547,margin_roc_autocorr_full_sample_percentile_gt_90pct
2018-12-21,9676.67,128537651.0,-0.08173649484105638,-0.1180907384977411,-0.1912406260785281,-1.5598090817603458,-3.0,-2.510164648826264,0.9975670222275969,1.33039587644308,0.9760407307577119,0.9760407307577119,0.8928571428571429,0.0,0.9958182015461547,margin_roc_autocorr_full_sample_percentile_gt_90pct
2018-12-22,9646.16,128193171.0,-0.08056853968568667,-0.12138703051776834,-0.19655095295605995,-1.549492231188321,-3.0,-2.571590427922126,0.9975135180774506,1.3186111535338667,0.9742437855645403,0.9742437855645403,0.8888888888888888,0.0,0.9958182015461547,margin_roc_autocorr_full_sample_percentile_gt_90pct
2018-12-24,9639.7,128021176.0,-0.08250305524569501,-0.12160259663811179,-0.19774172071515184,-1.5665803084745977,-3.0,-2.5810904811060005,0.9974600246831409,1.3028005089178107,0.9718478586403114,0.9718478586403114,0.8849206349206349,0.0,0.9958182015461547,margin_roc_autocorr_full_sample_percentile_gt_90pct
2018-12-25,9527.09,127358796.0,-0.08982702386661745,-0.13658456125914098,-0.1991278661484014,-1.6312748213665227,-3.0,-2.59527872647928,0.9974064383057559,1.285466405591848,0.9682539682539683,0.9682539682539683,0.8809523809523809,0.0,0.9958182015461547,margin_roc_autocorr_full_sample_percentile_gt_90pct
2018-12-26,9478.99,127307407.0,-0.09762749749631594,-0.13877001800780275,-0.19953057746383873,-1.700178426490938,-3.0,-2.5943540885226666,0.9973604500522808,1.271038607577325,0.9670560047918538,0.9670560047918538,0.876984126984127,0.0,0.9958182015461547,margin_roc_autocorr_full_sample_percentile_gt_90pct
2018-12-27,9641.56,126705283.0,-0.0807905828694333,-0.12760274344450673,-0.20731329537429477,-1.5514535961745695,-3.0,-2.6841736615370206,0.9972990052354757,1.2562481521941764,0.9628631326744534,0.9628631326744534,0.8690476190476191,0.0,0.9958182015461547,margin_roc_autocorr_full_sample_percentile_gt_90pct
2018-12-28,9727.41,126372734.0,-0.0768567190553151,-0.10918135504591264,-0.2103866037128197,-1.5167047576131212,-3.0,-2.721143704230969,0.9972472142509676,1.2465312957477492,0.9619646600778676,0.9619646600778676,0.8611111111111112,0.0,0.9958182015461547,margin_roc_autocorr_full_sample_percentile_gt_90pct
2019-01-02,9554.14,127343140.0,-0.0920266971030621,-0.12056399427831899,-0.19954743802158248,-1.6507051051264314,-3.0,-2.585754964747849,0.9971724827238706,1.232510409145148,0.9577717879604672,0.9577717879604672,0.8492063492063492,0.0,0.9958182015461547,margin_roc_autocorr_full_sample_percentile_gt_90pct
2019-01-03,9492.42,127018341.0,-0.08918614726091467,-0.11442301502671448,-0.19536438566320025,-1.6256137922202032,-3.0,-2.526820713558981,0.9971149402633033,1.2217144794245944,0.955675351901767,0.955675351901767,0.8452380952380952,0.0,0.9958182015461547,margin_roc_autocorr_full_sample_percentile_gt_90pct
2019-01-04,9382.51,126154638.0,-0.10529176564152398,-0.1078821958863263,-0.17981537363858258,-1.767878893272141,-3.0,-2.327959010935569,0.9969902643798226,1.198323194751774,0.9514824797843666,0.9514824797843666,0.8333333333333334,0.0,0.9958182015461547,margin_roc_autocorr_full_sample_percentile_gt_90pct
2019-01-07,9590.3,126066869.0,-0.09248422542781554,-0.08278842723698432,-0.17610929081370474,-1.6547465713909952,-2.539873979053948,-2.2754828763120662,0.9969362693507362,1.1881928226138938,0.949685534591195,0.949685534591195,0.8253968253968254,0.0,0.9958182015461547,margin_roc_autocorr_full_sample_percentile_gt_90pct
2019-01-08,9563.6,126038300.0,-0.10140695264242883,-0.08629451323848769,-0.16508067503541712,-1.7335633332716909,-2.623566846476053,-2.132678416970414,0.996832213503,1.1686702021333482,0.9448936807427374,0.9448936807427374,0.8174603174603174,0.0,0.9958182015461547,margin_roc_autocorr_full_sample_percentile_gt_90pct
2019-04-08,10800.57,128076914.0,-0.0036420496215422427,0.11967560148286993,-0.0009068891821077951,-0.8699806083547263,2.268723045488844,-0.04260163681779917,0.9953481301680314,0.9704636332098973,0.8781072177298592,0.8781072177298592,0.7658730158730159,0.05,0.9958182015461547,index_qoq_z_gt_2
2019-04-09,10851.6,127567575.0,-0.01230477691846299,0.12571968007303136,-0.003543171639041942,-0.9465007235814467,2.4107619170241854,-0.07613863856649133,0.9954111435813214,0.9833514997239217,0.8825995807127882,0.8825995807127882,0.7698412698412699,0.05,0.9958182015461547,index_qoq_z_gt_2
2019-04-10,10868.14,128343405.0,0.00022824200278681595,0.14076176461017997,0.007730985459378781,-0.8357933194209118,2.75736882227661,0.06411202416980087,0.9954523923428991,0.991787934211832,0.8843965259059599,0.8843965259059599,0.7698412698412699,0.075,0.9958182015461547,index_qoq_z_gt_2
2019-04-11,10808.77,129030084.0,-0.0034252511543511055,0.14028709809800421,0.013531632138261918,-0.8680655713090214,2.72464286486737,0.13495261147766738,0.9955548668760456,1.01274661642445,0.8882899071578317,0.8882899071578317,0.7777777777777778,0.1,0.9958182015461547,index_qoq_z_gt_2
2019-04-12,10805.3,128860121.0,-0.009253435195695658,0.12070038458506716,0.0170066941881184,-0.9195474313653508,2.2384033104055363,0.1788155762937142,0.9956237698803071,1.0268390560333038,0.8909853249475891,0.8909853249475891,0.7777777777777778,0.125,0.9958182015461547,index_qoq_z_gt_2
2019-04-15,10875.6,129445534.0,-0.004019418489324966,0.1180365585495009,0.02431537170035436,-0.8733140053619223,2.1684106153794267,0.27177989880434783,0.9956896882200269,1.0403210548455926,0.8939802336028752,0.8939802336028752,0.7857142857142857,0.125,0.9958182015461547,index_qoq_z_gt_2
2019-04-16,10927.85,129466633.0,0.00363510456665761,0.14378164858375553,0.016675362332042365,-0.8056996194793635,2.782812741406559,0.167870866931747,0.9957277222729458,1.0480999985880912,0.8954776879305181,0.8954776879305181,0.7857142857142857,0.125,0.9958182015461547,index_qoq_z_gt_2
2019-04-17,10997.26,130416761.0,0.016238923701177077,0.15853070133854175,0.026755348662599765,-0.6943668186865929,3.0,0.2904396461702129,0.9959265414738625,1.0887636476122127,0.9077568134171907,0.9077568134171907,0.7896825396825397,0.15,0.9958182015461547,index_qoq_z_gt_2;margin_roc_autocorr_full_sample_percentile_gt_90pct
2019-04-18,10962.02,130100581.0,0.006287218192817079,0.16834621012927253,0.031278620132856316,-0.7822728125036648,3.0,0.34277217045414543,0.9959933778493308,1.1024334083876204,0.9110512129380054,0.9110512129380054,0.7896825396825397,0.175,0.9958182015461547,index_qoq_z_gt_2;margin_roc_autocorr_full_sample_percentile_gt_90pct
2019-04-19,10968.5,130674861.0,0.0037813964810682332,0.1437077046599169,0.036551966718551654,-0.8044073850866893,2.7671539585447533,0.4074688443188611,0.9961115228095782,1.1265970966798724,0.9152440850554058,0.9152440850554058,0.7936507936507936,0.2,0.9958182015461547,index_qoq_z_gt_2;margin_roc_autocorr_full_sample_percentile_gt_90pct
2019-04-22,10987.71,131980219.0,0.0012474918033682503,0.14890940649964435,0.04714375709605734,-0.8267900217858788,2.892632009705548,0.5460802587970733,0.9973300654134707,1.3758204540677137,0.9664570230607966,0.9664570230607966,0.8690476190476191,0.225,0.9958182015461547,index_qoq_z_gt_2;margin_roc_autocorr_full_sample_percentile_gt_90pct
2019-04-23,11025.68,131904575.0,0.006425206452773002,0.1321964488704921,0.055740120470096466,-0.7810539264427455,2.489473694013074,0.657082653316837,0.9974178953724375,1.3937839435534545,0.9688529499850255,0.9688529499850255,0.8809523809523809,0.25,0.9958182015461547,index_qoq_z_gt_2;margin_roc_autocorr_full_sample_percentile_gt_90pct
2019-04-24,11027.64,132503286.0,0.005676952666526125,0.1344503322295021,0.057647402079704646,-0.7876634460524409,2.5438429947046988,0.6799053871021853,0.9974556169649662,1.4014989810958298,0.9715483677747828,0.9715483677747828,0.8809523809523809,0.275,0.9958182015461547,index_qoq_z_gt_2;margin_roc_autocorr_full_sample_percentile_gt_90pct
2019-04-25,11039.86,132786844.0,0.007787631623389579,0.1312027378732301,0.06633853806546841,-0.7690192718276312,2.465502900762069,0.7906055522380949,0.9974774647830028,1.4059674227779564,0.9727463312368972,0.9727463312368972,0.8849206349206349,0.3,0.9958182015461547,index_qoq_z_gt_2;margin_roc_autocorr_full_sample_percentile_gt_90pct
2019-04-26,10952.47,132316669.0,0.013137288457002017,0.12816458629903327,0.05857314588170004,-0.7217643666112398,2.3748667132560284,0.6859239277963195,0.997470854646845,1.4046154796281909,0.9724468403713686,0.9724468403713686,0.8809523809523809,0.325,0.9958182015461547,index_qoq_z_gt_2;margin_roc_autocorr_full_sample_percentile_gt_90pct
2019-04-29,10939.06,131013850.0,0.008404399380893324,0.1155430734526881,0.05206101135352559,-0.7635712023854488,2.0711805904123763,0.601302069765484,0.9975924637900725,1.4294876825921154,0.9769392033542977,0.9769392033542977,0.8928571428571429,0.35,0.9958182015461547,index_qoq_z_gt_2;margin_roc_autocorr_full_sample_percentile_gt_90pct
2019-04-30,10967.73,131269926.0,-0.00031810500564199984,0.12330432484859899,0.05588076975078704,-0.8406193441364315,2.246602946015003,0.6491267773658277,0.9976060025624859,1.432256710367588,0.977538185085355,0.977538185085355,0.8928571428571429,0.375,0.9958182015461547,index_qoq_z_gt_2;margin_roc_autocorr_full_sample_percentile_gt_90pct
2019-05-02,11004.49,131702982.0,0.020883390324861084,0.12415173942579294,0.062046153884116384,-0.6545237981260192,2.266789781085462,0.7278912811879031,0.9976126156788481,1.4336092630459396,0.9778376759508834,0.9778376759508834,0.8928571428571429,0.4,0.9958182015461547,index_qoq_z_gt_2;margin_roc_autocorr_full_sample_percentile_gt_90pct
2019-05-03,11096.3,132380355.0,0.03731561643169701,0.12812447260386772,0.07546903785912207,-0.509920266250598,2.355960450630878,0.9020170274643604,0.9975979201449711,1.4306036477480135,0.9772386942198263,0.9772386942198263,0.8849206349206349,0.425,0.9958182015461547,index_qoq_z_gt_2;margin_roc_autocorr_full_sample_percentile_gt_90pct
2019-05-06,10897.12,130544088.0,0.03002221276997985,0.10189900297288013,0.06371942662250074,-0.5751610694748381,1.728625495265593,0.7462993042821723,0.9975686504282939,1.4246172365739023,0.9763402216232405,0.9763402216232405,0.876984126984127,0.45,0.9958182015461547,margin_roc_autocorr_full_sample_percentile_gt_90pct
2019-05-07,10987.14,130428483.0,0.04045181946539622,0.11041107021363028,0.06344353888121335,-0.48400605230470195,1.9254075991731663,0.7397356828292749,0.9976982006421191,1.4511135930711592,0.9820305480682839,0.9820305480682839,0.9007936507936508,0.475,0.9958182015461547,margin_roc_autocorr_full_sample_percentile_gt_90pct;margin_roc_autocorr_rank_252_gt_90pct
2019-05-08,10923.71,130057325.0,0.04148607342461985,0.10941156158596033,0.06396904743540888,-0.47640521335610014,1.8985708379438426,0.7420301275463651,0.9976944353420857,1.446510223127108,0.9817310572027553,0.9817310572027553,0.8968253968253969,0.5,0.9958182015461547,margin_roc_autocorr_full_sample_percentile_gt_90pct
2019-05-09,10733.67,128994871.0,0.017078807553563058,0.0867206230156159,0.055331081527232095,-0.6943121569415108,1.3550304073831991,0.6256314672103673,0.9976584564345216,1.4391003593465146,0.9802336028751123,0.9802336028751123,0.8888888888888888,0.5,0.9958182015461547,margin_roc_autocorr_full_sample_percentile_gt_90pct
2019-05-10,10712.99,127689677.0,0.005170821964593397,0.07456460182494595,0.05549242524593834,-0.8006261028648254,1.0626265386459464,0.625255925685929,0.9976542916307868,1.4378720736838986,0.9799341120095837,0.9799341120095837,0.8849206349206349,0.5,0.9958182015461547,margin_roc_autocorr_full_sample_percentile_gt_90pct
2019-05-13,10558.29,126445334.0,-0.005699320356989057,0.05442345353643607,0.048698529954879444,-0.8976742319813005,0.5895624609386981,0.534726238248718,0.9976306335896413,1.4319375990729108,0.9790356394129979,0.9790356394129979,0.8809523809523809,0.5,0.9958182015461547,margin_roc_autocorr_full_sample_percentile_gt_90pct
2019-05-14,10519.25,125360107.0,0.0004822059352227459,0.059170787356304544,0.04433797397156436,-0.8424858504499607,0.7008897088001156,0.47710725661544484,0.9976191864353641,1.4268216972026244,0.9784366576819407,0.9784366576819407,0.873015873015873,0.5,0.9958182015461547,margin_roc_autocorr_full_sample_percentile_gt_90pct
2019-05-15,10560.71,125546207.0,0.0029764363869821953,0.06327361547120192,0.06359562077471126,-0.8202174760563716,0.797102989730216,0.7238750794903921,0.9975240395446789,1.3950834189366126,0.9748427672955975,0.9748427672955975,0.8452380952380952,0.5,0.9958182015461547,margin_roc_autocorr_full_sample_percentile_gt_90pct
2019-05-16,10474.61,125519463.0,-0.012286761509527122,0.047016018192268305,0.063771041592668,-0.9564866026573843,0.4181192533150789,0.7139328921599851,0.9974981932632513,1.3743398471742188,0.9733453129679545,0.9733453129679545,0.8373015873015873,0.5,0.9958182015461547,margin_roc_autocorr_full_sample_percentile_gt_90pct
2019-05-17,10384.11,125364160.0,-0.028739975569103238,0.02835981120527964,0.05281111100109692,-1.1033801386568551,-0.021106520218448745,0.5621460761248929,0.9974152505672781,1.3525238493262404,0.9685534591194969,0.9685534591194969,0.8134920634920635,0.5,0.9958182015461547,margin_roc_autocorr_full_sample_percentile_gt_90pct
2019-05-20,10398.41,124751657.0,-0.028490145608617956,0.030506670577905348,0.04092694318536827,-1.101149668296389,0.029769620800315245,0.398290951282912,0.9973212814747492,1.3334932791152052,0.9649595687331537,0.9649595687331537,0.7936507936507936,0.5,0.9958182015461547,margin_roc_autocorr_full_sample_percentile_gt_90pct
2019-05-21,10464.5,124666739.0,-0.02748180565249181,0.03721772502951226,0.039608025416833614,-1.0921472556912535,0.18890014038316605,0.37885896835376986,0.9973012161850173,1.3269283183228082,0.963162623539982,0.963162623539982,0.7896825396825397,0.5,0.9958182015461547,margin_roc_autocorr_full_sample_percentile_gt_90pct
2019-05-22,10457.22,124851732.0,-0.03699795008370954,0.03899141362255287,0.03878931080742398,-1.1771069541138035,0.23149675994282615,0.3672107465306911,0.9972355966790807,1.308571022679634,0.9607666966157532,0.9607666966157532,0.7738095238095238,0.5,0.9958182015461547,margin_roc_autocorr_full_sample_percentile_gt_90pct
2019-05-23,10308.37,124641311.0,-0.058801777511575004,0.016075455778450598,0.033754508114190784,-1.3717705193967995,-0.3125448689518652,0.29480856115765297,0.9972104666487053,1.2966579942707883,0.9595687331536388,0.9595687331536388,0.7658730158730159,0.5,0.9958182015461547,margin_roc_autocorr_full_sample_percentile_gt_90pct
2019-05-24,10328.28,124607938.0,-0.050249523436443844,0.01733801143784741,0.03220263759515363,-1.2954163896010638,-0.27896684356982665,0.26818094099923717,0.9971605071923595,1.2817415840436834,0.95717280622941,0.95717280622941,0.753968253968254,0.5,0.9958182015461547,margin_roc_autocorr_full_sample_percentile_gt_90pct
2019-05-27,10334.13,124510546.0,-0.05170326962799965,0.006003430531732468,0.027557704197086474,-1.308395368525799,-0.548735920316459,0.20418484634016626,0.997081161294475,1.2623499021731521,0.954177897574124,0.954177897574124,0.7420634920634921,0.5,0.9958182015461547,margin_roc_autocorr_full_sample_percentile_gt_90pct
2019-05-28,10312.31,124189163.0,-0.048136343539345816,-0.0006996442667448477,0.021491876609036398,-1.2765500169784418,-0.7048482728210641,0.11911363472110312,0.9969908249564493,1.240774820498848,0.9517819706498952,0.9517819706498952,0.7341269841269841,0.5,0.9958182015461547,margin_roc_autocorr_full_sample_percentile_gt_90pct
2019-05-29,10301.78,124352051.0,-0.04884755014384845,-0.002047870176267952,0.019672315604589707,-1.28289963672953,-0.729199727351796,0.09105852132036793,0.9969202558023817,1.217601547872186,0.9493860437256664,0.9493860437256664,0.7182539682539683,0.5,0.9958182015461547,margin_roc_autocorr_full_sample_percentile_gt_90pct
2019-05-30,10382.99,124970860.0,-0.05318250624646648,-0.0007641279461992889,0.030697221335455493,-1.3216019248059092,-0.6938378736268748,0.23398219849943916,0.996805640337156,1.1880606572797763,0.9442946990116802,0.9442946990116802,0.7063492063492064,0.5,0.9958182015461547,margin_roc_autocorr_full_sample_percentile_gt_90pct
2019-05-31,10498.49,124168776.0,-0.040245988336854444,0.010291053788895832,0.024851875378566257,-1.206105289778701,-0.42254112926847415,0.15650515704219461,0.996703561281807,1.164855622268388,0.9380053908355795,0.9380053908355795,0.6984126984126984,0.5,0.9958182015461547,margin_roc_autocorr_full_sample_percentile_gt_90pct
2019-06-03,10500.07,124516719.0,-0.03546790517885989,0.010674577468652524,0.026860278527438552,-1.1634467837970786,-0.4054311559694931,0.18061578750488025,0.9966239990243816,1.147771617328678,0.9335130278526504,0.9335130278526504,0.6944444444444444,0.5,0.9958182015461547,margin_roc_autocorr_full_sample_percentile_gt_90pct
2019-06-04,10429.12,124624211.0,-0.046430762563168915,0.007656127414037872,0.01743867871527427,-1.2613226687158547,-0.4761599755321089,0.05510555955201445,0.9964875616001796,1.1167649369096815,0.9287211740041929,0.9287211740041929,0.6865079365079365,0.5,0.9958182015461547,margin_roc_autocorr_full_sample_percentile_gt_90pct
2019-06-05,10461.62,124750138.0,-0.043928607331182534,0.015172834067262775,0.006740229342675708,-1.2389835422500364,-0.29097781333442846,-0.0852461879162082,0.9963344164103272,1.0822606262598584,0.9236298292902066,0.9236298292902066,0.6785714285714286,0.5,0.9958182015461547,margin_roc_autocorr_full_sample_percentile_gt_90pct
2019-06-06,10409.2,124629559.0,-0.05265581642134842,0.005025513775507751,0.004398941224538655,-1.3168996623478635,-0.5351432133250904,-0.11596128196981559,0.9962043042045137,1.0519918964378805,0.9185384845762204,0.9185384845762204,0.6706349206349206,0.5,0.9958182015461547,margin_roc_autocorr_full_sample_percentile_gt_90pct
2019-06-10,10566.47,123970914.0,-0.03626830060232844,0.024708873820754595,0.004983854672802046,-1.1705926772088684,-0.05663247763055261,-0.10828786858790126,0.996066164450912,1.0210696533868786,0.9134471398622342,0.9134471398622342,0.6587301587301587,0.5,0.9958182015461547,margin_roc_autocorr_full_sample_percentile_gt_90pct
2019-06-11,10607.76,123226975.0,-0.019721527339465084,0.03573705665535676,-0.003032343110792479,-1.0228638489591177,0.21072738672441013,-0.21345146078660052,0.9958993975603206,0.9847003972203447,0.905360886492962,0.905360886492962,0.6388888888888888,0.475,0.9958182015461547,margin_roc_autocorr_full_sample_percentile_gt_90pct
2019-10-17,11186.88,138683880.0,0.024474272479928283,0.02854337314725508,0.10173604210668419,-0.5551362917526697,0.1662130783829246,1.1244615146602919,0.9884851481923288,-0.4089095883324811,0.4363581910751722,0.4363581910751722,0.2619047619047619,0.725,0.9958182015461547,margin_roc_persistence_score_gt_70pct
2019-10-18,11180.22,139116681.0,0.029112826469954722,0.027022657437729913,0.10080005116088708,-0.5145084228353731,0.1247642691354649,1.1107741445394466,0.9889206574768101,-0.32701965493868035,0.46271338724168914,0.46271338724168914,0.2698412698412698,0.75,0.9958182015461547,margin_roc_persistence_score_gt_70pct
2019-10-21,11184.15,140080266.0,0.043403666977332556,0.032845791837820215,0.10500744833399889,-0.39154893478930136,0.28392570928787125,1.1655628551834738,0.9891870151720772,-0.2769357308948496,0.4758909853249476,0.4758909853249476,0.27380952380952384,0.775,0.9958182015461547,margin_roc_persistence_score_gt_70pct
2019-10-22,11271.25,140568400.0,0.07170499148055742,0.04370383951522694,0.10520018448255186,-0.1504062120237414,0.5809636634352617,1.1674211159106842,0.9894759688524344,-0.22260302552778674,0.4944594189877209,0.4944594189877209,0.28174603174603174,0.8,0.9958182015461547,margin_roc_persistence_score_gt_70pct
2019-10-23,11239.67,140614493.0,0.07495650793377528,0.033704920083250656,0.10615955742256111,-0.12055190591263783,0.31049107113658314,1.1785614024614959,0.9899023900745615,-0.14242194392517657,0.5187181790955376,0.5187181790955376,0.2857142857142857,0.825,0.9958182015461547,margin_roc_persistence_score_gt_70pct
2019-10-24,11320.14,140732136.0,0.08152516091309403,0.03431942714762526,0.10192018167775174,-0.06281684652323109,0.3315618118180212,1.1203057179950866,0.9901637613032771,-0.09327563804086421,0.5360886492961965,0.5360886492961965,0.29365079365079366,0.85,0.9958182015461547,margin_roc_persistence_score_gt_70pct
2019-10-25,11296.12,140689088.0,0.1519471023678094,0.03186733483995097,0.09588847149635504,0.5326219463885147,0.26467972539310214,1.039391950688511,0.990225791015478,-0.08161203135881555,0.5408805031446541,0.5408805031446541,0.2976190476190476,0.875,0.9958182015461547,margin_roc_persistence_score_gt_70pct
2019-10-28,11315.02,140954603.0,0.12634222626149616,0.034680717206668765,0.0952168032270786,0.31612498242449305,0.3489822716986594,1.0286939643350206,0.9904675876587249,-0.03614638523852257,0.559748427672956,0.559748427672956,0.30158730158730157,0.9,0.9958182015461547,margin_roc_persistence_score_gt_70pct
2019-10-29,11333.87,140688756.0,0.14470585145922876,0.03586923440397549,0.08654879849338393,0.4713949820204707,0.3877129750398966,0.905931817644229,0.9905255652099003,-0.025244716839545368,0.5630428271937706,0.5630428271937706,0.3055555555555556,0.9,0.9958182015461547,margin_roc_persistence_score_gt_70pct
2019-10-30,11380.28,141418328.0,0.14018294576750057,0.04483115099366697,0.08852309776800249,0.4331524478059305,0.6476987339947639,0.9250871234648081,0.9906985850310257,0.005453175050512434,0.5741239892183289,0.5741239892183289,0.3134920634920635,0.9,0.9958182015461547,margin_roc_persistence_score_gt_70pct
2019-10-31,11358.71,140739443.0,0.13824537986239283,0.04344954357677433,0.07850303217338861,0.41457462890684177,0.6092998683338007,0.7916524718116416,0.9905948961187331,-0.014043718411657672,0.567235699311171,0.567235699311171,0.30952380952380953,0.875,0.9958182015461547,margin_roc_persistence_score_gt_70pct
2019-11-01,11399.53,141078964.0,0.14525208138054801,0.05250071554533786,0.09360788705133549,0.47381840730999836,0.872018764408242,0.9858228790426099,0.9903413011400208,-0.06172783596263151,0.5474693021862833,0.5474693021862833,0.30158730158730157,0.85,0.9958182015461547,margin_roc_persistence_score_gt_70pct
2019-11-04,11556.85,141395891.0,0.16509195242387031,0.06772476604818456,0.08936419745363033,0.6415705115764949,1.3139113453669256,0.9278380410920224,0.9906868379633832,0.002276711234383638,0.573225516621743,0.573225516621743,0.32142857142857145,0.825,0.9958182015461547,margin_roc_persistence_score_gt_70pct
2019-11-05,11644.03,140896818.0,0.1674055671186292,0.08500757099261547,0.0772006630476545,0.6611328228768156,1.8155612368772058,0.7668371482789322,0.9907077627281842,0.004650998034403469,0.5750224618149147,0.5750224618149147,0.32936507936507936,0.8,0.9958182015461547,margin_roc_persistence_score_gt_70pct
2019-11-06,11653.07,141365906.0,0.19210553236762418,0.10465691664833954,0.0907619463284366,0.8697446661620768,2.3859022288709997,0.9387920530520137,0.9904518078593965,-0.04347685573065977,0.5582509733453129,0.5582509733453129,0.3055555555555556,0.775,0.9958182015461547,index_qoq_z_gt_2;margin_roc_persistence_score_gt_70pct
2019-11-07,11606.56,141301935.0,0.18926983216181315,0.11350891886628278,0.09179904561689511,0.8445475248315752,2.642840033038656,0.9499983539483292,0.9905345528622391,-0.02791809955046572,0.5636418089248278,0.5636418089248278,0.31746031746031744,0.775,0.9958182015461547,index_qoq_z_gt_2;margin_roc_persistence_score_gt_70pct
2019-11-08,11579.54,141740475.0,0.2162373080385136,0.11397965319031256,0.10625194309528996,1.0706630338439587,2.6565035456073027,1.1324125652463295,0.9904722808150623,-0.03962727310270437,0.5603474094040132,0.5603474094040132,0.3134920634920635,0.775,0.9958182015461547,index_qoq_z_gt_2;margin_roc_persistence_score_gt_70pct
2019-11-11,11427.28,140637625.0,0.20424314851230552,0.1002389714023828,0.09512703999667105,0.9684799516856907,2.2576671558919053,0.9871498232032581,0.9903594198643322,-0.06084880859547884,0.5480682839173405,0.5480682839173405,0.3055555555555556,0.775,0.9958182015461547,index_qoq_z_gt_2;margin_roc_persistence_score_gt_70pct
2019-11-12,11520.37,141094907.0,0.2105908586512435,0.09775415479932814,0.09654429350186322,1.0205485775336482,2.179809549935287,1.003678610407007,0.9905631789019498,-0.022535471512981575,0.5654387541179994,0.5654387541179994,0.32936507936507936,0.775,0.9958182015461547,index_qoq_z_gt_2;margin_roc_persistence_score_gt_70pct
2019-11-13,11467.83,141806669.0,0.20383136453389672,0.09505689262019246,0.10142498272288769,0.9629647638405536,2.0988011984859094,1.0569251629532521,0.9907039547021246,0.002238991853600891,0.5747229709493861,0.5747229709493861,0.3492063492063492,0.775,0.9958182015461547,index_qoq_z_gt_2;margin_roc_persistence_score_gt_70pct
2019-11-14,11450.42,140845884.0,0.16815630888388555,0.10496918744801054,0.0930585964667805,0.6632384571391413,2.3558526528781214,0.9424819310855749,0.9912621753325122,0.1060982402320793,0.6094639113507038,0.6094639113507038,0.3611111111111111,0.75,0.9958182015461547,index_qoq_z_gt_2;margin_roc_persistence_score_gt_70pct
2019-11-15,11525.6,140487539.0,0.17073686049606196,0.10528370028759859,0.08837484289310105,0.6841311888499724,2.3298418532855347,0.8794470045214501,0.9912852092505129,0.10979962760984362,0.6103623839472896,0.6103623839472896,0.36507936507936506,0.725,0.9958182015461547,index_qoq_z_gt_2;margin_roc_persistence_score_gt_70pct
2019-11-18,11599.78,140452228.0,0.17091552188997428,0.12323365736656755,0.09150177272774118,0.6851470481806875,2.816974152398358,0.9163381435491484,0.991552380818575,0.15917373322604086,0.6271338724168913,0.6271338724168913,0.373015873015873,0.7,0.9958182015461547,index_qoq_z_gt_2
2019-11-19,11656.4,139997884.0,0.17862729415428613,0.11856089067248576,0.08503448450592677,0.7480456903111985,2.652564140943171,0.8319733481323848,0.9917886433787988,0.20322390432176032,0.6403114705001497,0.6403114705001497,0.376984126984127,0.675,0.9958182015461547,index_qoq_z_gt_2
2019-11-20,11631.2,139921031.0,0.18384317477442624,0.10892146347276843,0.07957346021221667,0.7872327993152837,2.363272093220236,0.7548160012333162,0.9917928818352661,0.20306432447982284,0.6406109613656783,0.6406109613656783,0.38095238095238093,0.65,0.9958182015461547,index_qoq_z_gt_2
2019-11-21,11558.27,139881730.0,0.1665181387415664,0.09843383226419578,0.07929637783263765,0.6408545996410598,2.0751656138486405,0.7438300955387729,0.9918432458484421,0.21093095367337436,0.6466007786762503,0.6466007786762503,0.38492063492063494,0.625,0.9958182015461547,index_qoq_z_gt_2
2019-11-22,11566.8,139928780.0,0.16304066942106377,0.09889984609245861,0.07586584139689379,0.6118394019224317,2.084791382539932,0.6961772948735763,0.9919091310349596,0.22002994316681612,0.651392632524708,0.651392632524708,0.39285714285714285,0.6,0.9958182015461547,index_qoq_z_gt_2
2019-11-25,11561.58,140170055.0,0.1761513976079372,0.09798875190174905,0.07590942115796495,0.7182548633589808,2.0558064389458495,0.6898636782160352,0.9919533862625088,0.22835136768168426,0.6546870320455226,0.6546870320455226,0.3968253968253968,0.575,0.9958182015461547,index_qoq_z_gt_2
2019-11-26,11576.82,139902302.0,0.17755800150744427,0.09856701059298101,0.07547880485629044,0.7278642867426539,2.067766694762247,0.6779643533539534,0.992027831845689,0.24234956258893076,0.6597783767595088,0.6597783767595088,0.4007936507936508,0.575,0.9958182015461547,index_qoq_z_gt_2
2019-11-27,11647.46,140100799.0,0.1914536244455718,0.12486177600808146,0.07710479511019663,0.8411075076853757,2.7725445206234074,0.6949314053799377,0.9921244709567882,0.2605208637601071,0.6693620844564241,0.6693620844564241,0.40476190476190477,0.575,0.9958182015461547,index_qoq_z_gt_2
2019-11-28,11617.08,140690744.0,0.18639934312920503,0.11840018946340858,0.07691281522534954,0.7917718648191379,2.58604949606049,0.6897357877395931,0.9921616550286206,0.2675126806378844,0.67235699311171,0.67235699311171,0.4087301587301587,0.575,0.9958182015461547,index_qoq_z_gt_2
2019-11-29,11489.57,141065035.0,0.16924813208418898,0.10113577445135213,0.07638676164180502,0.643228401728873,2.114263664905384,0.6766449517988775,0.9923674767728495,0.3062138737616393,0.6867325546570829,0.6867325546570829,0.4166666666666667,0.575,0.9958182015461547,index_qoq_z_gt_2
2019-12-02,11502.83,140673459.0,0.1741068011011433,0.09944152553469898,0.0705546914541586,0.6811959089742012,2.0572409255762913,0.5997589966543597,0.992391948054887,0.3108152720039105,0.6891284815813118,0.6891284815813118,0.42063492063492064,0.575,0.9958182015461547,index_qoq_z_gt_2
2019-12-12,11836.42,141122797.0,0.1974958292485769,0.10069576829297788,0.07147993927428842,0.8474673546329851,2.011895700852021,0.5668987593661923,0.9925919881162231,0.3209639304510568,0.6975142258161126,0.6975142258161126,0.4365079365079365,0.5,0.9958182015461547,index_qoq_z_gt_2
2019-12-13,11927.73,140344831.0,0.2066055257471653,0.10540714620007674,0.06621762221871808,0.9174577042622957,2.127006808979373,0.49494416615639625,0.9925500225347734,0.3111555894945603,0.6963162623539982,0.6963162623539982,0.4365079365079365,0.5,0.9958182015461547,index_qoq_z_gt_2
2019-12-16,11939.77,142748303.0,0.20749734780335416,0.10272129890880222,0.0809431597512591,0.9230629720793806,2.0550060611103786,0.676691026230671,0.9921832060145689,0.23833867688856228,0.6735549565738245,0.6735549565738245,0.4126984126984127,0.5,0.9958182015461547,index_qoq_z_gt_2
2019-12-17,12097.01,142560469.0,0.1932496668432322,0.11000786373442062,0.08114638208969205,0.8035150634766193,2.2464509862609052,0.6774714700310099,0.9922307119905409,0.24421280964369554,0.6768493560946391,0.6768493560946391,0.4166666666666667,0.5,0.9958182015461547,index_qoq_z_gt_2
2019-12-18,12122.45,142709295.0,0.20220180611174254,0.11475929927812789,0.07934242966876281,0.8746015701092411,2.371107518380349,0.6547492877305361,0.9923621939680249,0.26751073102394896,0.6864330637915543,0.6864330637915543,0.42857142857142855,0.5,0.9958182015461547,index_qoq_z_gt_2
2019-12-26,12001.01,144426821.0,0.2225407351944948,0.10367409775338454,0.08153895110144171,1.0146130919573284,2.033213035067679,0.662014254543176,0.9912187047008899,0.03990691564582035,0.6076669661575322,0.6076669661575322,0.3611111111111111,0.5,0.9958182015461547,index_qoq_z_gt_2
2019-12-27,12091.59,144353892.0,0.22648182935785033,0.11217817529265584,0.08195643629423377,1.043929309370836,2.230263000319506,0.653740658319441,0.9909377009487651,-0.0106072766550007,0.5902964959568733,0.5902964959568733,0.35714285714285715,0.5,0.9958182015461547,index_qoq_z_gt_2
2019-12-30,12053.37,144925446.0,0.2331873020290236,0.11299410508897778,0.09253142389255786,1.093879274602149,2.230883710611473,0.7752573064396066,0.990562775619399,-0.0801027574280846,0.5651392632524708,0.5651392632524708,0.32936507936507936,0.5,0.9958182015461547,index_qoq_z_gt_2
2020-01-02,12100.48,145604286.0,0.24505649862843426,0.10528065707698664,0.0844920055665872,1.187018706083293,2.0066964458596557,0.6667571426223597,0.9898934936071033,-0.19905644830137864,0.518418688230009,0.518418688230009,0.2857142857142857,0.5,0.9958182015461547,index_qoq_z_gt_2
2020-01-03,12110.43,144617307.0,0.23787897837212957,0.11350958218668605,0.06544668269444043,1.1247126905990272,2.194646715235622,0.42616081903590197,0.9887679576356241,-0.40848061972921135,0.4528301886792453,0.4528301886792453,0.2698412698412698,0.5,0.9958182015461547,index_qoq_z_gt_2
2020-04-14,10332.94,97271995.0,-0.028953936833241878,-0.14607189136298715,-0.3319427767394155,-0.9119680070431003,-3.0,-3.0,0.9959033845141333,0.8957346262824458,0.9062593590895478,0.9062593590895478,0.8531746031746031,0.0,0.9958182015461547,margin_roc_autocorr_full_sample_percentile_gt_90pct
2020-04-15,10447.21,97879089.0,-0.018362002625290974,-0.1373378154202618,-0.3231855091866702,-0.8261554758483319,-3.0,-3.0,0.995971947201624,0.9049256776257029,0.9095537586103624,0.9095537586103624,0.8571428571428571,0.0,0.9958182015461547,margin_roc_autocorr_full_sample_percentile_gt_90pct
2020-04-16,10375.48,99244539.0,-0.029449126778481438,-0.1320030518615687,-0.31772441277124364,-0.9076371875574653,-3.0,-3.0,0.9960516990644155,0.9172796293378841,0.912848158131177,0.912848158131177,0.8611111111111112,0.0,0.9958182015461547,margin_roc_autocorr_full_sample_percentile_gt_90pct
2020-04-17,10597.04,98351065.0,-0.010027670916017417,-0.10801729246350256,-0.31981545683168233,-0.7562705389995678,-3.0,-3.0,0.9961594699733844,0.9340027134085004,0.9167415393830488,0.9167415393830488,0.8690476190476191,0.0,0.9958182015461547,margin_roc_autocorr_full_sample_percentile_gt_90pct
2020-04-20,10586.71,99813355.0,-0.01980080680927032,-0.10411945401155964,-0.3053698236794049,-0.8272325673641195,-2.9117529107500584,-3.0,0.9961756791458918,0.9309388270581899,0.917340521114106,0.917340521114106,0.8690476190476191,0.0,0.9958182015461547,margin_roc_autocorr_full_sample_percentile_gt_90pct
2020-04-21,10288.42,100356304.0,-0.05189833757233964,-0.14052810921396774,-0.30183811104050473,-1.068120899151773,-3.0,-3.0,0.9962391539019998,0.936652581000025,0.9203354297693921,0.9203354297693921,0.873015873015873,0.0,0.9958182015461547,margin_roc_autocorr_full_sample_percentile_gt_90pct
2020-04-22,10307.74,102149786.0,-0.051563561014120185,-0.14278253421097498,-0.2851373637151593,-1.0594959040231708,-3.0,-3.0,0.9962451914295283,0.9349485401990392,0.9206349206349206,0.9206349206349206,0.873015873015873,0.0,0.9958182015461547,margin_roc_autocorr_full_sample_percentile_gt_90pct
2020-04-23,10366.51,103244771.0,-0.04091677406402394,-0.14421278218702893,-0.27528585858007293,-0.9696676956321914,-3.0,-3.0,0.9962635847404137,0.9376247006452569,0.9212339023659778,0.9212339023659778,0.873015873015873,0.0,0.9958182015461547,margin_roc_autocorr_full_sample_percentile_gt_90pct
2020-04-24,10347.36,104271364.0,-0.04238105374214496,-0.15044980176209632,-0.2653971003707002,-0.9688754606379509,-3.0,-3.0,0.9962782777241341,0.9391091283995305,0.921832884097035,0.921832884097035,0.873015873015873,0.0,0.9958182015461547,margin_roc_autocorr_full_sample_percentile_gt_90pct
2020-04-27,10567.27,104706462.0,-0.028350619735922566,-0.12608543915420922,-0.26520349617477457,-0.8523975367500111,-3.0,-3.0,0.9963069677538227,0.9422225450418541,0.9227313566936208,0.9227313566936208,0.873015873015873,0.0,0.9958182015461547,margin_roc_autocorr_full_sample_percentile_gt_90pct
2020-04-28,10616.06,104407728.0,-0.028531687385899396,-0.12023522138605269,-0.26960103020605797,-0.851413697537792,-3.0,-3.0,0.9963419638535048,0.946908981962689,0.9239293201557353,0.9239293201557353,0.876984126984127,0.0,0.9958182015461547,margin_roc_autocorr_full_sample_percentile_gt_90pct
2020-04-29,10772.22,104287235.0,-0.020463279034959703,-0.10901889036573986,-0.26802154658057753,-0.7883601238062261,-2.9736687441880374,-3.0,0.9963642327051524,0.950279192969725,0.9248277927523211,0.9248277927523211,0.876984126984127,0.0,0.9958182015461547,margin_roc_autocorr_full_sample_percentile_gt_90pct
2020-04-30,10992.14,104468367.0,0.0027476687690770607,-0.09296121451870698,-0.2573652452463613,-0.6102389897917448,-2.606468619230594,-3.0,0.9963557335627222,0.9473445080314379,0.9242288110212639,0.9242288110212639,0.873015873015873,0.0,0.9958182015461547,margin_roc_autocorr_full_sample_percentile_gt_90pct
2020-05-04,10720.48,106589473.0,-0.02261202534530704,-0.061396950026878616,-0.21927156262994352,-0.7975911921654887,-1.8854539953232998,-2.835387728102205,0.9961124529569076,0.9007051523426624,0.9155435759209344,0.9155435759209344,0.8293650793650794,0.0,0.9958182015461547,margin_roc_autocorr_full_sample_percentile_gt_90pct
2020-05-05,10774.61,108565552.0,-0.019394396102554445,-0.06267801063061651,-0.19727800065721346,-0.7675763380617501,-1.913462195737934,-2.5713488620898346,0.9960220679278573,0.8812023665306842,0.9116501946690626,0.9116501946690626,0.8214285714285714,0.0,0.9958182015461547,margin_roc_autocorr_full_sample_percentile_gt_90pct
2020-05-06,10774.98,108459553.0,-0.022737826601171185,-0.05107389572097387,-0.18060947932367988,-0.7895198891933378,-1.6478649138333779,-2.3701863601701016,0.9959594991343081,0.8661864072882786,0.9089547768793051,0.9089547768793051,0.8174603174603174,0.0,0.9958182015461547,margin_roc_autocorr_full_sample_percentile_gt_90pct
2020-05-07,10842.92,109792992.0,-0.016750637489072906,-0.061699977154566654,-0.168906753538259,-0.7397416664542333,-1.8888393700165782,-2.2293468538775874,0.9959232580711879,0.8539674408900314,0.9074573225516622,0.9074573225516622,0.8174603174603174,0.0,0.9958182015461547,margin_roc_autocorr_full_sample_percentile_gt_90pct
2020-05-08,10901.42,110189579.0,-0.012540014094381657,-0.058080358608629035,-0.16269223976494684,-0.6988846167302962,-1.805910897475188,-2.152436483551447,0.9958995381595426,0.8456462122807604,0.9056603773584906,0.9056603773584906,0.8134920634920635,0.0,0.9958182015461547,margin_roc_autocorr_full_sample_percentile_gt_90pct
2020-05-11,11013.26,110800040.0,0.005550346177620291,-0.06267574946721954,-0.16330500535307146,-0.5548310390436029,-1.9094745215864721,-2.1552610326989483,0.9958910405073689,0.8399023189639608,0.9047619047619048,0.9047619047619048,0.8095238095238095,0.0,0.9958182015461547,margin_roc_autocorr_full_sample_percentile_gt_90pct
2020-05-12,10879.47,112035510.0,-0.005447451609187692,-0.06314922917020083,-0.15131935435751953,-0.6312374346218459,-1.9190353522520511,-2.0125625484678697,0.9958878265798898,0.8352752413839805,0.9044624138963762,0.9044624138963762,0.8095238095238095,0.0,0.9958182015461547,margin_roc_autocorr_full_sample_percentile_gt_90pct
2020-05-13,10938.27,112396868.0,-0.0026860617465965797,-0.05493313933646493,-0.14814116000501942,-0.6030981797810555,-1.7314005810360007,-1.9726779016666764,0.995858629935496,0.8288437790548442,0.9032644504342617,0.9032644504342617,0.8095238095238095,0.0,0.9958182015461547,margin_roc_autocorr_full_sample_percentile_gt_90pct
2020-05-14,10780.88,111223644.0,-0.0203198876095122,-0.07571647559507699,-0.1591332745895052,-0.7291483516777074,-2.20218058513074,-2.0991031905445094,0.9958367005666433,0.8237317006167545,0.9011680143755616,0.9011680143755616,0.8095238095238095,0.0,0.9958182015461547,margin_roc_autocorr_full_sample_percentile_gt_90pct
2020-05-15,10814.92,111113214.0,-0.025358002216955167,-0.08147227112862965,-0.15895269227192454,-0.7597461925018948,-2.3184671430122,-2.0921968831515145,0.9958516573045793,0.825398264216386,0.9020664869721473,0.9020664869721473,0.8134920634920635,0.0,0.9958182015461547,margin_roc_autocorr_full_sample_percentile_gt_90pct
2020-05-19,10860.44,112604279.0,-0.011531663381007196,-0.08084667010841506,-0.15101875762574457,-0.6395120706863003,-2.2924033054032136,-1.9926671084222933,0.9958227773928005,0.8180529445250301,0.9005690326445044,0.9005690326445044,0.8134920634920635,0.0,0.9958182015461547,margin_roc_autocorr_full_sample_percentile_gt_90pct
2020-06-15,11306.26,117603294.0,0.07677948813674584,0.11624100220458944,0.021443768763454996,0.1003569472362756,2.166069029346325,0.08768878872993618,0.9925535451548189,0.24613105634310445,0.6966157532195268,0.6966157532195268,0.6904761904761905,0.025,0.9958182015461547,index_qoq_z_gt_2
2020-06-16,11511.64,118148449.0,0.10379782762112222,0.18459687767872657,0.04946121916750834,0.30623453172554094,3.0,0.4183894682789695,0.9923677200038964,0.21543304872827426,0.6873315363881402,0.6873315363881402,0.6746031746031746,0.05,0.9958182015461547,index_qoq_z_gt_2
2020-06-17,11534.59,119555907.0,0.1025625094392646,0.22193242743624486,0.10752577765103033,0.29686938861262624,3.0,1.1024162573968013,0.9917424150446432,0.11213370358874732,0.6385145253069782,0.6385145253069782,0.5992063492063492,0.1,0.9958182015461547,index_qoq_z_gt_2
2020-06-18,11548.33,120739638.0,0.10943492295277246,0.25271107437406903,0.15357731474332592,0.34944040595795195,3.0,1.645064250284718,0.9914531070341229,0.06434049870826909,0.6214435459718478,0.6214435459718478,0.5912698412698413,0.15000000000000002,0.9958182015461547,index_qoq_z_gt_2
2020-06-19,11549.86,122117711.0,0.09306703184696508,0.33042364427611415,0.31502184218780926,0.22486010645915203,3.0,3.0,0.9873599577831141,-0.6089991949292387,0.37705899970050916,0.37705899970050916,0.32936507936507936,0.2,0.9958182015461547,index_qoq_z_gt_2;margin_roc_z_gt_2
2020-06-22,11572.93,122805591.0,0.09098716411381846,0.2532832146968462,0.3316380408245587,0.2090306798345851,3.0,3.0,0.9880527484980706,-0.4898413004035231,0.4106019766397125,0.4106019766397125,0.373015873015873,0.25,0.9958182015461547,index_qoq_z_gt_2;margin_roc_z_gt_2
2020-06-23,11612.36,123194289.0,0.09388959329895652,0.3062228136462981,0.34954481642973456,0.23134186904518875,3.0,3.0,0.9887479998841477,-0.37017321819624505,0.45103324348607365,0.45103324348607365,0.3968253968253968,0.3,0.9958182015461547,index_qoq_z_gt_2;margin_roc_z_gt_2
2020-06-24,11660.67,123729395.0,0.10412451081856755,0.25577721250708074,0.3511661233291672,0.31012815958604373,3.0,3.0,0.9893466272072733,-0.26722791537930163,0.48667265648397723,0.48667265648397723,0.43253968253968256,0.35,0.9958182015461547,index_qoq_z_gt_2;margin_roc_z_gt_2
2020-06-29,11542.62,124989116.0,0.09672037223019836,0.19677752144949334,0.3826726429285867,0.2542190973863789,3.0,3.0,0.9899058561199375,-0.1708967515688643,0.5190176699610662,0.5190176699610662,0.46825396825396826,0.4,0.9958182015461547,index_qoq_z_gt_2;margin_roc_z_gt_2
2020-06-30,11621.24,125774758.0,0.10357493537843254,0.19359185568323256,0.39639729138705815,0.3076610241058687,3.0,3.0,0.9905003866456231,-0.07142936363159544,0.5621443545971848,0.5621443545971848,0.5357142857142857,0.45,0.9958182015461547,index_qoq_z_gt_2;margin_roc_z_gt_2
2020-07-01,11703.42,125684607.0,0.10757149319468451,0.20667249549434374,0.3872864712086852,0.33899857706526054,3.0,3.0,0.9909361341701703,0.0006848214008692061,0.5899970050913447,0.5899970050913447,0.5833333333333334,0.5,0.9958182015461547,index_qoq_z_gt_2;margin_roc_z_gt_2
2020-07-02,11805.14,126921751.0,0.09557007017875985,0.22594379937337927,0.383559245790531,0.24668174437056742,3.0,3.0,0.9913438596205494,0.06804039150729599,0.6139562743336329,0.6139562743336329,0.6150793650793651,0.55,0.9958182015461547,index_qoq_z_gt_2;margin_roc_z_gt_2
2020-07-03,11909.16,127145160.0,0.10423263399848492,0.22672913022787267,0.38354479432418387,0.3135813466908618,3.0,3.0,0.9917274537908464,0.13140951405246945,0.6364180892482779,0.6364180892482779,0.6349206349206349,0.6000000000000001,0.9958182015461547,index_qoq_z_gt_2;margin_roc_z_gt_2
2020-07-06,12116.7,128455971.0,0.1215251713059422,0.25384560460199745,0.39679069714742377,0.4475224009595748,3.0,3.0,0.9921472246157367,0.2007549601075226,0.6714585205151243,0.6714585205151243,0.6825396825396826,0.6499999999999999,0.9958182015461547,index_qoq_z_gt_2;margin_roc_z_gt_2
2020-07-07,12092.97,128914666.0,0.12185408346436954,0.23162136893328467,0.3832266994743445,0.4510153053116561,3.0,3.0,0.9924152352938396,0.24502988089416594,0.6900269541778976,0.6900269541778976,0.7301587301587301,0.7,0.9958182015461547,index_qoq_z_gt_2;margin_roc_z_gt_2
2020-07-08,12170.19,132556243.0,0.13668705261742176,0.21745850251940957,0.4205715935113361,0.5667108358170336,3.0,3.0,0.99269030792749,0.29047142505820694,0.7044025157232704,0.7044025157232704,0.7738095238095238,0.75,0.9958182015461547,index_qoq_z_gt_2;margin_roc_persistence_score_gt_70pct;margin_roc_z_gt_2;raw_margin_roc_gt_40pct
2020-07-09,12192.69,134325213.0,0.14457946688820988,0.20273500192848926,0.4256385712391233,0.6283941549851847,3.0,3.0,0.9930180596401222,0.34461546594939535,0.7238694219826295,0.7238694219826295,0.7857142857142857,0.8,0.9958182015461547,index_qoq_z_gt_2;margin_roc_persistence_score_gt_70pct;margin_roc_z_gt_2;raw_margin_roc_gt_40pct
2020-07-10,12073.68,132684802.0,0.12064155041349944,0.19311858474242127,0.3951857822212741,0.4429571059505351,3.0,3.0,0.9931265257966946,0.3625338956338587,0.7298592392932015,0.7298592392932015,0.7857142857142857,0.8500000000000001,0.9958182015461547,index_qoq_z_gt_2;margin_roc_persistence_score_gt_70pct;margin_roc_z_gt_2
2020-07-13,12211.56,135268907.0,0.13798839418758835,0.20220799971646852,0.4128377552403366,0.579219105355983,3.0,3.0,0.9933837932891545,0.40503405991935776,0.7472297094938605,0.7472297094938605,0.7896825396825397,0.8999999999999999,0.9958182015461547,index_qoq_z_gt_2;margin_roc_persistence_score_gt_70pct;margin_roc_z_gt_2;raw_margin_roc_gt_40pct
2020-07-14,12209.01,135373135.0,0.12055938895650131,0.20890623236249928,0.40222912703340263,0.4445514128529161,3.0,3.0,0.9935967424139279,0.4402129031567495,0.7601078167115903,0.7601078167115903,0.7896825396825397,0.95,0.9958182015461547,index_qoq_z_gt_2;margin_roc_persistence_score_gt_70pct;margin_roc_z_gt_2;raw_margin_roc_gt_40pct
2020-07-15,12202.85,134816884.0,0.12312151177345476,0.18096592063826944,0.38597840005234807,0.4648007786252938,3.0,3.0,0.9938001484075496,0.4738152369102976,0.7720874513327344,0.7720874513327344,0.7936507936507936,0.975,0.9958182015461547,index_qoq_z_gt_2;margin_roc_persistence_score_gt_70pct;margin_roc_z_gt_2
2020-07-16,12157.74,136339367.0,0.13160836466156667,0.163730795111805,0.39293661590985995,0.5318418518708695,3.0,3.0,0.9939985667593454,0.5065936204827701,0.7831686133572926,0.7831686133572926,0.7936507936507936,1.0,0.9958182015461547,index_qoq_z_gt_2;margin_roc_persistence_score_gt_70pct;margin_roc_z_gt_2
2020-07-17,12181.56,134843023.0,0.13044478883434318,0.17407194655090663,0.35869463809993607,0.5252089578155141,3.0,3.0,0.9940443958264179,0.5133502705538198,0.7876609763402216,0.7876609763402216,0.7936507936507936,1.0,0.9958182015461547,index_qoq_z_gt_2;margin_roc_persistence_score_gt_70pct;margin_roc_z_gt_2
2020-07-20,12174.54,134744199.0,0.12876365345692897,0.14886232381872677,0.3700329427037725,0.5149818967242339,2.684717071350969,3.0,0.9942044078700423,0.5392168886052378,0.7993411200958371,0.7993411200958371,0.7976190476190477,1.0,0.9958182015461547,index_qoq_z_gt_2;margin_roc_persistence_score_gt_70pct;margin_roc_z_gt_2
2020-07-21,12397.55,136527508.0,0.153129598315354,0.17104841825269612,0.3678280626876034,0.7075013099715843,3.0,3.0,0.9943552126952223,0.5601821240331586,0.8071278825995807,0.8071278825995807,0.8015873015873016,1.0,0.9958182015461547,index_qoq_z_gt_2;margin_roc_persistence_score_gt_70pct;margin_roc_z_gt_2
2020-07-22,12473.27,137640389.0,0.16542337598268864,0.21236010971558317,0.3715171196420306,0.8046365073489303,3.0,3.0,0.9944995080365855,0.5756959927772597,0.8185085354896675,0.8185085354896675,0.8055555555555556,1.0,0.9958182015461547,index_qoq_z_gt_2;margin_roc_persistence_score_gt_70pct;margin_roc_z_gt_2
2020-07-23,12413.04,139584119.0,0.14951733947740808,0.20424457737583612,0.3664651142783599,0.6789602475986863,3.0,3.0,0.9946373602693402,0.5932156604299317,0.827193770589997,0.827193770589997,0.8055555555555556,1.0,0.9958182015461547,index_qoq_z_gt_2;margin_roc_persistence_score_gt_70pct;margin_roc_z_gt_2
2020-07-24,12304.04,138401929.0,0.13470104450440923,0.18690282457644858,0.3405224076675031,0.563729741502607,3.0,3.0,0.9946919019802837,0.5993840674962113,0.8325846061695118,0.8325846061695118,0.8055555555555556,1.0,0.9958182015461547,index_qoq_z_gt_2;margin_roc_persistence_score_gt_70pct;margin_roc_z_gt_2
2020-07-27,12588.3,139996553.0,0.16296128635899598,0.2165711833743098,0.34261745151813683,0.7877480591291708,3.0,3.0,0.9948025329356541,0.6146057491710689,0.8394728960766696,0.8394728960766696,0.8095238095238095,1.0,0.9958182015461547,index_qoq_z_gt_2;margin_roc_persistence_score_gt_70pct;margin_roc_z_gt_2
2020-07-28,12586.73,138876739.0,0.15724828827105952,0.191105176644488,0.32634353551168593,0.74246124853326,3.0,3.0,0.9948693955370917,0.6226215507905226,0.8454627133872417,0.8454627133872417,0.8095238095238095,1.0,0.9958182015461547,index_qoq_z_gt_2;margin_roc_persistence_score_gt_70pct;margin_roc_z_gt_2
2020-07-29,12540.97,140337101.0,0.15202208330845446,0.1813205652567902,0.3441256091694669,0.7010332363697914,3.0,3.0,0.994969725768202,0.6344950888097628,0.8526504941599281,0.8526504941599281,0.8214285714285714,1.0,0.9958182015461547,index_qoq_z_gt_2;margin_roc_persistence_score_gt_70pct;margin_roc_z_gt_2
2020-07-30,12722.92,142552031.0,0.17494976210880941,0.1810861642261299,0.3669173509106842,0.8827804435722704,3.0,3.0,0.9950820735049489,0.6491586903371631,0.8583408206049715,0.8583408206049715,0.8253968253968254,1.0,0.9958182015461547,index_qoq_z_gt_2;margin_roc_persistence_score_gt_70pct;margin_roc_z_gt_2
2020-07-31,12664.8,144918278.0,0.17274484965664372,0.15216873147539967,0.3871976959302905,0.8653021509026748,2.686912618002622,3.0,0.9952523451549469,0.6723895183786402,0.8697214734950584,0.8697214734950584,0.8373015873015873,1.0,0.9958182015461547,index_qoq_z_gt_2;margin_roc_persistence_score_gt_70pct;margin_roc_z_gt_2
2020-08-03,12513.03,146889872.0,0.15081498621839584,0.16720799814933662,0.3780898607126053,0.6914646042003196,2.9830039155565413,3.0,0.9953503876434836,0.6826204413698659,0.879005690326445,0.879005690326445,0.8492063492063492,1.0,0.9958182015461547,index_qoq_z_gt_2;margin_roc_persistence_score_gt_70pct;margin_roc_z_gt_2
2020-08-04,12709.92,147657104.0,0.16130340910025365,0.17961763813260978,0.36007325785991484,0.774606102445084,3.0,3.0,0.9954374089655803,0.693153733988935,0.8840970350404312,0.8840970350404312,0.8571428571428571,1.0,0.9958182015461547,index_qoq_z_gt_2;margin_roc_persistence_score_gt_70pct;margin_roc_z_gt_2
2020-08-05,12802.3,149662998.0,0.16945244746173915,0.18815069726347522,0.37989687270793016,0.8392033508836363,3.0,3.0,0.9955191063937142,0.7025981346838666,0.8873914345612459,0.8873914345612459,0.8650793650793651,1.0,0.9958182015461547,index_qoq_z_gt_2;margin_roc_persistence_score_gt_70pct;margin_roc_z_gt_2
2020-08-06,12913.5,149767249.0,0.18085071362209848,0.19096147532214558,0.3640875093375724,0.929557156850412,3.0,3.0,0.9955735392431442,0.7076984496905596,0.8891883797544174,0.8891883797544174,0.8690476190476191,1.0,0.9958182015461547,index_qoq_z_gt_2;margin_roc_persistence_score_gt_70pct;margin_roc_z_gt_2
2020-08-07,12828.87,149892177.0,0.1725061029611359,0.17680724162540296,0.360311731475079,0.8634096110814743,3.0,3.0,0.9956436159048394,0.7158164094217921,0.8921832884097035,0.8921832884097035,0.876984126984127,1.0,0.9958182015461547,index_qoq_z_gt_2;margin_roc_persistence_score_gt_70pct;margin_roc_z_gt_2
2020-08-10,12894.0,150554484.0,0.18380680096731727,0.17077050755180578,0.3587944914099308,0.952989996429087,2.9809575723806105,3.0,0.9957114912623889,0.7227811408157141,0.894878706199461,0.894878706199461,0.8849206349206349,1.0,0.9958182015461547,index_qoq_z_gt_2;margin_roc_persistence_score_gt_70pct;margin_roc_z_gt_2
2020-08-11,12780.19,148852757.0,0.1740315073035985,0.17470703995690973,0.3286212291085211,0.875501457862441,3.0,3.0,0.9957030488129317,0.71743802455199,0.8945792153339324,0.8945792153339324,0.8809523809523809,1.0,0.9958182015461547,index_qoq_z_gt_2;margin_roc_persistence_score_gt_70pct;margin_roc_z_gt_2
2020-08-12,12670.35,150148629.0,0.16983353183945948,0.15835045212817023,0.3358791189804329,0.8422241983912387,2.7206663124714403,3.0,0.9957596971142384,0.7240246645914549,0.8975741239892183,0.8975741239892183,0.8928571428571429,1.0,0.9958182015461547,index_qoq_z_gt_2;margin_roc_persistence_score_gt_70pct;margin_roc_z_gt_2
2020-08-13,12763.13,149112303.0,0.17917165951730496,0.1838671796736444,0.34065291908616113,0.9162473317719415,3.0,3.0,0.9958154805978334,0.7281399639532291,0.8996705600479186,0.8996705600479186,0.9047619047619048,1.0,0.9958182015461547,index_qoq_z_gt_2;margin_roc_autocorr_rank_252_gt_90pct;margin_roc_persistence_score_gt_70pct;margin_roc_z_gt_2
2020-08-14,12795.46,150003594.0,0.19229948517250217,0.18313034215694612,0.3500067957713833,1.02031131793683,3.0,3.0,0.9958724712774926,0.7310834309933246,0.903863432165319,0.903863432165319,0.9206349206349206,1.0,0.9958182015461547,index_qoq_z_gt_2;margin_roc_autocorr_full_sample_percentile_gt_90pct;margin_roc_autocorr_rank_252_gt_90pct;margin_roc_persistence_score_gt_70pct;margin_roc_z_gt_2
2020-08-17,12956.11,150800300.0,0.22817905705163688,0.20627993910926357,0.3468775234365602,1.3047278976279404,3.0,3.0,0.995922302405608,0.7356575135983702,0.9071578316861336,0.9071578316861336,0.9365079365079365,1.0,0.9958182015461547,index_qoq_z_gt_2;margin_roc_autocorr_full_sample_percentile_gt_90pct;margin_roc_autocorr_rank_252_gt_90pct;margin_roc_persistence_score_gt_70pct;margin_roc_z_gt_2
2020-08-18,12872.14,150233670.0,0.2349259983057368,0.18523190588963234,0.3341737217641614,1.358210753034693,3.0,3.0,0.9959545895706242,0.7368308908699266,0.9086552860137765,0.9086552860137765,0.9404761904761905,1.0,0.9958182015461547,index_qoq_z_gt_2;margin_roc_autocorr_full_sample_percentile_gt_90pct;margin_roc_autocorr_rank_252_gt_90pct;margin_roc_persistence_score_gt_70pct;margin_roc_z_gt_2
2020-08-19,12778.64,149695268.0,0.22933596286586977,0.17151396248556083,0.3204323456204814,1.3138986646542945,2.9768881760776433,3.0,0.9959921880093482,0.7369292941779633,0.9107517220724768,0.9107517220724768,0.9484126984126984,1.0,0.9958182015461547,index_qoq_z_gt_2;margin_roc_autocorr_full_sample_percentile_gt_90pct;margin_roc_autocorr_rank_252_gt_90pct;margin_roc_persistence_score_gt_70pct;margin_roc_z_gt_2
2020-08-20,12362.64,144190310.0,0.19029710634708796,0.12302796705398023,0.26065581484397304,1.0044385048863096,2.033129879772853,2.4188696000926386,0.9958182270912113,0.7048985845885488,0.9002695417789758,0.9002695417789758,0.8888888888888888,1.0,0.9958182015461547,index_qoq_z_gt_2;margin_roc_autocorr_full_sample_percentile_gt_90pct;margin_roc_persistence_score_gt_70pct;margin_roc_z_gt_2
2020-08-21,12607.84,145278094.0,0.20137710360389116,0.16618861083233516,0.2670293114698139,1.0922694002320668,2.8732325790596507,2.477683186288473,0.9958471188498186,0.7048328259763237,0.9014675052410901,0.9014675052410901,0.8968253968253969,1.0,0.9958182015461547,index_qoq_z_gt_2;margin_roc_autocorr_full_sample_percentile_gt_90pct;margin_roc_persistence_score_gt_70pct;margin_roc_z_gt_2
2020-08-24,12647.13,145873807.0,0.20766761264891564,0.16336313077329212,0.25917258732229387,1.14213412752393,2.8182358687099898,2.3749032267466705,0.9958673642234237,0.7062189592465258,0.9035639412997903,0.9035639412997903,0.9047619047619048,1.0,0.9958182015461547,index_qoq_z_gt_2;margin_roc_autocorr_full_sample_percentile_gt_90pct;margin_roc_autocorr_rank_252_gt_90pct;margin_roc_persistence_score_gt_70pct;margin_roc_z_gt_2
2020-08-25,12758.25,146919649.0,0.23117520018991256,0.1601351615546125,0.26833273948077685,1.3284782586000263,2.7554048862122857,2.447258027365401,0.995892819019004,0.7070614221524422,0.9050613956274334,0.9050613956274334,0.9166666666666666,1.0,0.9958182015461547,index_qoq_z_gt_2;margin_roc_autocorr_full_sample_percentile_gt_90pct;margin_roc_autocorr_rank_252_gt_90pct;margin_roc_persistence_score_gt_70pct;margin_roc_z_gt_2
2020-08-26,12833.29,148138734.0,0.23068875009230205,0.16510995346202262,0.28049061655735197,1.320309164492248,2.830469787487426,2.559530463904704,0.9959174887245691,0.7063687536906709,0.906858340820605,0.906858340820605,0.9246031746031746,1.0,0.9958182015461547,index_qoq_z_gt_2;margin_roc_autocorr_full_sample_percentile_gt_90pct;margin_roc_autocorr_rank_252_gt_90pct;margin_roc_persistence_score_gt_70pct;margin_roc_z_gt_2
2020-08-27,12797.31,149297381.0,0.23919327054079886,0.1693245457178647,0.2928925023121143,1.3815423737194144,2.911878886099859,2.678265388996435,0.995944900532621,0.7088602315866631,0.9083557951482479,0.9083557951482479,0.9325396825396826,1.0,0.9958182015461547,index_qoq_z_gt_2;margin_roc_autocorr_full_sample_percentile_gt_90pct;margin_roc_autocorr_rank_252_gt_90pct;margin_roc_persistence_score_gt_70pct;margin_roc_z_gt_2
2020-08-28,12728.85,149678563.0,0.22147436543327892,0.16328494556833384,0.2859088246151291,1.2374624077312575,2.7848488089010273,2.6022696610657974,0.9959823817891579,0.7115546545887363,0.9101527403414196,0.9101527403414196,0.9444444444444444,1.0,0.9958182015461547,index_qoq_z_gt_2;margin_roc_autocorr_full_sample_percentile_gt_90pct;margin_roc_autocorr_rank_252_gt_90pct;margin_roc_persistence_score_gt_70pct;margin_roc_z_gt_2
2020-08-31,12591.45,152199564.0,0.20047193421523057,0.13651297677953478,0.3085114364785988,1.0702584360828513,2.2649002370986895,2.8233325611341358,0.9959940974151282,0.7096260443489818,0.911350703803534,0.911350703803534,0.9484126984126984,1.0,0.9958182015461547,index_qoq_z_gt_2;margin_roc_autocorr_full_sample_percentile_gt_90pct;margin_roc_autocorr_rank_252_gt_90pct;margin_roc_persistence_score_gt_70pct;margin_roc_z_gt_2
2020-09-01,12703.28,152303884.0,0.20724922784509392,0.14156720971465497,0.3087332472667679,1.1215925430232478,2.356889341406254,2.8180693411334286,0.9960243733233473,0.7079825449128166,0.9119496855345912,0.9119496855345912,0.9523809523809523,1.0,0.9958182015461547,index_qoq_z_gt_2;margin_roc_autocorr_full_sample_percentile_gt_90pct;margin_roc_autocorr_rank_252_gt_90pct;margin_roc_persistence_score_gt_70pct;margin_roc_z_gt_2
2020-09-02,12699.5,153616033.0,0.20651161906933457,0.12184810108691035,0.31051677112781073,1.115215170486146,1.969339602940506,2.8237282836672453,0.9960548569904722,0.7057952211703883,0.9131476489967056,0.9131476489967056,0.9563492063492064,1.0,0.9958182015461547,margin_roc_autocorr_full_sample_percentile_gt_90pct;margin_roc_autocorr_rank_252_gt_90pct;margin_roc_persistence_score_gt_70pct;margin_roc_z_gt_2
2020-09-03,12757.97,153651017.0,0.2116084096723767,0.11978517066714178,0.3060325546158331,1.152345153059348,1.9197699047465782,2.763586368369132,0.9960825429218986,0.7048050988706134,0.9137466307277629,0.9137466307277629,0.9563492063492064,1.0,0.9958182015461547,margin_roc_autocorr_full_sample_percentile_gt_90pct;margin_roc_autocorr_rank_252_gt_90pct;margin_roc_persistence_score_gt_70pct;margin_roc_z_gt_2
2020-09-04,12637.95,154837447.0,0.19926153741040853,0.10092426433437307,0.31016758253832255,1.0533289499657155,1.5587111167382839,2.786606895229894,0.9961114003111874,0.7033546076633332,0.9149445941898772,0.9149445941898772,0.9563492063492064,1.0,0.9958182015461547,margin_roc_autocorr_full_sample_percentile_gt_90pct;margin_roc_autocorr_rank_252_gt_90pct;margin_roc_persistence_score_gt_70pct;margin_roc_z_gt_2
2020-09-07,12601.4,155589696.0,0.21698921345840527,0.08536198830006403,0.3202479498208064,1.1901887937482127,1.2641474476594754,2.8859472780490654,0.9961598106858806,0.7088758436019574,0.9170410302485774,0.9170410302485774,0.9642857142857143,1.0,0.9958182015461547,margin_roc_autocorr_full_sample_percentile_gt_90pct;margin_roc_autocorr_rank_252_gt_90pct;margin_roc_persistence_score_gt_70pct;margin_roc_z_gt_2
2020-09-08,12663.56,156542294.0,0.21914697181057896,0.08820488935826831,0.3294707793585929,1.2059730505578887,1.3121172547227298,2.964564907779687,0.9961933030377986,0.7130366872902785,0.9179395028451632,0.9179395028451632,0.9682539682539683,1.0,0.9958182015461547,margin_roc_autocorr_full_sample_percentile_gt_90pct;margin_roc_autocorr_rank_252_gt_90pct;margin_roc_persistence_score_gt_70pct;margin_roc_z_gt_2
2020-09-09,12608.58,157136480.0,0.20837929557257828,0.07580271941679984,0.32881290046617484,1.12074725288022,1.074269767862309,2.9473076651259422,0.9962193426238214,0.7159407495976662,0.9194369571728063,0.9194369571728063,0.9682539682539683,1.0,0.9958182015461547,margin_roc_autocorr_full_sample_percentile_gt_90pct;margin_roc_autocorr_rank_252_gt_90pct;margin_roc_persistence_score_gt_70pct;margin_roc_z_gt_2
2020-09-10,12691.75,156938915.0,0.2130786060217369,0.10020830859145069,0.3469226154307745,1.1559953384493795,1.5267007092996758,3.0,0.9963850164657599,0.7404051066855378,0.9257262653489069,0.9257262653489069,1.0,1.0,0.9958182015461547,margin_roc_autocorr_full_sample_percentile_gt_90pct;margin_roc_autocorr_rank_252_gt_90pct;margin_roc_persistence_score_gt_70pct;margin_roc_z_gt_2
2020-09-11,12675.95,155344253.0,0.19381148139253446,0.1090128207147194,0.3293706581252904,1.0058226371581833,1.6733362477062446,2.9334499139191315,0.9966710465830126,0.7826512138918255,0.9353099730458221,0.9353099730458221,1.0,1.0,0.9958182015461547,margin_roc_autocorr_full_sample_percentile_gt_90pct;margin_roc_autocorr_rank_252_gt_90pct;margin_roc_persistence_score_gt_70pct;margin_roc_z_gt_2
2020-09-14,12787.82,156205788.0,0.2024447923572028,0.13103891118725364,0.328243305838015,1.0712646754154607,2.0653047187320706,2.915705574935608,0.9966933493561971,0.7842193132618438,0.9374064091045223,0.9374064091045223,1.0,1.0,0.9958182015461547,index_qoq_z_gt_2;margin_roc_autocorr_full_sample_percentile_gt_90pct;margin_roc_autocorr_rank_252_gt_90pct;margin_roc_persistence_score_gt_70pct;margin_roc_z_gt_2
2020-09-15,12845.65,155648092.0,0.21665036024098794,0.11588357523341597,0.3173942892809367,1.1805222781697424,1.7864285487137368,2.8030618707938117,0.996751290676057,0.7899922282776594,0.9421982629529799,0.9421982629529799,1.0,1.0,0.9958182015461547,margin_roc_autocorr_full_sample_percentile_gt_90pct;margin_roc_autocorr_rank_252_gt_90pct;margin_roc_persistence_score_gt_70pct;margin_roc_z_gt_2
2020-09-16,12976.76,155725906.0,0.2176393480155876,0.1250300184055091,0.3025362770239366,1.1872917925186148,1.9530488756147009,2.642981251622518,0.9967569264519528,0.7846791271258327,0.9427972446840371,0.9427972446840371,1.0,1.0,0.9958182015461547,margin_roc_autocorr_full_sample_percentile_gt_90pct;margin_roc_autocorr_rank_252_gt_90pct;margin_roc_persistence_score_gt_70pct;margin_roc_z_gt_2
2020-09-17,12872.74,156789420.0,0.19669273668230614,0.1146841144996722,0.29857454103017944,1.0240718539595863,1.762128181818935,2.5875657450028804,0.997105902330273,0.8384018535939023,0.9547768793051812,0.9547768793051812,1.0,1.0,0.9958182015461547,margin_roc_autocorr_full_sample_percentile_gt_90pct;margin_roc_autocorr_rank_252_gt_90pct;margin_roc_persistence_score_gt_70pct;margin_roc_z_gt_2
2020-09-18,12875.62,157318117.0,0.19432798052805778,0.11478580692752982,0.28824980186534943,1.0030939087253452,1.7623469715214761,2.4823057720948802,0.9970710301398205,0.8321628656681243,0.9532794249775381,0.9532794249775381,0.996031746031746,1.0,0.9958182015461547,margin_roc_autocorr_full_sample_percentile_gt_90pct;margin_roc_autocorr_rank_252_gt_90pct;margin_roc_persistence_score_gt_70pct;margin_roc_z_gt_2
2020-09-21,12795.12,157006281.0,0.1846082913470246,0.10560765510549186,0.2784945678898283,0.9258415702739563,1.5928332528627935,2.383257962867449,0.9970354665376492,0.8259420629880717,0.9526804432464809,0.9526804432464809,0.9920634920634921,1.0,0.9958182015461547,margin_roc_autocorr_full_sample_percentile_gt_90pct;margin_roc_autocorr_rank_252_gt_90pct;margin_roc_persistence_score_gt_70pct;margin_roc_z_gt_2
2020-09-22,12645.51,156169362.0,0.17593489795956319,0.08896985625660925,0.26766722116477326,0.8576810898562863,1.287642722532015,2.2788982280106156,0.9969839571304017,0.8170902312980269,0.951182988918838,0.951182988918838,0.9880952380952381,1.0,0.9958182015461547,margin_roc_autocorr_full_sample_percentile_gt_90pct;margin_roc_autocorr_rank_252_gt_90pct;margin_roc_persistence_score_gt_70pct;margin_roc_z_gt_2
2020-09-23,12583.88,156610875.0,0.16621610976474344,0.0791729806263275,0.2657531785393439,0.7829109711765072,1.1067105170485503,2.2574958343839677,0.9969724272255898,0.8140156973459323,0.9505840071877808,0.9505840071877808,0.9841269841269841,1.0,0.9958182015461547,margin_roc_autocorr_full_sample_percentile_gt_90pct;margin_roc_autocorr_rank_252_gt_90pct;margin_roc_persistence_score_gt_70pct;margin_roc_z_gt_2
2020-09-24,12264.38,155774125.0,0.132701303619009,0.06252999752222621,0.24630151796577238,0.527244930016915,0.799669274352159,2.0687715599111907,0.9968974431339019,0.800829175628394,0.9490865528601378,0.9490865528601378,0.9801587301587301,1.0,0.9958182015461547,margin_roc_autocorr_full_sample_percentile_gt_90pct;margin_roc_autocorr_rank_252_gt_90pct;margin_roc_persistence_score_gt_70pct;margin_roc_z_gt_2
2020-09-25,12232.91,151866371.0,0.1224778929963215,0.052633798114486874,0.20744713339062826,0.44925614769528116,0.6196284958511612,1.6991066647536712,0.99674755090714,0.776272844891105,0.9415992812219227,0.9415992812219227,0.9682539682539683,1.0,0.9958182015461547,margin_roc_autocorr_full_sample_percentile_gt_90pct;margin_roc_autocorr_rank_252_gt_90pct;margin_roc_persistence_score_gt_70pct
2020-09-28,12462.76,152002689.0,0.14605361166030617,0.06488188922554272,0.20939781432423143,0.6291023515522717,0.8384083772437182,1.7095149682126924,0.9966806200679107,0.764954738722592,0.9356094639113507,0.9356094639113507,0.9603174603174603,1.0,0.9958182015461547,margin_roc_autocorr_full_sample_percentile_gt_90pct;margin_roc_autocorr_rank_252_gt_90pct;margin_roc_persistence_score_gt_70pct
2020-09-29,12467.73,152143823.0,0.1407463321576108,0.05612724626730392,0.19872143112806562,0.5886160323451329,0.6771883004825624,1.6091694565802435,0.9966040162655141,0.7511864758538929,0.9317160826594789,0.9317160826594789,0.9523809523809523,1.0,0.9958182015461547,margin_roc_autocorr_full_sample_percentile_gt_90pct;margin_roc_autocorr_rank_252_gt_90pct;margin_roc_persistence_score_gt_70pct
2020-09-30,12515.61,151853634.0,0.14877968186365842,0.05092298701167852,0.19433279253413982,0.6498980432768051,0.5833386208486455,1.567921388111181,0.9965282656324698,0.7373512752371854,0.9296196466007787,0.9296196466007787,0.9484126984126984,1.0,0.9958182015461547,margin_roc_autocorr_full_sample_percentile_gt_90pct;margin_roc_autocorr_rank_252_gt_90pct;margin_roc_persistence_score_gt_70pct
2020-10-05,12548.28,153146180.0,0.14809111694842225,0.03561860902721037,0.19220756192018507,0.6451198448820039,0.30735103062892954,1.547946706669359,0.996445728076246,0.7230041974190231,0.9272237196765498,0.9272237196765498,0.9444444444444444,1.0,0.9958182015461547,margin_roc_autocorr_full_sample_percentile_gt_90pct;margin_roc_autocorr_rank_252_gt_90pct;margin_roc_persistence_score_gt_70pct
2020-10-06,12704.23,153347824.0,0.16349544189863185,0.050546722599989824,0.18952970021269722,0.7627174688575267,0.5765533527134237,1.5227779394771779,0.9963649529413883,0.7085169542392745,0.9251272836178497,0.9251272836178497,0.9365079365079365,1.0,0.9958182015461547,margin_roc_autocorr_full_sample_percentile_gt_90pct;margin_roc_autocorr_rank_252_gt_90pct;margin_roc_persistence_score_gt_70pct
2020-10-07,12746.37,153914809.0,0.16746275191174953,0.04734355010069691,0.16112832950463152,0.7924209191404553,0.5187897598359417,1.2558382818797253,0.9962163714346054,0.683805352440556,0.9191374663072777,0.9191374663072777,0.8968253968253969,1.0,0.9958182015461547,margin_roc_autocorr_full_sample_percentile_gt_90pct;margin_roc_persistence_score_gt_70pct
2020-10-08,12887.19,153333914.0,0.1851717310315082,0.05696035903479868,0.1415125319771502,0.9274064647933212,0.690216391325601,1.0714727338465175,0.9960861349935366,0.6625348519131617,0.91434561245882,0.91434561245882,0.8690476190476191,1.0,0.9958182015461547,margin_roc_autocorr_full_sample_percentile_gt_90pct;margin_roc_persistence_score_gt_70pct
2020-10-12,12955.91,152335805.0,0.1916778804984185,0.07307051371247208,0.14810289274878663,0.9769054513403815,0.9763643055771747,1.133414414968433,0.9959846646586464,0.6447645245131399,0.9104522312069482,0.9104522312069482,0.8373015873015873,1.0,0.9958182015461547,margin_roc_autocorr_full_sample_percentile_gt_90pct;margin_roc_persistence_score_gt_70pct
2020-10-13,12947.13,153054773.0,0.19552285940120107,0.06023554730108183,0.13148524959989505,1.0055607160906608,0.7443527586836753,0.9772280105220441,0.995850224065727,0.623351353659788,0.9017669961066187,0.9017669961066187,0.7658730158730159,0.975,0.9958182015461547,margin_roc_autocorr_full_sample_percentile_gt_90pct;margin_roc_persistence_score_gt_70pct
2020-10-14,12919.31,154063591.0,0.1779469622024772,0.05817834533676347,0.13806621232491967,0.871040011661172,0.7058722887024992,1.0390813610006806,0.9957334583559745,0.6037243741776404,0.8963761605271039,0.8963761605271039,0.7222222222222222,0.975,0.9958182015461547,margin_roc_persistence_score_gt_70pct
2020-10-15,12827.82,154744836.0,0.1717172639817024,0.051215085000634986,0.14781495765767727,0.8234734922899898,0.5817621618226754,1.1307081619702564,0.9956071195799351,0.5793799194368208,0.8906858340820605,0.8906858340820605,0.6904761904761905,0.975,0.9958182015461547,margin_roc_persistence_score_gt_70pct
2020-10-16,12750.37,153543442.0,0.1723497160237626,0.048745079266376834,0.1261856746041663,0.828289916783052,0.5377378527670252,0.9274182055899848,0.9954350322444168,0.5509267997784371,0.8837975441749026,0.8837975441749026,0.6587301587301587,0.95,0.9958182015461547,margin_roc_persistence_score_gt_70pct
2020-10-19,12908.34,153414517.0,0.18485141098978564,0.059662309260883006,0.13772676989005217,0.9223931819093405,0.7270512041151046,1.0358909992301537,0.9953023519197217,0.5295478700764864,0.8745133273435161,0.8745133273435161,0.6349206349206349,0.95,0.9958182015461547,margin_roc_persistence_score_gt_70pct
2020-10-20,12862.37,154053376.0,0.17625051897291844,0.056497411811863074,0.1433024734519368,0.8541728215655776,0.6710474352105585,1.0882960896384029,0.995156215084067,0.5027040114888809,0.8631326744534291,0.8631326744534291,0.6190476190476191,0.95,0.9958182015461547,margin_roc_persistence_score_gt_70pct
2020-10-21,12877.25,154875928.0,0.1688197935793765,0.03869312888433618,0.13439357583528144,0.7960539806899287,0.3559955377491913,1.0045628746536281,0.9949953871094259,0.47404686827668685,0.8538484576220425,0.8538484576220425,0.5992063492063492,0.95,0.9958182015461547,margin_roc_persistence_score_gt_70pct
2020-10-22,12917.03,154886233.0,0.186141179581927,0.03557687759504935,0.12529639101790102,0.9257708609697273,0.30085257660592984,0.9190599802611885,0.9948281757970024,0.44665591928849613,0.8415693321353699,0.8415693321353699,0.5753968253968254,0.925,0.9958182015461547,margin_roc_persistence_score_gt_70pct
2020-10-23,12898.82,155686389.0,0.16552618381758277,0.039134651946662435,0.11535889695302659,0.7684393896910909,0.3553465413350558,0.825659162028815,0.9946534601261597,0.4159970841792391,0.8289907157831686,0.8289907157831686,0.5595238095238095,0.9,0.9958182015461547,margin_roc_persistence_score_gt_70pct
2020-10-26,12909.03,156677041.0,0.1617406720783312,0.04917002870601839,0.1320437665287164,0.7388175914187415,0.5254678363652314,0.9824774162382129,0.9944747796357742,0.3834600336607809,0.8173105720275532,0.8173105720275532,0.5476190476190477,0.875,0.9958182015461547,margin_roc_persistence_score_gt_70pct
2020-10-27,12875.01,157637076.0,0.1533822516333223,0.02277591096494369,0.12600683818265157,0.6751633209522719,0.0554666056577355,0.925737352450332,0.9943001251740757,0.35330193878860056,0.8041329739442947,0.8041329739442947,0.5357142857142857,0.85,0.9958182015461547,margin_roc_persistence_score_gt_70pct
2020-10-28,12793.75,157068566.0,0.14363879830658788,0.016447480799222758,0.13099261352903735,0.6019041310137142,-0.05651678282120067,0.9725978077960338,0.9941287667856481,0.32360121558802246,0.7936507936507936,0.7936507936507936,0.5238095238095238,0.825,0.9958182015461547,margin_roc_persistence_score_gt_70pct
2020-10-29,12662.91,157736347.0,0.132617247245582,0.009723330810934128,0.1239817972298003,0.5190351649993457,-0.17550254715939007,0.9067043366099582,0.9939187393326321,0.2877178101840414,0.7801737047020066,0.7801737047020066,0.5079365079365079,0.8,0.9958182015461547,margin_roc_persistence_score_gt_70pct
2020-10-30,12546.34,156732639.0,0.12179647089854839,-0.0138788894373304,0.09947671668038183,0.43767578623423276,-0.5961720183119633,0.6768764917548237,0.9936253348083425,0.23885682151634943,0.7625037436358191,0.7625037436358191,0.49603174603174605,0.775,0.9958182015461547,margin_roc_persistence_score_gt_70pct
2020-11-02,12591.31,156550367.0,0.11711744482643893,-0.005802697239593146,0.08026654167116165,0.4024950707066493,-0.4525335169503045,0.4981558225081878,0.9934469829967514,0.20750338895368434,0.7514225816112609,0.7514225816112609,0.4880952380952381,0.75,0.9958182015461547,margin_roc_persistence_score_gt_70pct
2020-11-03,12736.01,156397243.0,0.13313024314770816,0.017819824614821567,0.0647244828424931,0.5228922845411866,-0.03239695327344889,0.351864789974724,0.9932466165169919,0.17318559646577977,0.7391434561245882,0.7391434561245882,0.47619047619047616,0.725,0.9958182015461547,margin_roc_persistence_score_gt_70pct
2020-12-25,14331.42,184261341.0,0.20030955370162062,0.16854011372772226,0.18287514694754337,0.9724789918642136,2.3634025078726997,1.5310797440605992,0.9921803059650839,0.01264795551241026,0.6732554657082959,0.6732554657082959,0.40476190476190477,0.725,0.9958182015461547,index_qoq_z_gt_2;margin_roc_persistence_score_gt_70pct
2020-12-28,14483.07,186790038.0,0.19724378172788137,0.18394315007631046,0.22996313647344602,0.9506730022382749,2.6037233638761768,1.995124235159309,0.991408149118822,-0.10614996960802794,0.6190476190476191,0.6190476190476191,0.34523809523809523,0.75,0.9958182015461547,index_qoq_z_gt_2;margin_roc_persistence_score_gt_70pct
2020-12-29,14472.05,185949806.0,0.19382220590722166,0.16122351710215055,0.22333234512713118,0.9263362780824117,2.2372950616218934,1.9297788630832773,0.991274069499561,-0.12698943801571017,0.6097634022162324,0.6097634022162324,0.3333333333333333,0.775,0.9958182015461547,index_qoq_z_gt_2;margin_roc_persistence_score_gt_70pct
2020-12-30,14687.7,187131498.0,0.22205027082345308,0.17805727265508642,0.22996447907056994,1.1271147103977492,2.494936338888898,1.9951374662359675,0.9911283488907006,-0.14947844293361448,0.6031746031746031,0.6031746031746031,0.32142857142857145,0.8,0.9958182015461547,index_qoq_z_gt_2;margin_roc_persistence_score_gt_70pct
2020-12-31,14732.53,187358231.0,0.23191165206688136,0.17713239706254824,0.23380801673801233,1.1945627893944173,2.477087959142489,2.033014905873222,0.9910485014134259,-0.15977692254717246,0.5989817310572028,0.5989817310572028,0.32142857142857145,0.825,0.9958182015461547,index_qoq_z_gt_2;margin_roc_persistence_score_gt_70pct;margin_roc_z_gt_2
2021-01-04,14902.03,190297046.0,0.23953958624980576,0.1875755083565238,0.24258434653740624,1.2475753523511346,2.6308247911350766,2.1195042110331688,0.9909022334650449,-0.1805433066610192,0.5876010781671159,0.5876010781671159,0.3134920634920635,0.85,0.9958182015461547,index_qoq_z_gt_2;margin_roc_persistence_score_gt_70pct;margin_roc_z_gt_2
2021-01-05,15000.03,190793486.0,0.2524677740686252,0.18071146381953107,0.2441877623252091,1.3383028741899958,2.506059523267403,2.1353056132752695,0.9912208246853946,-0.1286354362829198,0.6079664570230608,0.6079664570230608,0.3412698412698413,0.875,0.9958182015461547,index_qoq_z_gt_2;margin_roc_persistence_score_gt_70pct;margin_roc_z_gt_2
2021-01-06,14983.13,188887027.0,0.24774881684325534,0.17548211765388877,0.22721801902765582,1.304214028995631,2.403995089092176,1.9680715484558944,0.9909443494987265,-0.17115416334900635,0.5914944594189877,0.5914944594189877,0.3253968253968254,0.9,0.9958182015461547,index_qoq_z_gt_2;margin_roc_persistence_score_gt_70pct
2021-01-07,15214.0,191847391.0,0.2677266330083885,0.18055216071152813,0.2511738988153658,1.4425199101920392,2.460185079934014,2.204152854046455,0.9907507953415139,-0.199928288934031,0.5774183887391434,0.5774183887391434,0.30952380952380953,0.925,0.9958182015461547,index_qoq_z_gt_2;margin_roc_persistence_score_gt_70pct;margin_roc_z_gt_2
2021-01-08,15463.95,192769659.0,0.27890128593510033,0.1935826970085468,0.2654258071501969,1.5169893368091951,2.6502114849720795,2.3446030966031937,0.990606720122004,-0.2207879809609621,0.5678346810422282,0.5678346810422282,0.3055555555555556,0.95,0.9958182015461547,index_qoq_z_gt_2;margin_roc_persistence_score_gt_70pct;margin_roc_z_gt_2
2021-01-11,15557.3,194744944.0,0.2907012727560838,0.2016022083658695,0.2723872649172463,1.598383776487439,2.771165955164202,2.4132071325652418,0.9903825661372472,-0.25211997938071395,0.550763701707098,0.550763701707098,0.2896825396825397,0.975,0.9958182015461547,index_qoq_z_gt_2;margin_roc_persistence_score_gt_70pct;margin_roc_z_gt_2
2021-01-12,15500.7,191507530.0,0.2920329345160597,0.1998086585119485,0.24304210201098075,1.604063337147666,2.741711236357101,2.124015316899468,0.9899740589087951,-0.31266697207037597,0.5247079964061097,0.5247079964061097,0.2619047619047619,0.975,0.9958182015461547,index_qoq_z_gt_2;margin_roc_persistence_score_gt_70pct;margin_roc_z_gt_2
2021-01-13,15769.98,195212571.0,0.3032524329613371,0.22935775525381552,0.2615126685067539,1.678166825115898,3.0,2.2965332193029306,0.9896586726753228,-0.362489242598222,0.5031446540880503,0.5031446540880503,0.24206349206349206,1.0,0.9958182015461547,index_qoq_z_gt_2;margin_roc_persistence_score_gt_70pct;margin_roc_z_gt_2
2021-01-14,15707.19,198674900.0,0.29699688615515707,0.23190072131240114,0.29393282716691993,1.6331080509938567,3.0,2.605164649862885,0.9894550788580605,-0.39465141445259927,0.49356094639113507,0.49356094639113507,0.23015873015873015,1.0,0.9958182015461547,index_qoq_z_gt_2;margin_roc_persistence_score_gt_70pct;margin_roc_z_gt_2
2021-01-15,15616.39,195440959.0,0.30644354390731965,0.2097907244463657,0.27394045115039534,1.6959418843288643,2.8857516372693044,2.3989058672137213,0.9892479207415708,-0.42737664664856545,0.480083857442348,0.480083857442348,0.21428571428571427,1.0,0.9958182015461547,index_qoq_z_gt_2;margin_roc_persistence_score_gt_70pct;margin_roc_z_gt_2
2021-01-18,15612.0,195938145.0,0.31410601734633414,0.21377320042884773,0.27188478492026036,1.7408809710489896,2.9373613069943416,2.3739422412820232,0.9890798585665042,-0.4539258053086641,0.46990116801437554,0.46990116801437554,0.20238095238095238,1.0,0.9958182015461547,index_qoq_z_gt_2;margin_roc_persistence_score_gt_70pct;margin_roc_z_gt_2
2021-01-19,15877.37,198027971.0,0.3435927596449213,0.23297831446931605,0.27862330548876524,1.9378363967159193,3.0,2.4348980448136595,0.9888941649720259,-0.4832602388301538,0.45971847858640313,0.45971847858640313,0.1865079365079365,1.0,0.9958182015461547,index_qoq_z_gt_2;margin_roc_persistence_score_gt_70pct;margin_roc_z_gt_2
2021-01-20,15806.18,193231918.0,0.320413378410326,0.2236698374161863,0.247573230088177,1.7756293258795812,3.0,2.128995411250771,0.9883688466343911,-0.5662459546070627,0.4279724468403714,0.4279724468403714,0.17063492063492064,1.0,0.9958182015461547,index_qoq_z_gt_2;margin_roc_persistence_score_gt_70pct;margin_roc_z_gt_2
2021-01-21,16153.77,194740341.0,0.34338795723784066,0.2523447881279064,0.2508501369377898,1.9333124215585022,3.0,2.1596031032324015,0.9884098380413264,-0.559770450133814,0.431266846361186,0.431266846361186,0.17063492063492064,1.0,0.9958182015461547,index_qoq_z_gt_2;margin_roc_persistence_score_gt_70pct;margin_roc_z_gt_2
2021-01-22,16019.03,197772542.0,0.32242009275662875,0.24091662967705552,0.2622943396026991,1.7870188897545993,3.0,2.256256698165989,0.9882135164559566,-0.5907838112087923,0.42108415693321355,0.42108415693321355,0.1626984126984127,1.0,0.9958182015461547,index_qoq_z_gt_2;margin_roc_persistence_score_gt_70pct;margin_roc_z_gt_2
2021-01-25,15946.54,199605953.0,0.30926016087278874,0.23856525159980468,0.26623734761484674,1.695290894206162,3.0,2.274005683199887,0.9881731092436873,-0.5971670291406336,0.41838873914345615,0.41838873914345615,0.15476190476190477,1.0,0.9958182015461547,index_qoq_z_gt_2;margin_roc_persistence_score_gt_70pct;margin_roc_z_gt_2
2021-01-26,15658.85,198171989.0,0.29498886856303574,0.22394528578407424,0.2616909547643034,1.5950491944293534,2.9975089096347323,2.2236957813728977,0.9881866810414672,-0.5950230618117583,0.4198861934710991,0.4198861934710991,0.15476190476190477,1.0,0.9958182015461547,index_qoq_z_gt_2;margin_roc_persistence_score_gt_70pct;margin_roc_z_gt_2
2021-01-27,15701.45,201011072.0,0.3011967418390593,0.2399559027111462,0.27434846706574234,1.6360535956582773,3.0,2.3422983570019924,0.9881767196756904,-0.596596681101017,0.4189877208745133,0.4189877208745133,0.15079365079365079,1.0,0.9958182015461547,index_qoq_z_gt_2;margin_roc_persistence_score_gt_70pct;margin_roc_z_gt_2
2021-01-28,15415.88,200286762.0,0.27506288103924703,0.22871530661531558,0.2778880217795605,1.455195655574134,3.0,2.3702987990329505,0.9881408125818659,-0.6022690052310129,0.4156933213536987,0.4156933213536987,0.14285714285714285,1.0,0.9958182015461547,index_qoq_z_gt_2;margin_roc_persistence_score_gt_70pct;margin_roc_z_gt_2
2021-01-29,15138.31,198191951.0,0.2491684345941112,0.20228236775998676,0.26599480281001187,1.2759226875893122,2.6256978036044236,2.2519651783845416,0.9878385525838517,-0.6500176949091132,0.40041928721174,0.40041928721174,0.12698412698412698,1.0,0.9958182015461547,index_qoq_z_gt_2;margin_roc_persistence_score_gt_70pct;margin_roc_z_gt_2
2021-02-01,15410.09,196354794.0,0.3491893529357173,0.20996214670057567,0.2554875663633023,1.9614340291887427,2.723553276899679,2.144260915277383,0.9876515972388938,-0.6772607544997268,0.3908355795148248,0.3908355795148248,0.12301587301587301,1.0,0.9958182015461547,index_qoq_z_gt_2;margin_roc_persistence_score_gt_70pct;margin_roc_z_gt_2
2021-02-02,15760.05,194807092.0,0.3710233055823784,0.22475695334903123,0.2445408109301357,2.1088232193609358,2.9236331673714218,2.032661465591525,0.9875567891364142,-0.6905653165503414,0.3860437256663672,0.3860437256663672,0.10714285714285714,1.0,0.9958182015461547,index_qoq_z_gt_2;index_yoy_z_gt_2;margin_roc_persistence_score_gt_70pct;margin_roc_z_gt_2
2021-02-03,15771.32,194467085.0,0.38894153371402007,0.2208037898256805,0.24839453042598847,2.2292731979362586,2.8493735729337497,2.0633943741017458,0.9873116633350197,-0.7282871270143602,0.3752620545073375,0.3752620545073375,0.09523809523809523,1.0,0.9958182015461547,index_qoq_z_gt_2;index_yoy_z_gt_2;margin_roc_persistence_score_gt_70pct;margin_roc_z_gt_2
2021-02-04,15706.22,193416254.0,0.359149249908272,0.21063580999157505,0.245257107082693,2.0202866833755775,2.6854209449297697,2.0230430910021586,0.9870283614450128,-0.7715135695036733,0.35968852949985025,0.35968852949985025,0.0873015873015873,1.0,0.9958182015461547,index_qoq_z_gt_2;index_yoy_z_gt_2;margin_roc_persistence_score_gt_70pct;margin_roc_z_gt_2
2021-02-05,15802.4,189952641.0,0.36538092662451316,0.20376584368503603,0.21915271072317166,2.0628825098181873,2.5742115720819907,1.7686472954446186,0.9864380639735808,-0.8630336370556567,0.3264450434261755,0.3264450434261755,0.07539682539682539,1.0,0.9958182015461547,index_qoq_z_gt_2;index_yoy_z_gt_2;margin_roc_persistence_score_gt_70pct
2021-02-17,16362.29,193048987.0,0.39257324454793663,0.2507751274297265,0.24342898277674685,2.238697445499824,3.0,1.9841378547679227,0.9862379234161406,-0.8933466965621777,0.31596286313267447,0.31596286313267447,0.06746031746031746,1.0,0.9958182015461547,index_qoq_z_gt_2;index_yoy_z_gt_2;margin_roc_persistence_score_gt_70pct
2021-02-18,16424.51,196422393.0,0.4143441595961701,0.2384462897907509,0.25568036615454215,2.386844368908498,3.0,2.092201183923299,0.9859822747932931,-0.932108064948886,0.30128781072177296,0.30128781072177296,0.05952380952380952,1.0,0.9958182015461547,index_qoq_z_gt_2;index_yoy_z_gt_2;margin_roc_persistence_score_gt_70pct;margin_roc_z_gt_2
2021-02-19,16341.38,199702597.0,0.41189572898729665,0.23594402569094308,0.27955617470090854,2.3618952954139876,2.9889941112527096,2.304756923703094,0.9854845096142468,-1.0082626697608583,0.2812219227313567,0.2812219227313567,0.047619047619047616,1.0,0.9958182015461547,index_qoq_z_gt_2;index_yoy_z_gt_2;margin_roc_persistence_score_gt_70pct;margin_roc_z_gt_2
2021-02-22,16410.16,203048919.0,0.4069018967699012,0.23632577506925534,0.29451671105013566,2.3242808218727005,2.9813106892742405,2.433849193701096,0.985209566521945,-1.0495155514808518,0.27403414195867026,0.27403414195867026,0.04365079365079365,1.0,0.9958182015461547,index_qoq_z_gt_2;index_yoy_z_gt_2;margin_roc_persistence_score_gt_70pct;margin_roc_z_gt_2
2021-02-23,16443.4,205162372.0,0.39656316060807595,0.2133711830800713,0.3005144978971317,2.2503617560141214,2.6428972246310356,2.478569477226763,0.9849900187331027,-1.0805035334703932,0.26564839772386944,0.26564839772386944,0.03968253968253968,1.0,0.9958182015461547,index_qoq_z_gt_2;index_yoy_z_gt_2;margin_roc_persistence_score_gt_70pct;margin_roc_z_gt_2
2021-02-24,16212.53,205090123.0,0.3749009903509055,0.1927108123954886,0.3079646985839284,2.1001837783499706,2.3403644621765443,2.5388499185028004,0.9848833579186961,-1.0926892254595997,0.25965858041329737,0.25965858041329737,0.03968253968253968,1.0,0.9958182015461547,index_qoq_z_gt_2;index_yoy_z_gt_2;margin_roc_persistence_score_gt_70pct;margin_roc_z_gt_2
2021-02-25,16452.18,207647124.0,0.39239994244945287,0.1944989178329941,0.3167129329792078,2.214378937128468,2.345349923887216,2.6126077990843393,0.9848746827561782,-1.0901928339453055,0.2587601078167116,0.2587601078167116,0.03968253968253968,1.0,0.9958182015461547,index_qoq_z_gt_2;index_yoy_z_gt_2;margin_roc_persistence_score_gt_70pct;margin_roc_z_gt_2
2021-02-26,15953.8,209209692.0,0.35621085883380044,0.16260749736016145,0.31885959963357835,1.9658501957757832,1.893209365283569,2.6167171967904586,0.9868307298291188,-0.7869126725884458,0.3477088948787062,0.3477088948787062,0.0873015873015873,1.0,0.9958182015461547,margin_roc_persistence_score_gt_70pct;margin_roc_z_gt_2
2021-03-02,15946.88,207401442.0,0.36895075792043586,0.16261070656817656,0.2995091905707392,2.048184149024094,1.8749252075939964,2.4321475898426352,0.9867500449074457,-0.7986069466511585,0.3447139862234202,0.3447139862234202,0.0873015873015873,1.0,0.9958182015461547,index_yoy_z_gt_2;margin_roc_persistence_score_gt_70pct;margin_roc_z_gt_2
2021-03-03,16211.73,208611375.0,0.3786844620727894,0.16815955601703703,0.29708830558898125,2.110898325768416,1.934701811689595,2.4056695853135004,0.9868607070070464,-0.7816223236855575,0.3492063492063492,0.3492063492063492,0.09523809523809523,1.0,0.9958182015461547,index_yoy_z_gt_2;margin_roc_persistence_score_gt_70pct;margin_roc_z_gt_2
2021-03-04,15906.41,210623996.0,0.3566130409233532,0.15204318348563395,0.31279440158597405,1.960663292288031,1.7044566930738638,2.540931903280266,0.9868806519051972,-0.7785611439645759,0.3507038035339922,0.3507038035339922,0.0992063492063492,1.0,0.9958182015461547,margin_roc_persistence_score_gt_70pct;margin_roc_z_gt_2
2021-03-05,15855.23,211431492.0,0.35673071574957094,0.15404514067063935,0.31161072010965074,1.9614506615313636,1.7183700893645706,2.5241880831331147,0.9870415767878739,-0.7538620964324338,0.3611859838274933,0.3611859838274933,0.10714285714285714,1.0,0.9958182015461547,margin_roc_persistence_score_gt_70pct;margin_roc_z_gt_2
2021-03-08,15820.11,211823369.0,0.3715031031992557,0.14260425288501954,0.29872795047833245,2.060293582335454,1.5601390382930345,2.4014390184853696,0.9870745108262986,-0.7488073195269075,0.3638814016172507,0.3638814016172507,0.11507936507936507,1.0,0.9958182015461547,index_yoy_z_gt_2;margin_roc_persistence_score_gt_70pct;margin_roc_z_gt_2
2021-03-09,15853.09,214392438.0,0.373723920580439,0.14321678160306162,0.3044849335802693,2.0742959854300302,1.563651114183921,2.440055357874229,0.9871158401396677,-0.7424640203528122,0.3671758011380653,0.3671758011380653,0.11904761904761904,1.0,0.9958182015461547,index_yoy_z_gt_2;margin_roc_persistence_score_gt_70pct;margin_roc_z_gt_2
2021-03-10,15911.67,214442225.0,0.39165636080261534,0.15949847298929032,0.2850566362880529,2.1942334417887923,1.7563776028839295,2.2594256655831253,0.9871778352439478,-0.7329488975085061,0.3695717280622941,0.3695717280622941,0.12301587301587301,1.0,0.9958182015461547,index_yoy_z_gt_2;margin_roc_persistence_score_gt_70pct;margin_roc_z_gt_2
2021-03-11,16179.56,215825802.0,0.43281229382837827,0.1651983663733907,0.28180084102570846,2.469496476826113,1.8088110875583578,2.2290085487699565,0.9871100945132985,-0.7433458696755231,0.3668763102725367,0.3668763102725367,0.11904761904761904,1.0,0.9958182015461547,index_yoy_z_gt_2;margin_roc_persistence_score_gt_70pct;margin_roc_z_gt_2
2021-03-12,16255.18,215831664.0,0.4551934298139917,0.1619856545863434,0.2746678499455544,2.6191881243250643,1.756865926644897,2.1609959871219173,0.9870117350080172,-0.7584422677947733,0.35879005690326443,0.35879005690326443,0.10317460317460317,1.0,0.9958182015461547,index_yoy_z_gt_2;margin_roc_persistence_score_gt_70pct;margin_roc_z_gt_2
2021-03-15,16249.33,218622587.0,0.43447489874396616,0.1625688895184907,0.2861911761657887,2.4773235468370576,1.745155335456572,2.247054848567026,0.9868756992123743,-0.7793212923854539,0.3504043126684636,0.3504043126684636,0.0992063492063492,1.0,0.9958182015461547,index_yoy_z_gt_2;margin_roc_persistence_score_gt_70pct;margin_roc_z_gt_2
2021-03-16,16313.16,219279686.0,0.4319398543759627,0.15430597971758586,0.2690516286858189,2.4574852482224387,1.6275646836629465,2.0879801467995907,0.9866673400973083,-0.8113006333125636,0.3390236597783768,0.3390236597783768,0.0873015873015873,1.0,0.9958182015461547,index_yoy_z_gt_2;margin_roc_persistence_score_gt_70pct;margin_roc_z_gt_2
2021-03-17,16215.82,219823995.0,0.40825649033159017,0.1374254731142066,0.2690047352840268,2.292772797815882,1.4133689086616752,2.0847428996223525,0.9866075447688536,-0.8204781305096265,0.33513027852650495,0.33513027852650495,0.0873015873015873,1.0,0.9958182015461547,index_yoy_z_gt_2;margin_roc_persistence_score_gt_70pct;margin_roc_z_gt_2
2021-03-18,16287.84,221271582.0,0.4386250961639526,0.134219102531963,0.26622687147459945,2.4865086135661176,1.3708621736967637,2.0572500850341267,0.986501946547687,-0.8366855400818647,0.33153638814016173,0.33153638814016173,0.0873015873015873,1.0,0.9958182015461547,index_yoy_z_gt_2;margin_roc_persistence_score_gt_70pct;margin_roc_z_gt_2
2021-03-19,16070.24,222088148.0,0.4639066320265559,0.11675355486465033,0.2574115258192464,2.6520751881414006,1.1457493086280859,1.9787977259824436,0.9862779192690004,-0.8710696596334371,0.31775980832584605,0.31775980832584605,0.07936507936507936,1.0,0.9958182015461547,index_yoy_z_gt_2;margin_roc_persistence_score_gt_70pct
2021-03-22,16189.22,225596256.0,0.4712737900711952,0.1361262753965229,0.27923596590779565,2.6988724016304335,1.3805951892688026,2.1602846919812113,0.9859836824853779,-0.9162296633787954,0.30158730158730157,0.30158730158730157,0.07142857142857142,1.0,0.9958182015461547,index_yoy_z_gt_2;margin_roc_persistence_score_gt_70pct;margin_roc_z_gt_2
2021-03-23,16177.59,225031013.0,0.4850340791738381,0.13433891775799367,0.28609781499405895,2.7846563809078826,1.3568414227770633,2.209373612326942,0.9858937922025443,-0.9300261896304164,0.2973944294699012,0.2973944294699012,0.06746031746031746,1.0,0.9958182015461547,index_yoy_z_gt_2;margin_roc_persistence_score_gt_70pct;margin_roc_z_gt_2
2021-03-24,16032.12,227128377.0,0.5382486816754812,0.12814464800278658,0.28163919918877345,3.0,1.278875895472459,2.1658018053968386,0.9857297000789784,-0.9552113511305637,0.2884097035040431,0.2884097035040431,0.06349206349206349,1.0,0.9958182015461547,index_yoy_z_gt_2;margin_roc_persistence_score_gt_70pct;margin_roc_z_gt_2
2021-03-25,16060.14,228048637.0,0.5855806225176152,0.1415657084042954,0.2945285545187899,3.0,1.4435301716156417,2.2648013965536964,0.985560296554245,-0.981211716269313,0.2836178496555855,0.2836178496555855,0.05952380952380952,1.0,0.9958182015461547,index_yoy_z_gt_2;margin_roc_persistence_score_gt_70pct;margin_roc_z_gt_2
2021-03-26,16305.88,229766669.0,0.6779446313300272,0.1399158024839806,0.29476306701105437,3.0,1.417758099956283,2.249887878807853,0.9856233760220197,-0.9715301633176885,0.28481581311769993,0.28481581311769993,0.06349206349206349,1.0,0.9958182015461547,index_yoy_z_gt_2;margin_roc_persistence_score_gt_70pct;margin_roc_z_gt_2
2021-03-29,16475.97,230197160.0,0.7454042160550787,0.1554843175469689,0.29266001238037664,3.0,1.6016005019168957,2.2203528469527956,0.9856065324300384,-0.974115348852941,0.2845163222521713,0.2845163222521713,0.06349206349206349,1.0,0.9958182015461547,index_yoy_z_gt_2;margin_roc_persistence_score_gt_70pct;margin_roc_z_gt_2
2021-03-30,16554.9,231312242.0,0.795801346615076,0.16175062947545138,0.2913539707052568,3.0,1.6737953249221933,2.191948597030231,0.985660080933521,-0.9658966258637202,0.2857142857142857,0.2857142857142857,0.07142857142857142,1.0,0.9958182015461547,index_yoy_z_gt_2;margin_roc_persistence_score_gt_70pct;margin_roc_z_gt_2
2021-03-31,16431.13,232107089.0,0.8926951369258664,0.14224370453584867,0.28378136367786366,3.0,1.4302842973387035,2.113602146736927,0.9856936232247171,-0.9607484932020063,0.28721174004192873,0.28721174004192873,0.07539682539682539,1.0,0.9958182015461547,index_yoy_z_gt_2;margin_roc_persistence_score_gt_70pct;margin_roc_z_gt_2;raw_index_yoy_gt_80pct
2021-04-01,16571.28,232812929.0,0.7945764011396899,0.16884688794748848,0.2991861207216837,3.0,1.7385628573635008,2.2174652993766863,0.985688217998507,-0.9615780972810266,0.2869122491764001,0.2869122491764001,0.07539682539682539,1.0,0.9958182015461547,index_yoy_z_gt_2;margin_roc_persistence_score_gt_70pct;margin_roc_z_gt_2
2021-04-06,16739.87,233674744.0,0.8829936456907341,0.17695029701703358,0.29183913297732555,3.0,1.8131887915194738,2.124058522169165,0.9857369942389187,-0.9540918300218614,0.2893081761006289,0.2893081761006289,0.0873015873015873,1.0,0.9958182015461547,index_yoy_z_gt_2;margin_roc_persistence_score_gt_70pct;margin_roc_z_gt_2;raw_index_yoy_gt_80pct
2021-04-07,16815.36,236102460.0,0.8109033107105394,0.17752312979857532,0.2949566871393108,3.0,1.797544588394604,2.1319916319486625,0.9860459020026278,-0.9062402391276762,0.3045822102425876,0.3045822102425876,0.10714285714285714,1.0,0.9958182015461547,index_yoy_z_gt_2;margin_roc_persistence_score_gt_70pct;margin_roc_z_gt_2;raw_index_yoy_gt_80pct
2021-04-08,16926.44,239495053.0,0.7549900204774618,0.18107207799366698,0.29975746241855483,3.0,1.8194626064883979,2.1479025294664513,0.9870315467792348,-0.754661801170583,0.36058700209643607,0.36058700209643607,0.16666666666666666,1.0,0.9958182015461547,index_yoy_z_gt_2;margin_roc_persistence_score_gt_70pct;margin_roc_z_gt_2
2021-04-09,16854.1,240178019.0,0.7310473318570798,0.16371045641566329,0.285818138759627,3.0,1.5994650877962109,2.0105068054138395,0.9870408220120096,-0.7524640682610688,0.3608864929619647,0.3608864929619647,0.17063492063492064,1.0,0.9958182015461547,index_yoy_z_gt_2;margin_roc_persistence_score_gt_70pct;margin_roc_z_gt_2
2021-04-12,16859.7,242958854.0,0.7383069455155833,0.16498353723211312,0.3065829926168355,3.0,1.592317685157006,2.162139878891352,0.9870472813939958,-0.7510119211230839,0.36178496555855044,0.36178496555855044,0.17857142857142858,1.0,0.9958182015461547,index_yoy_z_gt_2;margin_roc_persistence_score_gt_70pct;margin_roc_z_gt_2
2021-04-13,16824.91,242012027.0,0.747238413904042,0.14551018879742905,0.2932725360858277,3.0,1.348996812817297,2.046364269230658,0.9870936913818553,-0.7438581782641233,0.36507936507936506,0.36507936507936506,0.19047619047619047,1.0,0.9958182015461547,index_yoy_z_gt_2;margin_roc_persistence_score_gt_70pct;margin_roc_z_gt_2
2021-04-14,16865.97,240764227.0,0.7373162094177417,0.14481151574101658,0.28504750346409913,3.0,1.3340178030556133,1.9760108059971884,0.9871654160192023,-0.7323793646019771,0.3692722371967655,0.3692722371967655,0.20238095238095238,1.0,0.9958182015461547,index_yoy_z_gt_2;margin_roc_persistence_score_gt_70pct
2021-04-15,17076.73,245359107.0,0.7671133932073146,0.1459331379684512,0.2893479544606279,3.0,1.3412709842434025,2.004230627783073,0.9872709750918692,-0.7156349049166224,0.3725666367175801,0.3725666367175801,0.21031746031746032,1.0,0.9958182015461547,index_yoy_z_gt_2;margin_roc_persistence_score_gt_70pct;margin_roc_z_gt_2
2021-04-16,17158.81,247778385.0,0.7475572222097746,0.143918378829909,0.2986731895029162,3.0,1.3121361113018584,2.0680003460454914,0.9877865591435361,-0.6368345132606886,0.39862234201856844,0.39862234201856844,0.23412698412698413,1.0,0.9958182015461547,index_yoy_z_gt_2;margin_roc_persistence_score_gt_70pct;margin_roc_z_gt_2
2021-04-19,17263.28,253719982.0,0.7269514294660373,0.1521811530701529,0.3432366744805613,3.0,1.4036053914989466,2.3905632514430377,0.9872437642516628,-0.7195777686097855,0.3716681641209943,0.3716681641209943,0.21031746031746032,1.0,0.9958182015461547,index_yoy_z_gt_2;margin_roc_persistence_score_gt_70pct;margin_roc_z_gt_2
2021-04-20,17323.87,254654899.0,0.708894822870006,0.13867950571841714,0.32738265385115395,3.0,1.2485269040307412,2.235871931222362,0.9872777118194878,-0.7142431654536558,0.3743635819107517,0.3743635819107517,0.21825396825396826,1.0,0.9958182015461547,index_yoy_z_gt_2;margin_roc_persistence_score_gt_70pct;margin_roc_z_gt_2
2021-04-21,17202.11,259367710.0,0.6999089869686337,0.11240077729170106,0.3454799440196137,3.0,0.9471438354167491,2.3652587682692197,0.9874850593240049,-0.6821619854028064,0.3830488170110812,0.3830488170110812,0.23015873015873015,1.0,0.9958182015461547,index_yoy_z_gt_2;margin_roc_persistence_score_gt_70pct;margin_roc_z_gt_2
2021-04-22,17096.97,255100041.0,0.6831685800104552,0.09896768719507887,0.30991868523169464,3.0,0.7894426464475577,2.082282947465091,0.9869323508298902,-0.7660978391657024,0.35429769392033544,0.35429769392033544,0.15873015873015872,1.0,0.9958182015461547,index_yoy_z_gt_2;margin_roc_persistence_score_gt_70pct;margin_roc_z_gt_2
2021-04-23,17300.27,259846969.0,0.7130303132321112,0.11609604727528433,0.35684987947993485,3.0,0.9764675134892594,2.4390096782553776,0.9861653221861453,-0.8826570142885009,0.31176999101527403,0.31176999101527403,0.1111111111111111,1.0,0.9958182015461547,index_yoy_z_gt_2;margin_roc_persistence_score_gt_70pct;margin_roc_z_gt_2
2021-04-26,17572.29,267790795.0,0.7006089264042954,0.11428739922308084,0.3717907285796671,3.0,0.9548374071152491,2.5463294979984785,0.9865999416033432,-0.815921701576434,0.33423180592991913,0.33423180592991913,0.1349206349206349,1.0,0.9958182015461547,index_yoy_z_gt_2;margin_roc_persistence_score_gt_70pct;margin_roc_z_gt_2
2021-04-27,17595.9,268507291.0,0.6842678571599501,0.12024493241630108,0.35149075701057364,3.0,1.0213605341767669,2.375947516114824,0.9866090180959085,-0.8139408211425817,0.33572926025756217,0.33572926025756217,0.14285714285714285,1.0,0.9958182015461547,index_yoy_z_gt_2;margin_roc_persistence_score_gt_70pct;margin_roc_z_gt_2
2021-04-28,17567.53,271712406.0,0.6931775686522454,0.1249418079338438,0.3902531352192147,3.0,1.0731035535960989,2.6643849775736186,0.9862962643106546,-0.8610306441171784,0.3192572626534891,0.3192572626534891,0.12301587301587301,1.0,0.9958182015461547,index_yoy_z_gt_2;margin_roc_persistence_score_gt_70pct;margin_roc_z_gt_2
2021-04-29,17566.66,274063216.0,0.6576949789752609,0.12520240840379193,0.3987231327519203,3.0,1.0715641157379465,2.6965095295677464,0.9866650458167544,-0.8045146387213243,0.3387241689128482,0.3387241689128482,0.15079365079365079,1.0,0.9958182015461547,index_yoy_z_gt_2;margin_roc_persistence_score_gt_70pct;margin_roc_z_gt_2
2021-05-03,17222.35,269119473.0,0.6267896258611032,0.08471050306190486,0.3589972751879582,3.0,0.6195912485033465,2.360618340661338,0.986126411899221,-0.8859895141319748,0.30967355495657384,0.30967355495657384,0.1111111111111111,1.0,0.9958182015461547,index_yoy_z_gt_2;margin_roc_persistence_score_gt_70pct;margin_roc_z_gt_2
2021-05-04,16933.78,260221949.0,0.6459067573057864,0.0713391850529348,0.3466820165807183,3.0,0.47033986385763205,2.2550246916649006,0.9861963251494176,-0.8751544103055706,0.31356693620844567,0.31356693620844567,0.11904761904761904,1.0,0.9958182015461547,index_yoy_z_gt_2;margin_roc_persistence_score_gt_70pct;margin_roc_z_gt_2
2021-05-05,16843.44,260231912.0,0.6340575140622482,0.04269405841484675,0.33630202485883487,3.0,0.15060138996759342,2.1674816018478804,0.9862979933052479,-0.8585327660158446,0.3195567535190177,0.3195567535190177,0.1349206349206349,1.0,0.9958182015461547,index_yoy_z_gt_2;margin_roc_persistence_score_gt_70pct;margin_roc_z_gt_2
2021-05-06,16994.36,259788424.0,0.6393521059643024,0.06088570905978696,0.31357174951010136,3.0,0.3536575917516661,1.9897267307228288,0.98609408978405,-0.888145904304045,0.3075771188978736,0.3075771188978736,0.1111111111111111,1.0,0.9958182015461547,index_yoy_z_gt_2;margin_roc_persistence_score_gt_70pct
2021-05-07,17285.0,264298597.0,0.6704744011999195,0.08393419512947631,0.3241017766639456,3.0,0.6109260568035689,2.0577834614131234,0.9860696762998495,-0.88756838187192,0.3066786463012878,0.3066786463012878,0.1111111111111111,1.0,0.9958182015461547,index_yoy_z_gt_2;margin_roc_persistence_score_gt_70pct;margin_roc_z_gt_2
2021-05-10,17235.61,270229503.0,0.6310371552917642,0.10069449544506792,0.3636109944882271,3.0,0.7965547153812367,2.3158326486874183,0.9855593263650191,-0.9580403770925393,0.2833183587900569,0.2833183587900569,0.05952380952380952,1.0,0.9958182015461547,index_yoy_z_gt_2;margin_roc_persistence_score_gt_70pct;margin_roc_z_gt_2
2021-05-11,16583.13,257587189.0,0.5620795285633278,0.05615277569905963,0.28145771492627025,3.0,0.30028143987100764,1.6916111897593693,0.982808009690427,-1.3694406438889348,0.1943695717280623,0.1943695717280623,0.007936507936507936,1.0,0.9958182015461547,index_yoy_z_gt_2;margin_roc_persistence_score_gt_70pct
2021-05-12,15902.37,244639968.0,0.4762388811219973,0.031557718404658264,0.22144851490484418,2.536127221635318,0.026249145777823796,1.25014001000853,0.9811128652777041,-1.620859273012303,0.16352201257861634,0.16352201257861634,0.003968253968253968,1.0,0.9958182015461547,index_yoy_z_gt_2;margin_roc_persistence_score_gt_70pct
2021-05-13,15670.1,236636884.0,0.4255731822920743,0.03512875611610555,0.19397827614099228,2.2144633206085764,0.06603680086021022,1.041805469393371,0.9804900550316847,-1.7108961329133907,0.1539383048817011,0.1539383048817011,0.003968253968253968,1.0,0.9958182015461547,index_yoy_z_gt_2;margin_roc_persistence_score_gt_70pct
2021-05-14,15827.09,230817194.0,0.4763415444084593,0.027060192380446768,0.17551086631477908,2.517311074353356,-0.021075004265611295,0.9035732284775642,0.979872247682227,-1.7991973135542658,0.14555256064690028,0.14555256064690028,0.003968253968253968,0.975,0.9958182015461547,index_yoy_z_gt_2;margin_roc_persistence_score_gt_70pct
2021-05-17,15353.89,214595444.0,0.42500656636295875,-0.02577149184171368,0.10157921766010447,2.197369477375434,-0.6064709739097937,0.3770861433860716,0.9769999872817267,-2.2251947825127667,0.12309074573225516,0.12309074573225516,0.003968253968253968,0.95,0.9958182015461547,index_yoy_z_gt_2;margin_roc_persistence_score_gt_70pct
2021-05-18,16145.98,216265090.0,0.49846960272780083,0.023755779478191963,0.11209097416151437,2.6383028218669224,-0.05464986540362501,0.4511301899192887,0.9765114394697276,-2.2872907681285275,0.12009583707696915,0.12009583707696915,0.003968253968253968,0.925,0.9958182015461547,index_yoy_z_gt_2;margin_roc_persistence_score_gt_70pct
2021-05-19,16132.66,218632614.0,0.48785198083173165,0.02715102679066006,0.1303735310683869,2.571256349838418,-0.016820825246798832,0.5801680191668351,0.9758051722979159,-2.3814278650765903,0.11650194669062594,0.11650194669062594,0.003968253968253968,0.9,0.9958182015461547,index_yoy_z_gt_2;margin_roc_persistence_score_gt_70pct
2021-05-20,16042.36,216571322.0,0.47158443578909903,0.015185035184529072,0.14013325037160174,2.468401659166772,-0.15014306522687315,0.6483366150734906,0.9751315705693065,-2.472722490806117,0.11380652890086852,0.11380652890086852,0.003968253968253968,0.875,0.9958182015461547,index_yoy_z_gt_2;margin_roc_persistence_score_gt_70pct
2021-05-21,16302.06,219988990.0,0.48022111527376987,-0.003681025088786538,0.1395500873568427,2.517345463346706,-0.36034423350688344,0.641951134548366,0.9745349191815804,-2.552032850452337,0.1096136567834681,0.1096136567834681,0.003968253968253968,0.85,0.9958182015461547,index_yoy_z_gt_2;margin_roc_persistence_score_gt_70pct
2021-05-24,16338.29,222034058.0,0.5017542214832158,-0.005249471673736239,0.1303907594690592,2.644451455709096,-0.3778194932995989,0.5752923836550979,0.973882291511673,-2.6349641569650206,0.1078167115902965,0.1078167115902965,0.003968253968253968,0.825,0.9958182015461547,index_yoy_z_gt_2;margin_roc_persistence_score_gt_70pct
2021-05-25,16595.67,222993954.0,0.5172115883041832,0.01556110928208021,0.11663021588046751,2.7336491091843262,-0.1459529368418329,0.4765977818666094,0.97313200589003,-2.730319610287035,0.10631925726265348,0.10631925726265348,0.003968253968253968,0.8,0.9958182015461547,index_yoy_z_gt_2;margin_roc_persistence_score_gt_70pct
2021-05-26,16643.69,225719102.0,0.5438155326837883,0.014230817981055521,0.11164887314667271,2.891265488852494,-0.16077472695471803,0.4363058775862727,0.9725430081960508,-2.8070379942878136,0.10422282120395328,0.10422282120395328,0.003968253968253968,0.775,0.9958182015461547,index_yoy_z_gt_2;margin_roc_persistence_score_gt_70pct
2021-05-27,16601.61,226935645.0,0.5350654466237383,0.009621489472980027,0.10612702898560755,2.8340620594509534,-0.2121307717964824,0.39285983731508795,0.9720043915088032,-2.875039370207129,0.09613656783468104,0.09613656783468104,0.003968253968253968,0.75,0.9958182015461547,index_yoy_z_gt_2;margin_roc_persistence_score_gt_70pct
2021-05-28,16870.86,233365365.0,0.5707631359660355,0.04060624714341321,0.13786739988448882,3.0,0.12985192459552122,0.6163126801558065,0.9707512653020416,-3.0,0.08864929619646601,0.08864929619646601,0.003968253968253968,0.725,0.9958182015461547,index_yoy_z_gt_2;margin_roc_persistence_score_gt_70pct
2021-05-31,17068.43,234047805.0,0.5716149621930602,0.037457042167056365,0.1271420498942235,3.0,0.09214552751106778,0.5374346497116398,0.9699009866187952,-3.0,0.08445642407906559,0.08445642407906559,0.003968253968253968,0.7,0.9958182015461547,index_yoy_z_gt_2
2021-06-01,17162.38,240126099.0,0.5734043528484205,0.07575499254096218,0.1477771259277989,3.0,0.5153962173234623,0.6803395271854212,0.970412558291271,-3.0,0.0865528601377658,0.0865528601377658,0.007936507936507936,0.675,0.9958182015461547,index_yoy_z_gt_2
2021-06-02,17165.04,240498196.0,0.5592802164909965,0.07638861018581711,0.15957822511185826,2.9308659104597905,0.5159995201362619,0.7601128168007601,0.9699727730753549,-3.0,0.0847559149445942,0.0847559149445942,0.007936507936507936,0.65,0.9958182015461547,index_yoy_z_gt_2
2021-06-03,17246.16,245958470.0,0.5952197499803444,0.06380750234552401,0.17902712639711038,3.0,0.3725484473125182,0.8957372098355797,0.9693053471198945,-3.0,0.08176100628930817,0.08176100628930817,0.003968253968253968,0.625,0.9958182015461547,index_yoy_z_gt_2
2021-06-04,17147.41,246356191.0,0.5773273922426083,0.0780188615784454,0.1696492122388562,3.0,0.5307689758820278,0.8275218662980807,0.9686361402267,-3.0,0.07936507936507936,0.07936507936507936,0.003968253968253968,0.6,0.9958182015461547,index_yoy_z_gt_2
2021-06-07,17083.91,245921177.0,0.5534767454654408,0.07749367243490002,0.16312463518916087,2.884996747031211,0.5247648997043467,0.7782504132326766,0.9680116753682027,-3.0,0.07517220724767895,0.07517220724767895,0.003968253968253968,0.575,0.9958182015461547,index_yoy_z_gt_2
2021-06-08,17076.21,247496957.0,0.5503165780877484,0.07939894223238642,0.16841195647303664,2.864921959031172,0.5471094539247484,0.8090692591948816,0.9674142809163895,-3.0,0.07127882599580712,0.07127882599580712,0.003968253968253968,0.55,0.9958182015461547,index_yoy_z_gt_2
2021-06-09,16966.22,247956857.0,0.5502490362466295,0.07021533341449526,0.15655598356505473,2.858781375548516,0.4426037203466314,0.7212352988382228,0.9669030880297972,-3.0,0.06918238993710692,0.06918238993710692,0.003968253968253968,0.525,0.9958182015461547,index_yoy_z_gt_2
2021-06-10,17159.22,248038908.0,0.5681748393370232,0.0784047180465659,0.15667009144304478,2.95163199572374,0.5347031779351222,0.7183476910286567,0.9665200038830908,-3.0,0.06708595387840671,0.06708595387840671,0.003968253968253968,0.5,0.9958182015461547,index_yoy_z_gt_2
2021-06-11,17213.52,251459915.0,0.5537042084949753,0.06390532251804126,0.16510589869139003,2.8585805247713414,0.36742245248053107,0.7722539292101704,0.9659801555134253,-3.0,0.0658879904162923,0.0658879904162923,0.003968253968253968,0.5,0.9958182015461547,index_yoy_z_gt_2
2021-06-15,17371.29,256269364.0,0.5610531338712592,0.06866180503691743,0.18735758808772385,2.8935985023947417,0.4206990428266629,0.9228511334972084,0.9650627352015465,-3.0,0.06289308176100629,0.06289308176100629,0.003968253968253968,0.5,0.9958182015461547,index_yoy_z_gt_2
2021-06-16,17307.86,253970327.0,0.5289412870489463,0.06514299358804343,0.16168384285014437,2.700805355360605,0.3769577964382765,0.7433460216813969,0.964176390437201,-3.0,0.06019766397124888,0.06019766397124888,0.003968253968253968,0.5,0.9958182015461547,index_yoy_z_gt_2
2021-06-17,17390.61,260074832.0,0.5263985717834188,0.06604790242969494,0.18604161080383896,2.68278528860276,0.3839851600702055,0.9071893995063057,0.9632987794809441,-3.0,0.05750224618149147,0.05750224618149147,0.003968253968253968,0.5,0.9958182015461547,index_yoy_z_gt_2
2021-06-18,17318.54,262606750.0,0.5086624736484486,0.06800272819999242,0.1946227708217203,2.568475734201443,0.4041849179136241,0.9618677031803762,0.962599871544349,-3.0,0.05450733752620545,0.05450733752620545,0.003968253968253968,0.5,0.9958182015461547,index_yoy_z_gt_2
2021-06-21,17062.98,263972139.0,0.46963907971528784,0.0475901040285267,0.1929780436061599,2.332108488667329,0.16584177813390846,0.9472494629595115,0.9619577565204243,-3.0,0.05211141060197664,0.05211141060197664,0.003968253968253968,0.5,0.9958182015461547,index_yoy_z_gt_2
2021-06-22,17075.55,264833958.0,0.4673359622792943,0.06255724867830215,0.19247227006458711,2.3150918910941187,0.33252496647239277,0.936365351987376,0.9613259053612802,-3.0,0.050314465408805034,0.050314465408805034,0.003968253968253968,0.5,0.9958182015461547,index_yoy_z_gt_2
2021-06-23,17336.71,262707409.0,0.4792212734297143,0.07087988179788773,0.1645025217085163,2.381162383353815,0.4279495813979494,0.739982526374415,0.9600418302392999,-3.0,0.04731955675351902,0.04731955675351902,0.003968253968253968,0.5,0.9958182015461547,index_yoy_z_gt_2
2021-06-24,17407.96,269060717.0,0.5090418758349029,0.07605397342867493,0.19566060434523314,2.545938918475046,0.4872740396989537,0.9460683921740566,0.9591948002209655,-3.0,0.04552261156034741,0.04552261156034741,0.003968253968253968,0.5,0.9958182015461547,index_yoy_z_gt_2
2021-06-25,17502.99,272030069.0,0.531328248442249,0.09174519651799029,0.1976930077741894,2.6634924145887386,0.6671845198912463,0.9589197944011822,0.9586985707203013,-3.0,0.044923629829290206,0.044923629829290206,0.003968253968253968,0.5,0.9958182015461547,index_yoy_z_gt_2
2021-06-28,17590.97,280289200.0,0.5558610893434257,0.09531859622643402,0.2290764096958844,2.779598617470539,0.7049141792459374,1.1697907346649201,0.9572594074005656,-3.0,0.04103024857741839,0.04103024857741839,0.003968253968253968,0.525,0.9958182015461547,index_yoy_z_gt_2
2021-06-29,17598.19,276613307.0,0.5287300506270174,0.079254232215618,0.20388787548641352,2.601020321561305,0.5215685623722048,1.0005442678265162,0.9559847696351175,-3.0,0.03623839472896077,0.03623839472896077,0.003968253968253968,0.55,0.9958182015461547,index_yoy_z_gt_2
2021-06-30,17755.46,286850018.0,0.5393230275198337,0.07765794669448889,0.24610580773455237,2.648785212584744,0.4994364545690326,1.284214441358647,0.9537850302400561,-3.0,0.03264450434261755,0.03264450434261755,0.003968253968253968,0.575,0.9958182015461547,index_yoy_z_gt_2
2021-07-01,17713.94,284114788.0,0.5338962430065646,0.07001189980005895,0.2282738930869037,2.614747628663835,0.4093460689250576,1.1643984756505767,0.9526851916229189,-3.0,0.030847559149445942,0.030847559149445942,0.003968253968253968,0.6,0.9958182015461547,index_yoy_z_gt_2
2021-07-02,17710.15,289131431.0,0.5333649065876123,0.07784126837289951,0.24568117348626095,2.6095685411558653,0.49740511641726115,1.2813612445182019,0.9516438748807773,-3.0,0.029649595687331536,0.029649595687331536,0.003968253968253968,0.625,0.9958182015461547,index_yoy_z_gt_2
2021-07-05,17919.33,298062239.0,0.5483831665792502,0.08134857415963048,0.28026497617750423,2.6906750631418723,0.5346907907344163,1.5137362754212949,0.949994839026139,-3.0,0.027852650494159928,0.027852650494159928,0.003968253968253968,0.65,0.9958182015461547,index_yoy_z_gt_2
2021-07-06,17913.07,298634866.0,0.5425865198805411,0.07008417628093899,0.27799376555645217,2.6506154930851062,0.4027748143413932,1.4984755869722473,0.9493515980681427,-3.0,0.02605570530098832,0.02605570530098832,0.003968253968253968,0.675,0.9958182015461547,index_yoy_z_gt_2
2021-07-07,17850.69,295537905.0,0.5308459976999604,0.06157049269239545,0.25173581418846713,2.5777918924115166,0.3030497612084012,1.3220435064673348,0.9484302085424665,-3.0,0.024558250973345314,0.024558250973345314,0.003968253968253968,0.7,0.9958182015461547,index_yoy_z_gt_2
2021-07-08,17866.09,299350679.0,0.5478366263465313,0.055513740632997965,0.24992426879063756,2.668265569337766,0.23392290739496646,1.309871394523451,0.9501848393498753,-3.0,0.02815214135968853,0.02815214135968853,0.015873015873015872,0.725,0.9958182015461547,index_yoy_z_gt_2;margin_roc_persistence_score_gt_70pct
2021-07-09,17661.48,295462211.0,0.5197586488188868,0.04790407081956327,0.2301800648959471,2.5112299232050894,0.14707231030875575,1.177206400128622,0.9498239358349849,-3.0,0.026954177897574125,0.026954177897574125,0.011904761904761904,0.75,0.9958182015461547,index_yoy_z_gt_2;margin_roc_persistence_score_gt_70pct
2021-07-12,17814.33,299252325.0,0.5221473723065566,0.0566220039502483,0.23169960704539716,2.522649638166401,0.246571725700066,1.1874164876973443,0.9498424475446398,-3.0,0.027253668763102725,0.027253668763102725,0.015873015873015872,0.775,0.9958182015461547,index_yoy_z_gt_2;margin_roc_persistence_score_gt_70pct
2021-07-13,17847.52,293348324.0,0.5118431462905142,0.06077952274336096,0.21212291651935122,2.4638243101274226,0.2940222719696942,1.0558770469197092,0.9495614685057046,-3.0,0.026355196166516923,0.026355196166516923,0.011904761904761904,0.8,0.9958182015461547,index_yoy_z_gt_2;margin_roc_persistence_score_gt_70pct
2021-07-14,17845.75,291249246.0,0.4984893980767746,0.058092122777403166,0.20968654533549125,2.386215919013341,0.26140955350368167,1.0395066137954125,0.949769968614519,-3.0,0.026654687032045522,0.026654687032045522,0.015873015873015872,0.825,0.9958182015461547,index_yoy_z_gt_2;margin_roc_persistence_score_gt_70pct
2021-07-15,18034.19,296486929.0,0.4883747224904469,0.05606811140071888,0.2083795569079896,2.327309353138001,0.23747280594485531,1.0307247143917482,0.9499348720534597,-3.0,0.027553159628631328,0.027553159628631328,0.027777777777777776,0.85,0.9958182015461547,index_yoy_z_gt_2;margin_roc_persistence_score_gt_70pct
2021-07-16,17895.25,295688780.0,0.4798060360688896,0.042919060237860185,0.19335986470329125,2.2781293066510133,0.08551863913280898,0.9298045966307984,0.9502036265073802,-3.0,0.02845163222521713,0.02845163222521713,0.03968253968253968,0.85,0.9958182015461547,index_yoy_z_gt_2;margin_roc_persistence_score_gt_70pct
2021-07-19,17789.25,299927555.0,0.4617068427033595,0.030467558887998125,0.18212035424155126,2.1760166776356775,-0.05659269465279838,0.8542842261787723,0.9509829005319107,-3.0,0.029050613956274333,0.029050613956274333,0.04365079365079365,0.85,0.9958182015461547,index_yoy_z_gt_2;margin_roc_persistence_score_gt_70pct
2021-07-20,17528.74,295615548.0,0.43764337484181093,0.011825879552317176,0.16084767723239435,2.0430019289873402,-0.2693536975198593,0.7113491353928768,0.9513691050643226,-3.0,0.029350104821802937,0.029350104821802937,0.047619047619047616,0.85,0.9958182015461547,index_yoy_z_gt_2;margin_roc_persistence_score_gt_70pct
2021-07-21,17458.79,293773592.0,0.4460206001815519,0.01492142533677554,0.13265291196039786,2.087908573084776,-0.23402364953101448,0.5223475328696222,0.9517067372264679,-3.0,0.02994908655286014,0.02994908655286014,0.05555555555555555,0.85,0.9958182015461547,index_yoy_z_gt_2;margin_roc_persistence_score_gt_70pct
2021-07-22,17572.33,294621287.0,0.4389914146923082,0.02780375703999005,0.15492449881652504,2.0489543150161866,-0.0869951676497745,0.6734614585264531,0.9528167256790356,-3.0,0.031147050014974545,0.031147050014974545,0.06349206349206349,0.85,0.9958182015461547,index_yoy_z_gt_2;margin_roc_persistence_score_gt_70pct
2021-07-23,17572.92,296455441.0,0.4393402904903836,0.015759869643652724,0.1408847374317459,2.0499839830662108,-0.22445432649057764,0.5813087628960918,0.9538007203009113,-3.0,0.03294399520814615,0.03294399520814615,0.07142857142857142,0.85,0.9958182015461547,index_yoy_z_gt_2;margin_roc_persistence_score_gt_70pct
2021-07-26,17403.56,298020214.0,0.4261881445727842,-0.009602049590576978,0.11288445892996424,1.9683584790160635,-0.513914695041167,0.3943500735603705,0.9552094615394443,-3.0,0.034141958670260555,0.034141958670260555,0.07539682539682539,0.825,0.9958182015461547,margin_roc_persistence_score_gt_70pct
2021-07-27,17269.87,296570707.0,0.42048357671738334,-0.018528748174290732,0.10451640212630209,1.9255173535052543,-0.6157967899298856,0.33875777636725557,0.9567308168367085,-3.0,0.03893381251871818,0.03893381251871818,0.08333333333333333,0.8,0.9958182015461547,margin_roc_persistence_score_gt_70pct
2021-07-28,17135.22,289517961.0,0.4066523499453274,-0.024608468008877615,0.06553088709537991,1.8430180462803998,-0.6838044757285733,0.07222192636227076,0.9574803980875868,-3.0,0.04162923030847559,0.04162923030847559,0.09126984126984126,0.775,0.9958182015461547,margin_roc_persistence_score_gt_70pct
2021-07-29,17402.81,291602781.0,0.4294429194039364,-0.009327328017961212,0.06399824557265643,1.9562453481074888,-0.5097495380325284,0.06186598532950646,0.9594394962473166,-3.0,0.04612159329140461,0.04612159329140461,0.10317460317460317,0.75,0.9958182015461547,margin_roc_persistence_score_gt_70pct
2021-07-30,17247.41,291466562.0,0.3911950345027848,0.0014550859783943881,0.08303780009260042,1.7436191657262734,-0.3869358999489676,0.19311563070434104,0.9612643089266917,-3.0,0.04971548367774783,0.04971548367774783,0.1111111111111111,0.725,0.9958182015461547,margin_roc_persistence_score_gt_70pct
2022-02-21,18221.49,269854700.0,0.18243890853330513,0.04015040418126814,0.0051116364773908796,0.011804509445846456,-0.11637493944585943,-0.494059076733955,0.990553479207041,0.23397200927694464,0.5645402815214136,0.5645402815214136,1.0,0.375,0.9958182015461547,margin_roc_autocorr_rank_252_gt_90pct
2022-02-22,17969.29,267507030.0,0.1401797583129496,0.018986677796384077,-0.010724836657581616,-0.20706549727513546,-0.395640517449339,-0.6238118803575228,0.9901497199000111,0.17326260197929536,0.5351901766996107,0.5351901766996107,0.996031746031746,0.35,0.9958182015461547,margin_roc_autocorr_rank_252_gt_90pct
2022-02-23,18055.73,269379678.0,0.1448458340836405,0.020493830091114384,-0.004730907076359925,-0.18393550067873965,-0.37579251270087927,-0.5766358630775918,0.9899383210578037,0.14159010062892946,0.5223120694818808,0.5223120694818808,0.9920634920634921,0.325,0.9958182015461547,margin_roc_autocorr_rank_252_gt_90pct
2022-02-24,17594.55,264032727.0,0.12022816438328254,-0.009541185451057421,-0.03655466442353794,-0.31399247088734755,-0.7713299332956326,-0.8349854984528883,0.9893204644193271,0.04848674168924246,0.48457622042527704,0.48457622042527704,0.9880952380952381,0.3,0.9958182015461547,margin_roc_autocorr_rank_252_gt_90pct
2022-02-25,17652.18,266167981.0,0.11705690274894964,-0.01060400630669045,-0.030292384492827673,-0.33073085925632534,-0.781592091584802,-0.7841474494108728,0.9891490915022618,0.022619868786057172,0.4728960766696616,0.4728960766696616,0.9841269841269841,0.275,0.9958182015461547,margin_roc_autocorr_rank_252_gt_90pct
2022-03-01,17898.25,266890791.0,0.09387194579731806,0.004486396296842887,-0.03185321883419456,-0.45264855286785405,-0.5838084005116071,-0.7968185170844432,0.9888429177968702,-0.018911968807145737,0.4564240790655885,0.4564240790655885,0.9285714285714286,0.25,0.9958182015461547,margin_roc_autocorr_rank_252_gt_90pct
2022-04-12,16990.91,263375783.0,0.02633721737974848,-0.06890348021840953,-0.06598434059977798,-0.8253127416835789,-1.3685114682536044,-0.9651803535489263,0.9892820162412205,0.09480752791638213,0.48247978436657685,0.48247978436657685,0.9841269841269841,0.0,0.9958182015461547,margin_roc_autocorr_rank_252_gt_90pct
2022-04-13,17301.65,264230977.0,0.05297992286592579,-0.05034294170210607,-0.0637339156863459,-0.6823649483287952,-1.1315254007302977,-0.9371477187201125,0.9905741098693956,0.2906641991731232,0.5660377358490566,0.5660377358490566,1.0,0.0,0.9958182015461547,margin_roc_autocorr_rank_252_gt_90pct
2022-04-14,17245.65,264837707.0,0.04069510623198713,-0.05609367226202211,-0.06235380639305699,-0.7482774522410109,-1.186647338123258,-0.921026308960433,0.9904292114251317,0.2687003674933017,0.555256064690027,0.555256064690027,0.9920634920634921,0.0,0.9958182015461547,margin_roc_autocorr_rank_252_gt_90pct
2022-04-15,17004.18,264314252.0,0.015789250454155246,-0.0821624335068698,-0.0679272322244141,-0.8819064159699639,-1.491356181627954,-0.9542382992509916,0.9902197593105703,0.2369514345590595,0.5399820305480683,0.5399820305480683,0.9880952380952381,0.0,0.9958182015461547,margin_roc_autocorr_rank_252_gt_90pct
2022-04-18,16898.87,263433781.0,0.004966292722843768,-0.0865455925310109,-0.07355136591413303,-0.9399755158241713,-1.537007666453071,-0.9897836921444882,0.9900989614349471,0.2186407879476008,0.531895777178796,0.531895777178796,0.9801587301587301,0.0,0.9958182015461547,margin_roc_autocorr_rank_252_gt_90pct
2022-04-19,16993.4,263384134.0,0.003955941119337725,-0.07483264299931602,-0.07292200513664526,-0.9438714767504024,-1.3930800016618672,-0.9813387804391563,0.9899502106816143,0.19609301992257422,0.5235100329439952,0.5235100329439952,0.9761904761904762,0.0,0.9958182015461547,margin_roc_autocorr_rank_252_gt_90pct
2022-04-20,17148.88,264434627.0,0.017490106264944627,-0.05618566233125799,-0.059789854922847274,-0.8707284815841825,-1.1640024618678324,-0.8864496457779452,0.989927221953244,0.19260836856539482,0.5211141060197664,0.5211141060197664,0.9682539682539683,0.0,0.9958182015461547,margin_roc_autocorr_rank_252_gt_90pct
2022-04-21,17127.95,264441722.0,0.01591072201759225,-0.06093573356111892,-0.05904049406955447,-0.8791825264215881,-1.2117617059005041,-0.8779100176777496,0.9896942770400726,0.15729837687046433,0.5052410901467506,0.5052410901467506,0.9642857142857143,0.0,0.9958182015461547,margin_roc_autocorr_rank_252_gt_90pct
2022-04-22,17025.09,264899731.0,0.011897834817541364,-0.06906744837247603,-0.04946492661422219,-0.9005960700068528,-1.3002819282820046,-0.80889277862298,0.989373747096134,0.10871217035338167,0.4887690925426775,0.4887690925426775,0.9603174603174603,0.0,0.9958182015461547,margin_roc_autocorr_rank_252_gt_90pct
2022-04-25,16620.9,259689943.0,-0.014530442067666405,-0.09548091470117659,-0.06291057707559133,-1.0395065648789124,-1.6019483245491148,-0.9014675234941464,0.9891387167437362,0.07308606597428655,0.4716981132075472,0.4716981132075472,0.9444444444444444,0.0,0.9958182015461547,margin_roc_autocorr_rank_252_gt_90pct
2022-06-08,16670.51,242754599.0,0.00415019989025156,-0.029581999558755623,-0.09767817944307855,-0.9046057618578209,-0.7332528611281386,-1.061032242628984,0.9892507737433464,0.16374936593596773,0.4803833483078766,0.4803833483078766,0.9484126984126984,0.0,0.9958182015461547,margin_roc_autocorr_rank_252_gt_90pct
2022-06-10,16460.12,242197902.0,-0.03563948178010523,-0.032631692776409205,-0.08280748562210649,-1.1038675768335247,-0.7617561401268532,-0.9595433528812733,0.9889015233500925,0.11040414777326717,0.4603174603174603,0.4603174603174603,0.9047619047619048,0.0,0.9958182015461547,margin_roc_autocorr_rank_252_gt_90pct
2022-06-13,16070.98,241556677.0,-0.06359257865167889,-0.07813941215611597,-0.08480421368059055,-1.24641976811217,-1.2769135567684105,-0.9694337223774779,0.9892073469518731,0.15748048281005048,0.4767894579215334,0.4767894579215334,0.9444444444444444,0.0,0.9958182015461547,margin_roc_autocorr_rank_252_gt_90pct
2022-06-14,16047.37,241574083.0,-0.06511316023731961,-0.0705119219866619,-0.09049215545329814,-1.251481800961582,-1.1866276414414298,-1.0024923478987442,0.9893335419359722,0.17732139987375148,0.4857741838873914,0.4857741838873914,0.9563492063492064,0.0,0.9958182015461547,margin_roc_autocorr_rank_252_gt_90pct
2022-06-15,15999.25,240486013.0,-0.07230073245290547,-0.07320784751700748,-0.103560275967705,-1.2824808840514563,-1.2148677596914341,-1.082590984722371,0.9893499578025434,0.18048265827674742,0.48727163821503444,0.48727163821503444,0.9563492063492064,0.0,0.9958182015461547,margin_roc_autocorr_rank_252_gt_90pct
2022-06-16,15838.61,235540080.0,-0.07632639564808907,-0.06424708408217861,-0.11462891486338211,-1.297068664946723,-1.1077666113274596,-1.149398153694461,0.9893834956966072,0.1864704472727819,0.48966756513926324,0.48966756513926324,0.9603174603174603,0.0,0.9958182015461547,margin_roc_autocorr_rank_252_gt_90pct
2022-06-17,15641.26,231698791.0,-0.08444495434593136,-0.07671229803970647,-0.12267543796889757,-1.3353663113222336,-1.2454666014559577,-1.1971987043313834,0.9895184938460818,0.20855039184315252,0.4965558550464211,0.4965558550464211,0.9603174603174603,0.0,0.9958182015461547,margin_roc_autocorr_rank_252_gt_90pct
2022-06-21,15728.64,219229066.0,-0.07294376708542039,-0.09898192766943248,-0.16992842679923026,-1.2665240027347946,-1.4867414855054188,-1.4857984417493375,0.9891613506090061,0.15338904401384512,0.47349505840071876,0.47349505840071876,0.9246031746031746,0.0,0.9958182015461547,margin_roc_autocorr_rank_252_gt_90pct
2022-06-22,15347.75,214114018.0,-0.10556831837344594,-0.12600026423148503,-0.1908795245092526,-1.4258653751623087,-1.790538225841444,-1.610511046282938,0.9892648364975443,0.16986968698747976,0.4809823300389338,0.4809823300389338,0.9325396825396826,0.0,0.9958182015461547,margin_roc_autocorr_rank_252_gt_90pct
2022-06-23,15176.44,210404758.0,-0.118341861513508,-0.13572376764764327,-0.2044900785936199,-1.4876922774213681,-1.8925673436539252,-1.6911721559977129,0.9896316711482486,0.2276707022611509,0.5010482180293501,0.5010482180293501,0.9603174603174603,0.0,0.9958182015461547,margin_roc_autocorr_rank_252_gt_90pct
2022-06-24,15303.32,209523532.0,-0.11904527527892295,-0.13693527347294654,-0.20875408066156953,-1.4900343689662825,-1.8935142834034562,-1.7045025689798685,0.9902619117432279,0.3274303675709843,0.5444743935309974,0.5444743935309974,0.9880952380952381,0.0,0.9958182015461547,margin_roc_autocorr_rank_252_gt_90pct
2022-06-27,15548.01,209629086.0,-0.10167923706339199,-0.12153470297292635,-0.2133214459780025,-1.4023383712161523,-1.71510203271017,-1.7153877560035502,0.990696688591579,0.3973041921595594,0.5735250074872716,0.5735250074872716,1.0,0.0,0.9958182015461547,margin_roc_autocorr_rank_252_gt_90pct
2022-06-28,15439.92,209327189.0,-0.11216915335344768,-0.126550677577297,-0.21129321432639459,-1.4545327898950677,-1.76899980950473,-1.6949822699810813,0.9911145628134308,0.4661135475184532,0.6022761305780173,0.6022761305780173,1.0,0.0,0.9958182015461547,margin_roc_autocorr_rank_252_gt_90pct
2022-06-29,15240.13,209726316.0,-0.12001069374208229,-0.13013006271115135,-0.2103034984271197,-1.4935497496891148,-1.8075475933030336,-1.6835135010146152,0.9913794382182176,0.5114323475043886,0.6169511829889188,0.6169511829889188,1.0,0.0,0.9958182015461547,margin_roc_autocorr_rank_252_gt_90pct
2022-06-30,14825.73,206725105.0,-0.13111719054936477,-0.1551645538747688,-0.2230591280849057,-1.5488120728941996,-2.0873836498440506,-1.7567853942612306,0.9916283628916802,0.5550757690605044,0.6307277628032345,0.6307277628032345,1.0,0.0,0.9958182015461547,margin_roc_autocorr_rank_252_gt_90pct
2022-07-01,14343.08,196445574.0,-0.16002237116813223,-0.19150917445672522,-0.26118303925072994,-1.6926348697105904,-2.492128552991657,-1.986689042244051,0.9914032731508593,0.5218166335216236,0.6187481281820905,0.6187481281820905,0.996031746031746,0.0,0.9958182015461547,margin_roc_autocorr_rank_252_gt_90pct
2022-07-04,14217.06,193412424.0,-0.17994475307021918,-0.1964798312597812,-0.27242922930956437,-1.7917621757182207,-2.5415727211366157,-2.047217434915966,0.9918179220879214,0.5904569307497772,0.6430068882899072,0.6430068882899072,1.0,0.0,0.9958182015461547,margin_roc_autocorr_rank_252_gt_90pct
2022-07-05,14349.2,193180359.0,-0.17571042212872723,-0.1858882454431312,-0.2728713428104015,-1.7706935193177087,-2.41904874375214,-2.036352297991142,0.9921850190245233,0.6521183662926208,0.6741539383048817,0.6741539383048817,1.0,0.0,0.9958182015461547,margin_roc_autocorr_rank_252_gt_90pct
2022-07-06,13985.51,191054887.0,-0.2009645209189973,-0.20185418747324868,-0.2867338811104385,-1.891264672727799,-2.571722726330233,-2.1133957295092176,0.992547049569203,0.7110983883701272,0.6960167714884696,0.6960167714884696,1.0,0.0,0.9958182015461547,margin_roc_autocorr_rank_252_gt_90pct
2022-07-07,14336.27,189771527.0,-0.18502106478494362,-0.1654590616364635,-0.2851429605764393,-1.8082084406462053,-2.136400547267133,-2.0974461855289723,0.9928457361817784,0.7597587659621178,0.7148846960167715,0.7148846960167715,1.0,0.0,0.9958182015461547,margin_roc_autocorr_rank_252_gt_90pct
2022-07-08,14464.53,189954736.0,-0.17806717622664592,-0.16315215793998572,-0.28639850710851456,-1.773775945695287,-2.0968269953321697,-2.0983156278802664,0.993132105933338,0.8064125484054079,0.7304582210242587,0.7304582210242587,1.0,0.0,0.9958182015461547,margin_roc_autocorr_rank_252_gt_90pct
2022-07-11,14340.53,190305569.0,-0.19233126035596926,-0.15883277990799116,-0.27959042215519203,-1.844405205949442,-2.0442440020750916,-2.052831896997409,0.9933021857404437,0.8341210136867171,0.7427373465109314,0.7427373465109314,1.0,0.0,0.9958182015461547,margin_roc_autocorr_rank_252_gt_90pct
2022-07-12,13950.62,188217854.0,-0.21244963006536088,-0.17893626650956296,-0.2853638559472266,-1.9440222270782523,-2.2521039911734455,-2.080954075234504,0.9938793110086234,0.9281430832577605,0.7777777777777778,0.7777777777777778,1.0,0.0,0.9958182015461547,margin_roc_autocorr_rank_252_gt_90pct
2022-07-13,14324.68,188486826.0,-0.1911598715990548,-0.17206278013946652,-0.28665886134917484,-1.8357358497670802,-2.1664247541080166,-2.0840263378209407,0.9943785286983534,1.0094728793052326,0.8083258460616951,0.8083258460616951,1.0,0.0,0.9958182015461547,margin_roc_autocorr_rank_252_gt_90pct
2022-07-14,14438.52,189160534.0,-0.1942488921181763,-0.16277322107314018,-0.2857492381173652,-1.8479209518756048,-2.055094281621797,-2.0704632804295735,0.9945265590645795,1.0335891711387886,0.8200059898173105,0.8200059898173105,1.0,0.0,0.9958182015461547,margin_roc_autocorr_rank_252_gt_90pct
2022-07-15,14550.62,190602949.0,-0.18770930945951747,-0.14429158007031206,-0.27887751962765894,-1.814711341701363,-1.8555789152758748,-2.024759329980566,0.9945441969448113,1.0364626374270864,0.8218029350104822,0.8218029350104822,1.0,0.0,0.9958182015461547,margin_roc_autocorr_rank_252_gt_90pct
2022-07-18,14719.64,190943686.0,-0.1754021833329692,-0.128957143288279,-0.27517387756735723,-1.752958914909904,-1.6900131656093829,-2.0014721947022096,0.9945463329844133,1.0368106292325687,0.8224019167415394,0.8224019167415394,1.0,0.0,0.9958182015461547,margin_roc_autocorr_rank_252_gt_90pct
2022-07-19,14694.08,191618764.0,-0.1775436035528759,-0.13530664846352125,-0.2724741574600693,-1.7635163546385941,-1.7547453955017054,-1.97851563891845,0.9945869654529939,1.0434302471879107,0.8233003893381252,0.8233003893381252,1.0,0.0,0.9958182015461547,margin_roc_autocorr_rank_252_gt_90pct
2022-07-20,14733.22,191024002.0,-0.16579924219261355,-0.14086400977789815,-0.27761351012475377,-1.705615347605827,-1.806187944848434,-2.0023996136643594,0.994672316196219,1.0573351201156986,0.8310871518418689,0.8310871518418689,1.0,0.0,0.9958182015461547,margin_roc_autocorr_rank_252_gt_90pct
2022-07-21,14937.7,190847336.0,-0.16147842776012344,-0.12787578198208194,-0.2783009634160528,-1.6843132521432853,-1.6624264949435366,-2.0040458225317686,0.9946639794613568,1.052668019766396,0.8298891883797544,0.8298891883797544,0.996031746031746,0.0,0.9958182015461547,margin_roc_autocorr_rank_252_gt_90pct
2022-07-22,14949.36,191145679.0,-0.1623844657408985,-0.12192182243970517,-0.2784225250874264,-1.6887801201054984,-1.597370183997343,-2.002383125860146,0.9946482949375435,1.047511824177462,0.8280922431865828,0.8280922431865828,0.9920634920634921,0.0,0.9958182015461547,margin_roc_autocorr_rank_252_gt_90pct
2022-07-25,14936.33,191585486.0,-0.1630315341187678,-0.10135251400345358,-0.26225296294974354,-1.691025948933721,-1.3734282180122892,-1.8996306102075646,0.9944667815849324,1.0122608435750824,0.8164120994309674,0.8164120994309674,0.9722222222222222,0.0,0.9958182015461547,margin_roc_autocorr_rank_252_gt_90pct
2022-07-26,14806.78,191179256.0,-0.1789606297815426,-0.11042554456980236,-0.257264835215571,-1.764202532847617,-1.4538142760080865,-1.8609764556275616,0.9943920641398757,0.9933329343323676,0.8101227912548667,0.8101227912548667,0.9682539682539683,0.0,0.9958182015461547,margin_roc_autocorr_rank_252_gt_90pct
2022-07-27,14921.59,191169234.0,-0.16617035246783363,-0.0847531335584405,-0.2439054598570034,-1.6958103865187852,-1.1782823919500407,-1.779525871510237,0.9942210656926729,0.9599063394113465,0.7996406109613656,0.7996406109613656,0.9603174603174603,0.0,0.9958182015461547,margin_roc_autocorr_rank_252_gt_90pct
2022-07-28,14891.9,192038817.0,-0.1628708349143444,-0.09302909123243397,-0.2408541714494058,-1.677574299321743,-1.2535910179316097,-1.7555849301304893,0.9941224466507537,0.938592887344562,0.7927523210542079,0.7927523210542079,0.9563492063492064,0.0,0.9958182015461547,margin_roc_autocorr_rank_252_gt_90pct
2022-07-29,15000.07,190881495.0,-0.14425851487328822,-0.0959554440706405,-0.24189466419356065,-1.5848199153864484,-1.2801888633014384,-1.7492678506315527,0.9941019705319365,0.9320082049857554,0.7912548667265649,0.7912548667265649,0.9523809523809523,0.0,0.9958182015461547,margin_roc_autocorr_rank_252_gt_90pct
2022-08-01,14981.69,191030394.0,-0.14188268488251476,-0.09195825176223871,-0.24148540032946542,-1.572977118819894,-1.2371490988015075,-1.7358003227234606,0.9940257326880015,0.9178494933020661,0.7852650494159928,0.7852650494159928,0.9484126984126984,0.0,0.9958182015461547,margin_roc_autocorr_rank_252_gt_90pct
2022-08-02,14747.23,191188634.0,-0.16076980115898132,-0.10978019211835455,-0.24281072078530397,-1.6643610200054908,-1.411834695572271,-1.7405222977086994,0.9941067615559204,0.9295807972088957,0.7915543575920935,0.7915543575920935,0.9523809523809523,0.0,0.9958182015461547,margin_roc_autocorr_rank_252_gt_90pct
2022-08-03,14777.02,190662760.0,-0.15910275583113098,-0.11494287295491401,-0.24681930344237624,-1.6540475991280725,-1.4503562914713715,-1.7611973439636706,0.9941828754958613,0.9398565626581159,0.7975441749026655,0.7975441749026655,0.9563492063492064,0.0,0.9958182015461547,margin_roc_autocorr_rank_252_gt_90pct
2022-08-04,14702.2,190023702.0,-0.15521881729944909,-0.10397240404188146,-0.24896781624983733,-1.6315995851277463,-1.3321298406618203,-1.7691588674996552,0.9942991290318601,0.9546423692577416,0.8038334830787661,0.8038334830787661,0.9603174603174603,0.0,0.9958182015461547,margin_roc_autocorr_rank_252_gt_90pct
2022-08-05,15036.04,189978040.0,-0.12934839694797928,-0.06311203495313078,-0.24047149000285573,-1.5035612464819121,-0.9250067055517904,-1.7167769068715155,0.9944296601034466,0.9697539078066691,0.8134171907756813,0.8134171907756813,0.9682539682539683,0.0,0.9958182015461547,margin_roc_autocorr_rank_252_gt_90pct
2022-08-08,15020.41,190076960.0,-0.12341889978652165,-0.06483062191424327,-0.23570718003711144,-1.4727036036295729,-0.9394988419700837,-1.6872636838418524,0.9944398814475596,0.9677476596060718,0.8143156633722671,0.8143156633722671,0.9682539682539683,0.0,0.9958182015461547,margin_roc_autocorr_rank_252_gt_90pct
2022-08-09,15050.28,190402068.0,-0.1351810426017408,-0.05972479500195227,-0.23343069691098106,-1.5264404884468563,-0.8882527287842223,-1.6716629553846005,0.9944478550408377,0.9676338560125677,0.8149146451033243,0.8149146451033243,0.9682539682539683,0.0,0.9958182015461547,margin_roc_autocorr_rank_252_gt_90pct
2022-08-10,14939.02,192314868.0,-0.1338398055128277,-0.04339334608892542,-0.21219728762922274,-1.517248606292598,-0.7258538982818514,-1.5464969076376218,0.9941965276417651,0.9262789099682915,0.7987421383647799,0.7987421383647799,0.9404761904761905,0.0,0.9958182015461547,margin_roc_autocorr_rank_252_gt_90pct
2022-08-11,15197.85,191062639.0,-0.13171417014411002,-0.04008769281492419,-0.21636552108579876,-1.5047852049922084,-0.6886399510066453,-1.5621293067250483,0.9941724268668245,0.9201982972185548,0.7966457023060797,0.7966457023060797,0.9325396825396826,0.0,0.9958182015461547,margin_roc_autocorr_rank_252_gt_90pct
2022-08-12,15288.97,190697137.0,-0.12902022130871105,-0.038492450808249146,-0.21290527422470007,-1.4908727743473356,-0.6720684682438471,-1.5322188858617967,0.9941362561503079,0.9138405840788298,0.7942497753818508,0.7942497753818508,0.9285714285714286,0.0,0.9958182015461547,margin_roc_autocorr_rank_252_gt_90pct
2022-08-15,15417.35,190603369.0,-0.12520164390494948,-0.03978178996256243,-0.21108173240425787,-1.4712116503774622,-0.6803244621343456,-1.5138577107632492,0.9941133736566353,0.908418583153201,0.7918538484576221,0.7918538484576221,0.9206349206349206,0.0,0.9958182015461547,margin_roc_autocorr_rank_252_gt_90pct
2022-08-16,15420.57,190229176.0,-0.1239865432945978,-0.05377048093927306,-0.21015466727537158,-1.462718872397748,-0.8132218630197149,-1.506585147475577,0.9940858990080622,0.9011613459267662,0.7909553758610363,0.7909553758610363,0.9087301587301587,0.0,0.9958182015461547,margin_roc_autocorr_rank_252_gt_90pct
2022-08-17,15465.45,190980581.0,-0.11758513500868395,-0.03463538805716737,-0.2086184159271569,-1.4304342976164912,-0.628865679780333,-1.4873254722501836,0.9940571740267884,0.890353542741007,0.7891584306678646,0.7891584306678646,0.9047619047619048,0.0,0.9958182015461547,margin_roc_autocorr_rank_252_gt_90pct
2022-08-18,15396.76,191769761.0,-0.11943792303754908,-0.04633613814931692,-0.2069179069392334,-1.4373464542084213,-0.7395230754405038,-1.4648137408363693,0.9940260357829662,0.8736805146194557,0.7855645402815215,0.7855645402815215,0.9007936507936508,0.0,0.9958182015461547,margin_roc_autocorr_rank_252_gt_90pct
2022-08-22,15245.14,193054091.0,-0.11505307310888957,-0.045007933659199084,-0.2031704575068375,-1.4050773774828234,-0.7229876658925375,-1.430739761737799,0.9940287465185329,0.8651641367672299,0.7858640311470501,0.7858640311470501,0.9007936507936508,0.0,0.9958182015461547,margin_roc_autocorr_rank_252_gt_90pct
2022-08-23,15095.89,193774141.0,-0.1233482811206078,-0.06260172143246134,-0.20256803326487327,-1.4360199590265033,-0.8875705270381766,-1.4255349021294752,0.9940589518249326,0.8675638290123022,0.7897574123989218,0.7897574123989218,0.9047619047619048,0.0,0.9958182015461547,margin_roc_autocorr_rank_252_gt_90pct
2022-08-25,15200.04,194090529.0,-0.09838974017677449,-0.06554565227815667,-0.20016835031889557,-1.3111544070625147,-0.9090262968939388,-1.411128520686228,0.9944254691310171,0.92061099897096,0.8131176999101527,0.8131176999101527,0.9563492063492064,0.0,0.9958182015461547,margin_roc_autocorr_rank_252_gt_90pct
2022-08-26,15278.44,193725901.0,-0.08300162771826547,-0.08020049823546616,-0.19698893369886494,-1.2353727641661894,-1.0453327138388524,-1.3929120818756948,0.9944168608513798,0.9185013380445571,0.8122192273135669,0.8122192273135669,0.9523809523809523,0.0,0.9958182015461547,margin_roc_autocorr_rank_252_gt_90pct
2022-08-29,14926.19,192898342.0,-0.11292342271935496,-0.11194703402057504,-0.19823154044325075,-1.3741461873296277,-1.341613020898652,-1.3932417254967149,0.9943810534202016,0.9104114270105162,0.8089248277927523,0.8089248277927523,0.9444444444444444,0.0,0.9958182015461547,margin_roc_autocorr_rank_252_gt_90pct
2022-08-30,14953.63,194135619.0,-0.08682352797488924,-0.10323542481629788,-0.1973661049194092,-1.2501269439261455,-1.2563926803768652,-1.3819961250906831,0.9943922754918303,0.9077959153326245,0.8104222821203954,0.8104222821203954,0.9484126984126984,0.0,0.9958182015461547,margin_roc_autocorr_rank_252_gt_90pct
2022-08-31,15095.44,193955614.0,-0.07627613367813124,-0.08803043877778494,-0.20132195981739986,-1.1999374902478384,-1.1111004445412314,-1.3989898376592185,0.9944887123662011,0.9201826404349353,0.8179095537586104,0.8179095537586104,0.9722222222222222,0.0,0.9958182015461547,margin_roc_autocorr_rank_252_gt_90pct
2022-09-01,14801.86,195124063.0,-0.1158761522031031,-0.10864171658850186,-0.1969042976352613,-1.3841508484570137,-1.3005761725568334,-1.3685544518078727,0.9944010882869226,0.9064860850352531,0.8110212638514526,0.8110212638514526,0.9444444444444444,0.0,0.9958182015461547,margin_roc_autocorr_rank_252_gt_90pct
2022-09-02,14673.04,195241476.0,-0.12757740923363414,-0.11141848060423132,-0.19739966033128442,-1.4361428920827752,-1.3225029636180912,-1.363026119282712,0.9945996538442893,0.9367544733501356,0.8244983528002396,0.8244983528002396,0.9880952380952381,0.0,0.9958182015461547,margin_roc_autocorr_rank_252_gt_90pct
2022-09-05,14661.1,193991758.0,-0.13990259218367396,-0.12053680421294843,-0.2008729853146881,-1.49115820116846,-1.4031187535663183,-1.3759717605830364,0.9945764413481544,0.9296394092793204,0.822701407607068,0.822701407607068,0.9801587301587301,0.0,0.9958182015461547,margin_roc_autocorr_rank_252_gt_90pct
2022-09-06,14677.2,192604634.0,-0.14002259336167655,-0.11696650209910875,-0.20645706419645793,-1.4915185187068023,-1.3674062109344953,-1.3999711397853516,0.9946295355988146,0.931837871136459,0.8259958071278826,0.8259958071278826,0.9880952380952381,0.0,0.9958182015461547,margin_roc_autocorr_rank_252_gt_90pct
2022-09-07,14410.05,192284618.0,-0.1626897959491992,-0.12454769467051274,-0.20608470836382387,-1.5936735681459755,-1.4376386673517199,-1.3913996564803328,0.9945873989436184,0.9213814154717315,0.8235998802036538,0.8235998802036538,0.9801587301587301,0.0,0.9958182015461547,margin_roc_autocorr_rank_252_gt_90pct
2022-09-08,14583.42,192296272.0,-0.16170475474405233,-0.09256187239359392,-0.20392897274373423,-1.5890947812552338,-1.1413207928386393,-1.3772197509071735,0.9945317685000975,0.9110111971058497,0.8209044624138964,0.8209044624138964,0.9603174603174603,0.0,0.9958182015461547,margin_roc_autocorr_rank_252_gt_90pct
2022-09-12,14807.43,191781992.0,-0.15339139602602359,-0.07726748993760346,-0.20611520234974878,-1.550451628342185,-0.9975091850351023,-1.3881504994861344,0.9944976497056789,0.9053122446118702,0.818209044624139,0.818209044624139,0.9523809523809523,0.0,0.9958182015461547,margin_roc_autocorr_rank_252_gt_90pct
2022-09-13,14894.41,191402802.0,-0.1476239828453605,-0.06905573698767131,-0.20410006547865223,-1.5177128521811516,-0.9143414059829336,-1.370800091846067,0.9945144613314278,0.9071452654896046,0.8194070080862533,0.8194070080862533,0.9523809523809523,0.0,0.9958182015461547,margin_roc_autocorr_rank_252_gt_90pct
2023-05-10,15641.76,176363252.0,-0.06026089845531246,0.0029881065663963646,0.14593253173075205,-0.5871338103680621,-0.24860277930216898,0.5562829920463739,0.9943904963216528,0.9233835074007525,0.8098233003893381,0.8098233003893381,0.9047619047619048,0.5,0.9958182015461547,margin_roc_autocorr_rank_252_gt_90pct
2023-05-11,15514.64,174695540.0,-0.048377174016383195,-0.005641345770528883,0.13429398691251038,-0.5521324945761912,-0.3211510683496796,0.5014857582424654,0.9944395836401109,0.9302621928626,0.8140161725067385,0.8140161725067385,0.9285714285714286,0.5,0.9958182015461547,margin_roc_autocorr_rank_252_gt_90pct
2023-05-12,15502.36,174637696.0,-0.05584985547566357,0.007116304874610346,0.12378508680578926,-0.5741418978497578,-0.2175547263367165,0.45258392120833807,0.9944578070492085,0.9322711759637525,0.8155136268343816,0.8155136268343816,0.9365079365079365,0.5,0.9958182015461547,margin_roc_autocorr_rank_252_gt_90pct
2023-05-15,15475.05,175426860.0,-0.06732870545039893,0.004814001250575517,0.12472159228293944,-0.6079507306746816,-0.23775571733740147,0.4550763190430877,0.994580012352017,0.9507518462176745,0.8230008984725966,0.8230008984725966,0.9722222222222222,0.5,0.9958182015461547,margin_roc_autocorr_rank_252_gt_90pct
2023-05-16,15673.9,175530331.0,-0.05000333355557052,0.0035682797664515764,0.12253754143318352,-0.5569220471993238,-0.24907145643874656,0.4435609094613965,0.9946637192210847,0.9635427164923597,0.8295896975142258,0.8295896975142258,0.9920634920634921,0.5,0.9958182015461547,margin_roc_autocorr_rank_252_gt_90pct
2023-05-17,15925.29,175803861.0,-0.038666339084730494,0.020936346659435445,0.1196604522736584,-0.5235310235649588,-0.10436727772709326,0.4226755015696492,0.9947301067703057,0.9736870993775251,0.834681042228212,0.834681042228212,1.0,0.5,0.9958182015461547,margin_roc_autocorr_rank_252_gt_90pct
2023-05-18,16101.88,176435429.0,-0.03559150269643485,0.03305585228384533,0.12456569105813453,-0.5144746608069573,-0.0028693204898801966,0.4371623920883092,0.9948313916063067,0.9891639797400505,0.8418688230008985,0.8418688230008985,1.0,0.5,0.9958182015461547,margin_roc_autocorr_rank_252_gt_90pct
2023-05-19,16174.92,176252821.0,-0.014217281603100873,0.040570550710615105,0.12213645070349788,-0.4515208397100705,0.05213940919997096,0.42412443289315405,0.9949078514926741,1.0008474711743311,0.8493560946391135,0.8493560946391135,1.0,0.5,0.9958182015461547,margin_roc_autocorr_rank_252_gt_90pct
2023-05-22,16180.89,178221222.0,0.008222983228777903,0.033626795652107244,0.1298390149565265,-0.3854271836454087,-0.006366422140298754,0.45620695806486594,0.99499401029375,1.0140130101540896,0.8535489667565139,0.8535489667565139,1.0,0.5,0.9958182015461547,margin_roc_autocorr_rank_252_gt_90pct
2023-05-23,16188.03,178941035.0,0.007865294458245353,0.04893056323216194,0.13765338101743807,-0.38648068986536144,0.11507529381536266,0.4870561015865386,0.995082277138352,1.0275006697862594,0.8586403114705001,0.8586403114705001,1.0,0.5,0.9958182015461547,margin_roc_autocorr_rank_252_gt_90pct
2023-05-24,16159.32,179734883.0,0.009563139398672371,0.03915115269605485,0.13967041434286176,-0.3814800011308731,0.030169630126070004,0.4914865959415474,0.9952696485841563,1.056132057904798,0.8709194369571728,0.8709194369571728,1.0,0.5,0.9958182015461547,margin_roc_autocorr_rank_252_gt_90pct
2023-05-25,16292.0,179583774.0,0.043243506302235835,0.05247517716751604,0.12779915242380713,-0.282280700100638,0.14311391544204907,0.43621086877992066,0.9952432488512293,1.0520980334224892,0.868523510032944,0.868523510032944,0.996031746031746,0.5,0.9958182015461547,margin_roc_autocorr_rank_252_gt_90pct
2023-05-26,16505.05,178776776.0,0.042476444082882425,0.061334055248362995,0.11328205372471767,-0.28453994021593815,0.21774342435915908,0.3680360230912043,0.9951796597742535,1.0423812724978059,0.8640311470500149,0.8640311470500149,0.9920634920634921,0.5,0.9958182015461547,margin_roc_autocorr_rank_252_gt_90pct
2023-05-29,16636.3,180325169.0,0.04623974280927534,0.06896485253485829,0.11707676452648474,-0.2734558387779976,0.27948945597106695,0.3834808023662635,0.9952090930389647,1.0468788373317819,0.8664270739742438,0.8664270739742438,0.9920634920634921,0.5,0.9958182015461547,margin_roc_autocorr_rank_252_gt_90pct
2023-05-30,16622.74,181451800.0,0.03529190481617883,0.07808469806605856,0.12083327645317876,-0.3057006738718969,0.35416959963078964,0.39954781833159697,0.9952241690177661,1.0491825298633648,0.8673255465708296,0.8673255465708296,0.9920634920634921,0.5,0.9958182015461547,margin_roc_autocorr_rank_252_gt_90pct
2023-05-31,16578.96,182543864.0,0.01731008304667281,0.06170507210505516,0.12549666483257882,-0.358662809227867,0.21302918233085524,0.4188336431583755,0.9952438604378294,1.0521914872208604,0.8688230008984726,0.8688230008984726,0.996031746031746,0.5,0.9958182015461547,margin_roc_autocorr_rank_252_gt_90pct
2023-06-01,16512.65,184106790.0,0.030731595873241035,0.06507183082330203,0.1340590086488307,-0.3191322217204299,0.24332686890635988,0.45475611160798424,0.9952446189764637,1.052307396098793,0.8691224917640012,0.8691224917640012,0.996031746031746,0.5,0.9958182015461547,margin_roc_autocorr_rank_252_gt_90pct
2023-06-02,16706.91,184274470.0,0.03481357832373777,0.07105944229217065,0.13398784799681018,-0.3071094962238107,0.2955637056647973,0.4486294503046088,0.9952831727670436,1.0581986274803732,0.8724168912848158,0.8724168912848158,1.0,0.5,0.9958182015461547,margin_roc_autocorr_rank_252_gt_90pct
2023-06-05,16714.43,185294084.0,0.03453861346672937,0.07152574057358563,0.13272479474667898,-0.3079193544329333,0.2998807100955173,0.4354903312907526,0.9952834160220131,1.0582357981784678,0.8727163821503444,0.8727163821503444,1.0,0.5,0.9958182015461547,margin_roc_autocorr_rank_252_gt_90pct
2023-06-06,16761.66,184977626.0,0.049990509677310335,0.07388576165941196,0.12760344531956513,-0.2624086476146178,0.3213209617477326,0.4088949074990513,0.9952594901469919,1.054579792799063,0.8703204552261156,0.8703204552261156,0.9880952380952381,0.5,0.9958182015461547,margin_roc_autocorr_rank_252_gt_90pct
2023-06-07,16922.48,186045144.0,0.05082268227269804,0.07352233100369143,0.12666458591125274,-0.2599576369105081,0.31482871287542863,0.40179192468404895,0.9952394457742695,1.0515169023327804,0.8682240191674154,0.8682240191674154,0.9722222222222222,0.5,0.9958182015461547,margin_roc_autocorr_rank_252_gt_90pct
2023-06-08,16733.69,186118893.0,0.0478970594589585,0.05522802844514629,0.12321568279128647,-0.2685745186396192,0.14841849296731724,0.38155513799881347,0.9952081240070494,1.0467307639220578,0.8658280922431866,0.8658280922431866,0.9603174603174603,0.5,0.9958182015461547,margin_roc_autocorr_rank_252_gt_90pct
2023-06-09,16886.4,187183967.0,0.038126866598386266,0.06752980743700299,0.12102230348120835,-0.29735081746897707,0.25643656627277517,0.3713990269316361,0.9951688360758132,1.0407273518078533,0.8637316561844863,0.8637316561844863,0.9523809523809523,0.5,0.9958182015461547,margin_roc_autocorr_rank_252_gt_90pct
2023-06-12,16955.37,186973589.0,0.020754794222009876,0.07512114267887315,0.10829392199142851,-0.3485170485886525,0.3222413679571301,0.31484560778952353,0.9950519567894882,1.0228675536116976,0.8571428571428571,0.8571428571428571,0.9444444444444444,0.5,0.9958182015461547,margin_roc_autocorr_rank_252_gt_90pct
2023-06-13,17216.6,187261344.0,0.02432386925808716,0.10887403228091852,0.12007795485640926,-0.3380049971636465,0.6223915956929813,0.3664344921848951,0.994979626789515,1.0118151315472996,0.8532494758909853,0.8532494758909853,0.9365079365079365,0.5,0.9958182015461547,margin_roc_autocorr_rank_252_gt_90pct
2023-06-14,17238.14,188745268.0,0.03376593469660438,0.10781472819943327,0.12321506237799573,-0.3101951370613342,0.6140482113172594,0.37732448306448774,0.9949321847759204,1.004565730772696,0.8502545672356994,0.8502545672356994,0.9325396825396826,0.5,0.9958182015461547,margin_roc_autocorr_rank_252_gt_90pct
2023-06-15,17334.98,190378512.0,0.047268188565280145,0.128548568333418,0.12924782496941867,-0.27042674172465186,0.7969464100718565,0.4035028530602795,0.9948834973431991,0.9971260231013768,0.8469601677148847,0.8469601677148847,0.9246031746031746,0.5,0.9958182015461547,margin_roc_autocorr_rank_252_gt_90pct
2023-06-16,17288.91,190319897.0,0.04112680025725712,0.1235619093048359,0.12879350473171258,-0.288515066868363,0.7494566753506048,0.40262086585073004,0.9948448422748514,0.9912193159194881,0.8442647499251272,0.8442647499251272,0.9206349206349206,0.5,0.9958182015461547,margin_roc_autocorr_rank_252_gt_90pct
2023-06-19,17274.56,191504227.0,0.04612641768122816,0.13490728671740326,0.14346503912809205,-0.2737896170151419,0.8493628649795795,0.4731989465358506,0.9947575456588573,0.977879912558263,0.8364779874213837,0.8364779874213837,0.9126984126984127,0.5,0.9958182015461547,margin_roc_autocorr_rank_252_gt_90pct
2023-06-20,17184.91,192097126.0,0.03085688440245682,0.11207885091270553,0.14326722033329675,-0.3187632074944003,0.6448930598012514,0.4687559065893613,0.9947411324665824,0.9753718864485676,0.8352800239592693,0.8352800239592693,0.9087301587301587,0.5,0.9958182015461547,margin_roc_autocorr_rank_252_gt_90pct
2023-06-21,17202.4,193903234.0,0.03495867360874638,0.11559231308491524,0.14948851133850138,-0.3066821448562662,0.674809180401482,0.4905573772511348,0.9947225155402897,0.972527117652705,0.8340820604971548,0.8340820604971548,0.9007936507936508,0.5,0.9958182015461547,margin_roc_autocorr_rank_252_gt_90pct
2023-07-27,17241.82,222308527.0,0.20364433969903684,0.1214461746396498,0.2854273030419139,0.16830020917661037,0.7001960548868893,1.0841022914594232,0.9948125039792739,0.972856652412188,0.8400718778077269,0.8400718778077269,0.9126984126984127,0.55,0.9958182015461547,margin_roc_autocorr_rank_252_gt_90pct
2023-07-28,17292.93,224192229.0,0.19769408498932028,0.12208034395116885,0.28689152969230025,0.15056312657121337,0.7061655798378937,1.091147193631295,0.9949377722494852,0.9900979469560879,0.8508535489667565,0.8508535489667565,0.9325396825396826,0.575,0.9958182015461547,margin_roc_autocorr_rank_252_gt_90pct
2023-07-31,17145.43,223227529.0,0.17832985810913904,0.1005348163382156,0.2809409598176258,0.09129392490524571,0.506288841766149,1.0625169384567237,0.9950665075934624,1.0070634503668516,0.8574423480083857,0.8574423480083857,0.9444444444444444,0.6,0.9958182015461547,margin_roc_autocorr_rank_252_gt_90pct
2023-08-01,17212.87,224265854.0,0.16938118051800188,0.10081488928454485,0.2785256622579795,0.06225639276819088,0.5116981033306431,1.050896104333004,0.9952743719304535,1.033074687243461,0.87151841868823,0.87151841868823,0.9920634920634921,0.625,0.9958182015461547,margin_roc_autocorr_rank_252_gt_90pct
2023-08-02,16893.73,220305572.0,0.149696340294867,0.08617531460946504,0.24767676766761482,0.0036395159114040944,0.3738378341977755,0.9024713748403662,0.9948990477445169,0.9712617425342028,0.8481581311769991,0.8481581311769991,0.9126984126984127,0.625,0.9958182015461547,margin_roc_autocorr_rank_252_gt_90pct
2023-08-04,16843.68,222303822.0,0.1432449932872788,0.07909844493860274,0.252426291965792,-0.015361735342439547,0.30691747845759293,0.9253229832541031,0.9948891673084186,0.9657588772526393,0.8472596585804133,0.8472596585804133,0.9087301587301587,0.625,0.9958182015461547,margin_roc_autocorr_rank_252_gt_90pct
2025-04-18,19395.03,215979291.0,-0.04091022152244583,-0.17995820097609982,-0.3438739826831134,-0.5804181994777421,-2.0128133559809216,-2.570099193807936,0.9846655568140951,-0.26233220281452585,0.24767894579215333,0.24767894579215333,0.9047619047619048,0.05,0.9958182015461547,margin_roc_autocorr_rank_252_gt_90pct
2025-04-21,19106.2,212486669.0,-0.06646790351289933,-0.18375141462097555,-0.3563536283798333,-0.6688849086119552,-2.0501439373092474,-2.658361882068395,0.9859844382280774,-0.103984766378477,0.3018867924528302,0.3018867924528302,0.9246031746031746,0.05,0.9958182015461547,margin_roc_autocorr_rank_252_gt_90pct
2025-04-22,18793.43,210932049.0,-0.0759268546927857,-0.18576646810619757,-0.35226150663412825,-0.7014458875536381,-2.0691872623205803,-2.6282865338458534,0.9869566005767431,0.012183872095598644,0.35669362084456424,0.35669362084456424,0.9404761904761905,0.05,0.9958182015461547,margin_roc_autocorr_rank_252_gt_90pct
2025-04-23,19639.14,210393071.0,-0.03813162109346313,-0.1465644237362821,-0.34876195648120023,-0.5706531714151625,-1.6827933527845746,-2.60354652626545,0.9878106363589503,0.11299368844933082,0.39952081461515426,0.39952081461515426,0.9484126984126984,0.05,0.9958182015461547,margin_roc_autocorr_rank_252_gt_90pct
2025-04-24,19478.81,210093888.0,-0.06334763081716854,-0.13382585545480696,-0.3341661706414226,-0.6579147144155677,-1.5563721555083305,-2.5003618777997274,0.9883510374780823,0.17649305010811892,0.42707397424378557,0.42707397424378557,0.9523809523809523,0.05,0.9958182015461547,margin_roc_autocorr_rank_252_gt_90pct
2025-04-25,19872.73,208844606.0,-0.0429021462150222,-0.12829421796756846,-0.33691425394376817,-0.5871618652010034,-1.5020180226676079,-2.5197894038418176,0.988983203037215,0.248575644923562,0.46480982330038934,0.46480982330038934,0.9603174603174603,0.025,0.9958182015461547,margin_roc_autocorr_rank_252_gt_90pct
2025-04-28,20034.41,208154193.0,-0.03463607093260712,-0.11015799990850372,-0.3386322738483445,-0.5585566064148383,-1.3238106820953255,-2.531934915009,0.9895742227855538,0.31708743970339626,0.4989517819706499,0.4989517819706499,1.0,0.0,0.9958182015461547,margin_roc_autocorr_rank_252_gt_90pct
2025-04-29,20232.63,209008974.0,-0.02430199401347466,-0.12127938640874514,-0.3310991446507937,-0.5227949015563322,-1.4330899543906825,-2.4786795920939584,0.9900234591737186,0.3689512565256088,0.5280023959269242,0.5280023959269242,1.0,0.0,0.9958182015461547,margin_roc_autocorr_rank_252_gt_90pct
2025-04-30,20235.03,209669672.0,-0.010500851598819971,-0.12584413048512022,-0.3231496579266234,-0.4750352046230406,-1.4752369431110717,-2.4224808370477593,0.9903871986170267,0.41143555904221746,0.5516621743036837,0.5516621743036837,1.0,0.0,0.9958182015461547,margin_roc_autocorr_rank_252_gt_90pct
2025-05-02,20787.64,209351182.0,0.04450214953703058,-0.10655431210625266,-0.3225289516515897,-0.2846939570839726,-1.2860413606993195,-2.418092765073226,0.9907540914555611,0.4544637356297319,0.5783168613357292,0.5783168613357292,1.0,0.0,0.9958182015461547,margin_roc_autocorr_rank_252_gt_90pct
2025-05-05,20532.99,208867379.0,0.015814316592070776,-0.11875617220765133,-0.3213622706810003,-0.3839699565598798,-1.4010389359700146,-2.409844934696472,0.9910985025923832,0.49409349840931005,0.6019766397124887,0.6019766397124887,1.0,0.0,0.9958182015461547,margin_roc_autocorr_rank_252_gt_90pct
2025-05-06,20522.59,209482846.0,0.01090526668374281,-0.12764155863808535,-0.3138179224347081,-0.40095802383778806,-1.4845932384076423,-2.356510298915839,0.9913726677168389,0.5255543722830904,0.6163522012578616,0.6163522012578616,1.0,0.0,0.9958182015461547,margin_roc_autocorr_rank_252_gt_90pct
2025-05-07,20546.49,209439756.0,0.05220278259159583,-0.09465730119485982,-0.31373334163075606,-0.25804544569045207,-1.1604555678682835,-2.3559123564262365,0.9917243578085133,0.565079422287021,0.6361185983827493,0.6361185983827493,1.0,0.0,0.9958182015461547,margin_roc_autocorr_rank_252_gt_90pct
2025-05-08,20543.4,209567416.0,0.0583260609070424,-0.09873492802479245,-0.3144896625159954,-0.2368554667888945,-1.1972469154509406,-2.3612591534762473,0.9919743631034023,0.5918468434610956,0.6552860137765798,0.6552860137765798,1.0,0.0,0.9958182015461547,margin_roc_autocorr_rank_252_gt_90pct
2025-05-09,20915.04,209817781.0,0.06713307835798066,-0.09699424650649913,-0.31342636943985847,-0.20637824456297296,-1.1793859700164624,-2.353742221980978,0.992214911274033,0.6174410426487386,0.6759508834980533,0.6759508834980533,1.0,0.0,0.9958182015461547,margin_roc_autocorr_rank_252_gt_90pct
2025-05-12,21129.54,210111994.0,0.04956352506042694,-0.09379840971668241,-0.31321305624928464,-0.26717875770407845,-1.1465753464218273,-2.3522342081731518,0.9925407650856134,0.6542292902074093,0.6954177897574124,0.6954177897574124,1.0,0.0,0.9958182015461547,margin_roc_autocorr_rank_252_gt_90pct
2025-05-13,21330.14,210508471.0,0.07416472029095433,-0.09149439034477413,-0.3121413122632103,-0.18204481783841073,-1.1222844707577393,-2.3446575331203463,0.9927205537328736,0.6743478970914042,0.7058999700509134,0.7058999700509134,1.0,0.0,0.9958182015461547,margin_roc_autocorr_rank_252_gt_90pct
2025-05-14,21782.87,212011750.0,0.08262017215269402,-0.06318859253384856,-0.31325980999340763,-0.1527842098236772,-0.8468485307283528,-2.352564732935898,0.9928963333879969,0.6925789942073362,0.7178796046720575,0.7178796046720575,1.0,0.0,0.9958182015461547,margin_roc_autocorr_rank_252_gt_90pct
2025-05-15,21730.25,213312394.0,0.06024389720290091,-0.07072342045111946,-0.3100129358426654,-0.2302186770575887,-0.9166771650428962,-2.329611013860099,0.9930467383662326,0.7075227559282543,0.7253668763102725,0.7253668763102725,1.0,0.0,0.9958182015461547,margin_roc_autocorr_rank_252_gt_90pct
2025-05-16,21843.69,216410527.0,0.07094760891521146,-0.06208997520368409,-0.3053163597675924,-0.19317782840302705,-0.8316723957098981,-2.296408652807485,0.9932116974931035,0.7146208086294207,0.7364480383348307,0.7364480383348307,1.0,0.0,0.9958182015461547,margin_roc_autocorr_rank_252_gt_90pct
2025-05-19,21523.83,216535926.0,0.0643537575089852,-0.08015501245544221,-0.3082442600396511,-0.21599625424943583,-1.0050485810911256,-2.317107391719625,0.994202262515746,0.8293505779149672,0.7990416292303085,0.7990416292303085,1.0,0.0,0.9958182015461547,margin_roc_autocorr_rank_252_gt_90pct
2025-05-20,21526.03,217435458.0,0.05881412589669033,-0.07025471426331642,-0.30658974439861486,-0.23516648805880155,-0.9100321185858862,-2.305410822814366,0.994848438942407,0.9045322107922643,0.8445642407906558,0.8445642407906558,1.0,0.0,0.9958182015461547,margin_roc_autocorr_rank_252_gt_90pct
2025-05-21,21803.91,217856446.0,0.06239734233902805,-0.07238443365823843,-0.3082228900802444,-0.2227665485327287,-0.9304717456665367,-2.31695631717158,0.9948827015106955,0.9032536138869607,0.8466606768493561,0.8466606768493561,1.0,0.0,0.9958182015461547,margin_roc_autocorr_rank_252_gt_90pct
2025-05-22,21670.96,220045068.0,0.049261796893799836,-0.08430409560337548,-0.304532996239985,-0.26822290646810004,-1.044868715364483,-2.2908706782781003,0.9949358032079482,0.9045886129647949,0.8505540581012279,0.8505540581012279,1.0,0.0,0.9958182015461547,margin_roc_autocorr_rank_252_gt_90pct
2025-05-23,21652.24,219546355.0,0.04597616193997167,-0.08269078905002869,-0.31239813504871405,-0.2795930470632465,-1.0293852744962622,-2.346473137235883,0.9949699283731102,0.9079555092503719,0.8529499850254567,0.8529499850254567,1.0,0.0,0.9958182015461547,margin_roc_autocorr_rank_252_gt_90pct
2025-05-26,21536.57,220657750.0,0.04745931207829268,-0.08306091846457642,-0.31325945071661354,-0.2744605153506859,-1.0329375298886734,-2.3525621930349905,0.9950043424871615,0.9100185629014627,0.8547469302186284,0.8547469302186284,1.0,0.0,0.9958182015461547,margin_roc_autocorr_rank_252_gt_90pct
2025-05-27,21336.54,220599614.0,0.030310727206352528,-0.10087167223269877,-0.3144478701565724,-0.3338042415228778,-1.2038732718994383,-2.3609637031344186,0.9950324097943348,0.9110556129776147,0.8559448936807428,0.8559448936807428,1.0,0.0,0.9958182015461547,margin_roc_autocorr_rank_252_gt_90pct
2025-05-28,21357.72,220246367.0,0.02397243033870944,-0.0936796502995293,-0.31903888010486947,-0.355738305267516,-1.1348490395896105,-2.3934197663308687,0.9950717719786589,0.9148654571382439,0.8577418388739143,0.8577418388739143,1.0,0.0,0.9958182015461547,margin_roc_autocorr_rank_252_gt_90pct
2025-05-29,21347.3,221181413.0,0.017223510127061914,-0.08324501024662334,-0.3183575164065132,-0.37909335619380685,-1.0347043200971036,-2.38860287778071,0.9951000566300742,0.9158045714908123,0.8592392932015573,0.8592392932015573,1.0,0.0,0.9958182015461547,margin_roc_autocorr_rank_252_gt_90pct
2025-06-02,21002.71,221528741.0,-0.006833052681654017,-0.102546090062835,-0.3192388108151476,-0.462342562272644,-1.2199432180654821,-2.3948331729321994,0.9951249952681617,0.9166018191782637,0.8601377657981432,0.8601377657981432,1.0,0.0,0.9958182015461547,margin_roc_autocorr_rank_252_gt_90pct
2025-06-03,21126.93,221857705.0,-0.00832368737520095,-0.08355680214183037,-0.3158549950732632,-0.4675009947460641,-1.037696690866697,-2.370911347712788,0.9951367234808668,0.9172658659673303,0.8616352201257862,0.8616352201257862,1.0,0.0,0.9958182015461547,margin_roc_autocorr_rank_252_gt_90pct
2025-06-04,21618.09,222950998.0,0.016916551379285494,-0.05001527053007415,-0.31198665160711603,-0.38015560570361967,-0.7157874292556148,-2.3435641623621186,0.9951439761100983,0.9146615485122563,0.8619347109913148,0.8619347109913148,1.0,0.0,0.9958182015461547,margin_roc_autocorr_rank_252_gt_90pct
2025-06-05,21674.43,222431847.0,0.01893601947758583,-0.04082200728596164,-0.3179270086521726,-0.3731671129076276,-0.6290297076820914,-2.3855594108662843,0.995154001554591,0.9108225447964179,0.8628331835879006,0.8628331835879006,1.0,0.0,0.9958182015461547,margin_roc_autocorr_rank_252_gt_90pct
2025-06-06,21660.66,222353111.0,0.019961152247872205,-0.0529575592757926,-0.32216309822057365,-0.3696195782938789,-0.7457720386971449,-2.415506370747921,0.9951629093390209,0.9096399173294476,0.8634321653189577,0.8634321653189577,1.0,0.0,0.9958182015461547,margin_roc_autocorr_rank_252_gt_90pct
2025-06-09,21790.29,222414142.0,0.011064489651226861,-0.04072738222432948,-0.32316581633569885,-0.4005101914880691,-0.6300951461691908,-2.4225950686334046,0.9952147693872243,0.9149669986497386,0.8667265648397724,0.8667265648397724,1.0,0.0,0.9958182015461547,margin_roc_autocorr_rank_252_gt_90pct
2025-06-10,22242.14,220627683.0,0.029374617897639732,-0.014791325505280617,-0.32704987502221394,-0.33787398647240735,-0.3805827925847549,-2.4500533524550314,0.9952934549183508,0.9231229858137006,0.873015873015873,0.873015873015873,1.0,0.0,0.9958182015461547,margin_roc_autocorr_rank_252_gt_90pct
2025-06-11,22470.1,222185864.0,0.04195435824336635,0.0004875518441258553,-0.32104392733519715,-0.29492653440261235,-0.2332486312056177,-2.407594412073799,0.9953013203679545,0.923682898596883,0.8742138364779874,0.8742138364779874,1.0,0.0,0.9958182015461547,margin_roc_autocorr_rank_252_gt_90pct
2025-06-12,22287.82,223680596.0,0.022200289216039115,0.009819632831908232,-0.3134561008754728,-0.36391788216643056,-0.14307570825460936,-2.353952407836397,0.995300013693851,0.9233902736651833,0.8739143456124588,0.8739143456124588,0.996031746031746,0.0,0.9958182015461547,margin_roc_autocorr_rank_252_gt_90pct
2025-06-13,22072.95,223309479.0,0.00981498654293711,-0.009220158036767456,-0.3185436930732919,-0.407287666017826,-0.328066686509885,-2.3899190504160828,0.9953228474324549,0.9256605219189147,0.8757112908056305,0.8757112908056305,1.0,0.0,0.9958182015461547,margin_roc_autocorr_rank_252_gt_90pct
2025-06-16,22049.9,224418003.0,0.01788343912290835,0.004016996878198897,-0.3124755717106614,-0.37940197930478925,-0.20001808671190155,-2.347020574340614,0.9953251880091006,0.9170873043619681,0.876010781671159,0.876010781671159,1.0,0.0,0.9958182015461547,margin_roc_autocorr_rank_252_gt_90pct
2025-06-17,22211.59,224287636.0,0.03965039167814988,0.011086100040740954,-0.3113558485448823,-0.30389350785659364,-0.1314851248890328,-2.3391047113300063,0.9953408125508127,0.9150623174822192,0.8772087451332734,0.8772087451332734,1.0,0.0,0.9958182015461547,margin_roc_autocorr_rank_252_gt_90pct
2025-06-18,22356.73,224753502.0,0.055846685261605744,0.010764681176004043,-0.3092174955236531,-0.24771485750731348,-0.13491974674391727,-2.323987662668616,0.9953411634729998,0.910152524623662,0.877508235998802,0.877508235998802,1.0,0.0,0.9958182015461547,margin_roc_autocorr_rank_252_gt_90pct
2025-06-19,22003.5,225036136.0,0.021671783499467967,-0.012040857286409024,-0.3069224788351791,-0.36734456993544007,-0.3591852734496999,-2.307763082997285,0.9954058232074438,0.9152106220186882,0.8823000898472596,0.8823000898472596,1.0,0.0,0.9958182015461547,margin_roc_autocorr_rank_252_gt_90pct
2025-06-20,22045.74,224123342.0,0.03226727824908626,0.0038664294564458856,-0.3088800984057176,-0.33045835398981327,-0.20355259331947365,-2.3216024397426507,0.9953974663119379,0.9116712591065605,0.8817011081162025,0.8817011081162025,0.996031746031746,0.0,0.9958182015461547,margin_roc_autocorr_rank_252_gt_90pct
2025-06-23,21732.02,224437558.0,0.011502973253748605,-0.028834629440780413,-0.307800865033807,-0.4036473256176871,-0.5253439290531405,-2.3139728186098445,0.9953846250176631,0.9060105249692287,0.8811021263851453,0.8811021263851453,0.9920634920634921,0.0,0.9958182015461547,margin_roc_autocorr_rank_252_gt_90pct
2025-06-24,22188.76,224318492.0,0.01306049025919176,-0.0009158408039947608,-0.30791417981876645,-0.39983385017655027,-0.2510645205702038,-2.3147738954672583,0.9953684830289133,0.894325779538212,0.8802036537885595,0.8802036537885595,0.9880952380952381,0.0,0.9958182015461547,margin_roc_autocorr_rank_252_gt_90pct
2025-06-25,22430.61,224189539.0,0.026178975752091382,0.01465487292505796,-0.30754219158210494,-0.35487723773850777,-0.0980947938946891,-2.3121441312425257,0.9953513971146091,0.8816873299258176,0.8793051811919737,0.8793051811919737,0.9841269841269841,0.0,0.9958182015461547,margin_roc_autocorr_rank_252_gt_90pct
2025-06-26,22492.34,224719022.0,0.03213179809949662,0.009839183341048274,-0.30271208293420704,-0.3343065964948583,-0.1462210773654683,-2.277997764040677,0.9953443849921295,0.8767036565781714,0.8778077268643306,0.8778077268643306,0.9801587301587301,0.0,0.9958182015461547,margin_roc_autocorr_rank_252_gt_90pct
2025-06-27,22580.08,225228402.0,0.02408821096323832,0.014365940425753676,-0.30024049615118353,-0.3635628430438692,-0.10163649950986625,-2.2605249252255324,0.9953261511810263,0.8725825938889329,0.8766097634022162,0.8766097634022162,0.9682539682539683,0.0,0.9958182015461547,margin_roc_autocorr_rank_252_gt_90pct
2025-06-30,22256.02,226292649.0,-0.002510752042395037,0.013860392059680038,-0.29530538466052203,-0.4585022359568113,-0.10711489696131564,-2.2256362422938283,0.9952990661265866,0.8640036068037702,0.8736148547469302,0.8736148547469302,0.9484126984126984,0.0,0.9958182015461547,margin_roc_autocorr_rank_252_gt_90pct
2025-07-01,22553.72,225161417.0,0.0021773210242117536,0.04401401849474773,-0.2875148354894259,-0.4425458460337152,0.1911113324947998,-2.1705610934530086,0.9952563195580951,0.8536908638102291,0.870020964360587,0.870020964360587,0.9404761904761905,0.0,0.9958182015461547,margin_roc_autocorr_rank_252_gt_90pct
2025-07-09,22527.01,222618366.0,-0.012566571840604612,0.29526913894855955,-0.005213320145736833,-0.4956693456011689,2.70480275723045,-0.17491096410735038,0.9900771023157863,0.25537857692377025,0.5303983228511531,0.5303983228511531,0.8095238095238095,0.0,0.9958182015461547,index_qoq_z_gt_2
2025-09-16,25629.64,265856690.0,0.16012114677526612,0.16479832753880053,0.18139555151266906,0.12078364719045727,1.2325163306553812,1.0057106501238302,0.9946865775653947,0.7664630259537131,0.8319856244384546,0.8319856244384546,0.8690476190476191,0.725,0.9958182015461547,margin_roc_persistence_score_gt_70pct
2025-09-17,25438.25,264869230.0,0.20601865569923317,0.15388505897284466,0.18180117981642452,0.2997068712768169,1.1211849596126822,1.003122263965005,0.9947582185718974,0.7745179206457669,0.8367774782869123,0.8367774782869123,0.8690476190476191,0.75,0.9958182015461547,margin_roc_persistence_score_gt_70pct
2025-09-18,25769.36,266808583.0,0.21624092457372712,0.1857784044005113,0.18878758696884423,0.33800831153607963,1.44380071903193,1.048651449924392,0.9948274873266032,0.7823060932558767,0.8412698412698413,0.8412698412698413,0.8690476190476191,0.775,0.9958182015461547,margin_roc_persistence_score_gt_70pct
2025-09-19,25578.37,268834779.0,0.19328869956366157,0.15276247974199553,0.19845125831177568,0.24027315608393732,1.1057441061593622,1.1141059594938791,0.9948974024558894,0.7901669404336821,0.8475591494459419,0.8475591494459419,0.8809523809523809,0.8,0.9958182015461547,margin_roc_persistence_score_gt_70pct
2025-09-22,25880.6,272458389.0,0.2239907985267049,0.15380723038740363,0.2153037568804672,0.3558106908795077,1.113854986014994,1.237729883621158,0.9949607947838499,0.7966570109864821,0.8520515124288709,0.8520515124288709,0.8928571428571429,0.825,0.9958182015461547,margin_roc_persistence_score_gt_70pct
2025-09-23,26247.37,272801313.0,0.24607246079581913,0.16694705842077795,0.2139662702875238,0.44041575092519253,1.2463714218375452,1.2218956636712923,0.995040142504874,0.8052527964939518,0.8562443845462714,0.8562443845462714,0.9047619047619048,0.85,0.9958182015461547,margin_roc_autocorr_rank_252_gt_90pct;margin_roc_persistence_score_gt_70pct
2025-09-24,26196.73,274650726.0,0.24562455422947083,0.16016993739614738,0.21943202349764035,0.4326547817071978,1.176140462801238,1.2530668962152547,0.995117374131855,0.8133961898630065,0.859538784067086,0.859538784067086,0.9126984126984127,0.875,0.9958182015461547,margin_roc_autocorr_rank_252_gt_90pct;margin_roc_persistence_score_gt_70pct
2025-09-25,26023.85,275265205.0,0.20184498862757305,0.16929486943307914,0.2164124915962251,0.25539214866614635,1.2661657669306217,1.221349923688294,0.9952323462807338,0.8256485714651636,0.8679245283018868,0.8679245283018868,0.9365079365079365,0.875,0.9958182015461547,margin_roc_autocorr_rank_252_gt_90pct;margin_roc_persistence_score_gt_70pct
2025-09-26,25580.32,271547451.0,0.17558508523804361,0.1341951571625435,0.20601235601568457,0.14829889635213636,0.9044828124822105,1.130417567059677,0.9955136731674691,0.8564784414287587,0.8870919436957173,0.8870919436957173,1.0,0.875,0.9958182015461547,margin_roc_autocorr_rank_252_gt_90pct;margin_roc_persistence_score_gt_70pct
2025-09-30,25820.54,275429759.0,0.18171375116246713,0.14362819307866959,0.2224154693393363,0.16788324662492327,0.9985515840977355,1.2398715913238463,0.9955775499218955,0.8630493148251254,0.889487870619946,0.889487870619946,1.0,0.9,0.9958182015461547,margin_roc_autocorr_rank_252_gt_90pct;margin_roc_persistence_score_gt_70pct
2025-10-01,25982.91,276237290.0,0.1985378368953321,0.14396796191779404,0.22314856699792274,0.22754152378523468,1.0006323199479055,1.2392196246553524,0.9956443948945682,0.8698327784889093,0.8924827792752321,0.8924827792752321,1.0,0.925,0.9958182015461547,margin_roc_autocorr_rank_252_gt_90pct;margin_roc_persistence_score_gt_70pct
2025-10-02,26378.39,278985046.0,0.19669559386808055,0.1699030934693424,0.24685378687468296,0.2140361303904566,1.2610339443872014,1.4099950712331504,0.9958363744480608,0.8906138518768715,0.900868523510033,0.900868523510033,1.0,0.95,0.9958182015461547,margin_roc_autocorr_full_sample_percentile_gt_90pct;margin_roc_autocorr_rank_252_gt_90pct;margin_roc_persistence_score_gt_70pct
2025-10-03,26761.06,281879929.0,0.20766066981897557,0.19316037651725115,0.27228411055583,0.2551061160755216,1.4939080055744258,1.5946517892134617,0.9965447408031597,0.9693008589119736,0.9302186283318359,0.9302186283318359,1.0,0.975,0.9958182015461547,margin_roc_autocorr_full_sample_percentile_gt_90pct;margin_roc_autocorr_rank_252_gt_90pct;margin_roc_persistence_score_gt_70pct
2025-10-07,27211.95,283226480.0,0.2210591356813143,0.2168688599144899,0.2752773302267024,0.3015113264935543,1.7297753176137793,1.6151249068729436,0.9974430799929211,1.0693031787504812,0.9709493860437257,0.9709493860437257,1.0,0.975,0.9958182015461547,margin_roc_autocorr_full_sample_percentile_gt_90pct;margin_roc_autocorr_rank_252_gt_90pct;margin_roc_persistence_score_gt_70pct
2025-10-08,27063.68,283589136.0,0.20648829473184938,0.20138802264481614,0.2738802332238841,0.23373644228597468,1.5682349123264745,1.604341109980729,0.9974673033367233,1.0713921488375209,0.97214734950584,0.97214734950584,1.0,0.975,0.9958182015461547,margin_roc_autocorr_full_sample_percentile_gt_90pct;margin_roc_autocorr_rank_252_gt_90pct;margin_roc_persistence_score_gt_70pct
2025-10-09,27301.92,285612707.0,0.1994727962884859,0.20308549899199102,0.2739398577805774,0.19304683362310185,1.5822037083395006,1.603601882028414,0.9975578221501176,1.080846985458521,0.9754417490266547,0.9754417490266547,1.0,0.975,0.9958182015461547,margin_roc_autocorr_full_sample_percentile_gt_90pct;margin_roc_autocorr_rank_252_gt_90pct;margin_roc_persistence_score_gt_70pct
2025-10-13,26923.42,283166811.0,0.1778137182119277,0.18339345515345906,0.2638055293402204,0.08605857285520474,1.3807864817011528,1.5249613997133384,0.9975601443321807,1.0792418493993063,0.9757412398921833,0.9757412398921833,1.0,0.975,0.9958182015461547,margin_roc_autocorr_full_sample_percentile_gt_90pct;margin_roc_autocorr_rank_252_gt_90pct;margin_roc_persistence_score_gt_70pct
2025-10-14,26793.15,275345144.0,0.1739647080834552,0.1847528429177665,0.22682103987737712,0.05851684943182532,1.392057287979333,1.2488841861251239,0.9974410835208859,1.0641927043603792,0.9706498951781971,0.9706498951781971,0.9841269841269841,0.975,0.9958182015461547,margin_roc_autocorr_full_sample_percentile_gt_90pct;margin_roc_autocorr_rank_252_gt_90pct;margin_roc_persistence_score_gt_70pct
2025-10-15,27275.71,280251490.0,0.2272789448060566,0.1944202866183744,0.23609776177957964,0.2651682079445834,1.4883536691618058,1.3157275588322812,0.997440906902773,1.0641677690024256,0.9703504043126685,0.9703504043126685,0.9801587301587301,0.975,0.9958182015461547,margin_roc_autocorr_full_sample_percentile_gt_90pct;margin_roc_autocorr_rank_252_gt_90pct;margin_roc_persistence_score_gt_70pct
2025-10-16,27647.87,285280494.0,0.23480966611122,0.19984333569125412,0.2574481913002411,0.2861246039941519,1.540347839854768,1.4690056400848248,0.9974260026491912,1.0612558178139722,0.9694519317160827,0.9694519317160827,0.9761904761904762,1.0,0.9958182015461547,margin_roc_autocorr_full_sample_percentile_gt_90pct;margin_roc_autocorr_rank_252_gt_90pct;margin_roc_persistence_score_gt_70pct
2025-10-17,27302.37,285198688.0,0.22417275748104148,0.18124169308726423,0.25097465497898885,0.24000023561483158,1.3489330112025006,1.4181790184458205,0.9974206365218494,1.060659900788277,0.9691524408505541,0.9691524408505541,0.9722222222222222,1.0,0.9958182015461547,margin_roc_autocorr_full_sample_percentile_gt_90pct;margin_roc_autocorr_rank_252_gt_90pct;margin_roc_persistence_score_gt_70pct
2025-10-20,27688.63,289524473.0,0.21962589241037134,0.18412847210788286,0.2692242361532491,0.22009084124717207,1.375724280959489,1.5492535292792027,0.9974302516098846,1.0604233127857456,0.9700509134471399,0.9700509134471399,0.9761904761904762,1.0,0.9958182015461547,margin_roc_autocorr_full_sample_percentile_gt_90pct;margin_roc_autocorr_rank_252_gt_90pct;margin_roc_persistence_score_gt_70pct
2025-10-21,27752.41,290984087.0,0.22736417354262617,0.18902074328979257,0.26803055909853657,0.2499383087087308,1.4228978090661597,1.5371191757218248,0.9974273174789491,1.059732720399814,0.9697514225816113,0.9697514225816113,0.9722222222222222,1.0,0.9958182015461547,margin_roc_autocorr_full_sample_percentile_gt_90pct;margin_roc_autocorr_rank_252_gt_90pct;margin_roc_persistence_score_gt_70pct
2025-10-22,27648.91,292885334.0,0.220213265498864,0.20275823127973314,0.3042975684142004,0.21740819122083815,1.5579216394983944,1.7940905091550412,0.9973615622193946,1.0508679679663746,0.9673554956573824,0.9673554956573824,0.9603174603174603,1.0,0.9958182015461547,margin_roc_autocorr_full_sample_percentile_gt_90pct;margin_roc_autocorr_rank_252_gt_90pct;margin_roc_persistence_score_gt_70pct
2025-10-23,27532.26,292588808.0,0.20219599993712234,0.1806959830899446,0.28337517387087163,0.13872542969256682,1.3316330249027477,1.6292344297989527,0.9973234360633605,1.044497222743393,0.9652590595986822,0.9652590595986822,0.9563492063492064,1.0,0.9958182015461547,margin_roc_autocorr_full_sample_percentile_gt_90pct;margin_roc_autocorr_rank_252_gt_90pct;margin_roc_persistence_score_gt_70pct
2025-10-27,27993.63,295984232.0,0.21842335831234339,0.19765351957090305,0.2912257933579758,0.20117110885604791,1.5024879545120808,1.6816034371594901,0.9973283966426373,1.0438419734852054,0.9658580413297394,0.9658580413297394,0.9563492063492064,1.0,0.9958182015461547,margin_roc_autocorr_full_sample_percentile_gt_90pct;margin_roc_autocorr_rank_252_gt_90pct;margin_roc_persistence_score_gt_70pct
2025-10-28,27949.11,296373285.0,0.19994255548247386,0.1962273340871874,0.29093177413862015,0.12233305499733202,1.4876671977047653,1.6725763617275775,0.9973290409477515,1.0428890869940768,0.966157532195268,0.966157532195268,0.9563492063492064,1.0,0.9958182015461547,margin_roc_autocorr_full_sample_percentile_gt_90pct;margin_roc_autocorr_rank_252_gt_90pct;margin_roc_persistence_score_gt_70pct
2025-10-29,28294.74,300589167.0,0.22961907750126254,0.20850656345326413,0.30663382426051067,0.24658614103030455,1.6109875698101441,1.7854115491744655,0.9973208968876168,1.0375114231512585,0.9646600778676251,0.9646600778676251,0.9444444444444444,1.0,0.9958182015461547,margin_roc_autocorr_full_sample_percentile_gt_90pct;margin_roc_autocorr_rank_252_gt_90pct;margin_roc_persistence_score_gt_70pct
2025-10-30,28287.53,298392447.0,0.2270203141862699,0.21921020691747772,0.3000663904594669,0.23155699607495253,1.7178862867422926,1.7357611998110354,0.9973119615929718,1.0325410921433795,0.9640610961365679,0.9640610961365679,0.9404761904761905,1.0,0.9958182015461547,margin_roc_autocorr_full_sample_percentile_gt_90pct;margin_roc_autocorr_rank_252_gt_90pct;margin_roc_persistence_score_gt_70pct
2025-10-31,28233.35,301750958.0,0.20207031298230915,0.20337937713006538,0.31320526297053175,0.12067057630592527,1.5562004956425166,1.8301697687400404,0.9973080832307324,1.0285225693036817,0.9637616052710393,0.9637616052710393,0.9365079365079365,1.0,0.9958182015461547,margin_roc_autocorr_full_sample_percentile_gt_90pct;margin_roc_autocorr_rank_252_gt_90pct;margin_roc_persistence_score_gt_70pct
2025-11-03,28334.59,304336086.0,0.20354906630680736,0.20354957753035774,0.31567537432989146,0.12163074340588649,1.5563343577120448,1.8443672798923416,0.9973077913015711,1.0246300100848826,0.9634621144055107,0.9634621144055107,0.9325396825396826,1.0,0.9958182015461547,margin_roc_autocorr_full_sample_percentile_gt_90pct;margin_roc_autocorr_rank_252_gt_90pct;margin_roc_persistence_score_gt_70pct
2025-11-04,28116.56,300318118.0,0.194648238846709,0.19979961065750396,0.2912005293336226,0.07945328120367628,1.516852552772816,1.6611628943218302,0.997242898385091,1.0165882675138633,0.961665169212339,0.961665169212339,0.9285714285714286,1.0,0.9958182015461547,margin_roc_autocorr_full_sample_percentile_gt_90pct;margin_roc_autocorr_rank_252_gt_90pct;margin_roc_persistence_score_gt_70pct
2025-11-05,27717.06,302885861.0,0.18780137443024936,0.18555674465993777,0.2976532146386348,0.04648294963334318,1.3704705775306676,1.7073935877899318,0.9972360718624472,1.0146861234753737,0.9610661874812818,0.9610661874812818,0.9246031746031746,1.0,0.9958182015461547,margin_roc_autocorr_full_sample_percentile_gt_90pct;margin_roc_autocorr_rank_252_gt_90pct;margin_roc_persistence_score_gt_70pct
2025-11-06,27899.45,307908099.0,0.20295034778454424,0.17915275992695023,0.3080934733655809,0.10846226482490083,1.3029302928797564,1.7778322653900873,0.9972271890273545,1.0096836466230343,0.960167714884696,0.960167714884696,0.9206349206349206,1.0,0.9958182015461547,margin_roc_autocorr_full_sample_percentile_gt_90pct;margin_roc_autocorr_rank_252_gt_90pct;margin_roc_persistence_score_gt_70pct
2025-11-07,27651.41,307760690.0,0.18429317577826354,0.17929737079142383,0.30387081373875624,0.02827563019801988,1.3017953778751417,1.7396907071535415,0.9972124971865356,1.0045816463039186,0.9598682240191674,0.9598682240191674,0.9166666666666666,1.0,0.9958182015461547,margin_roc_autocorr_full_sample_percentile_gt_90pct;margin_roc_autocorr_rank_252_gt_90pct;margin_roc_persistence_score_gt_70pct
2025-11-10,27869.51,310128798.0,0.2013719244747516,0.1610472021686593,0.3057233943628166,0.10150138620801527,1.1152031647959064,1.7492935540947485,0.9972007718002939,1.0006188708578014,0.9589697514225816,0.9589697514225816,0.9126984126984127,1.0,0.9958182015461547,margin_roc_autocorr_full_sample_percentile_gt_90pct;margin_roc_autocorr_rank_252_gt_90pct;margin_roc_persistence_score_gt_70pct
2025-11-11,27784.95,309815189.0,0.21190940301196126,0.15668162286241438,0.2983950197819307,0.14675492734926804,1.0671192825491487,1.6918483416078955,0.9971764304536717,0.9951767091922693,0.9583707696915245,0.9583707696915245,0.9087301587301587,1.0,0.9958182015461547,margin_roc_autocorr_full_sample_percentile_gt_90pct;margin_roc_autocorr_rank_252_gt_90pct;margin_roc_persistence_score_gt_70pct
2025-11-12,27947.09,312952699.0,0.22465220856925128,0.15792463383812216,0.2904757783372893,0.19925204925720547,1.0760076518305646,1.6326879075142569,0.9971491015321744,0.9884267808876163,0.9568733153638814,0.9568733153638814,0.9047619047619048,1.0,0.9958182015461547,margin_roc_autocorr_full_sample_percentile_gt_90pct;margin_roc_autocorr_rank_252_gt_90pct;margin_roc_persistence_score_gt_70pct
2025-11-13,27903.56,313950396.0,0.2249105358716914,0.15502707965275797,0.29056187170048764,0.19600676095098757,1.0459810986138836,1.6321257178664152,0.9971244341532958,0.9815853354659805,0.9562743336328242,0.9562743336328242,0.9007936507936508,1.0,0.9958182015461547,margin_roc_autocorr_full_sample_percentile_gt_90pct;margin_roc_autocorr_rank_252_gt_90pct;margin_roc_persistence_score_gt_70pct
2025-11-14,27397.5,311008013.0,0.1929908440483703,0.12422968877333695,0.28312142228240966,0.05222260984737984,0.7339945512708187,1.5738085497452736,0.9970887001134178,0.9766547247288553,0.9544773884396526,0.9544773884396526,0.8968253968253969,1.0,0.9958182015461547,margin_roc_autocorr_full_sample_percentile_gt_90pct;margin_roc_persistence_score_gt_70pct
2025-11-17,27447.31,311090494.0,0.1878460833374087,0.1324035299796602,0.26956364723129367,0.026847635088905284,0.8153733450205581,1.4654147659400159,0.99704202780689,0.9711314199718648,0.9529799341120095,0.9529799341120095,0.8928571428571429,1.0,0.9958182015461547,margin_roc_autocorr_full_sample_percentile_gt_90pct;margin_roc_persistence_score_gt_70pct
2025-11-18,26756.12,306328571.0,0.1524177146603105,0.09951476259200942,0.23358618498159944,-0.1287442234304895,0.47892327804621543,1.1925484939435653,0.9968875883449919,0.9537542959086948,0.9487870619946092,0.9487870619946092,0.8888888888888888,1.0,0.9958182015461547,margin_roc_autocorr_full_sample_percentile_gt_90pct;margin_roc_persistence_score_gt_70pct
2025-11-19,26580.12,306204612.0,0.1354745775310331,0.08567745477181266,0.22534183070683356,-0.20324050415984365,0.33625768543053786,1.1274784942404472,0.9968347049961023,0.9471258460713062,0.9454926624737946,0.9454926624737946,0.8849206349206349,1.0,0.9958182015461547,margin_roc_autocorr_full_sample_percentile_gt_90pct;margin_roc_persistence_score_gt_70pct
2025-11-20,27426.36,309665154.0,0.1644089362733714,0.12617734617200815,0.23768813472802885,-0.07616336374213972,0.7440761653690572,1.2163551342686891,0.9967763202907544,0.9405102996899488,0.9433962264150944,0.9433962264150944,0.8809523809523809,1.0,0.9958182015461547,margin_roc_autocorr_full_sample_percentile_gt_90pct;margin_roc_persistence_score_gt_70pct
2025-11-21,26434.94,303707617.0,0.12347405230169262,0.11891842014370946,0.22000969708642026,-0.2572043673807445,0.6659705935042192,1.0808565799883338,0.9967038485709796,0.9318732959970029,0.9383048817011082,0.9383048817011082,0.876984126984127,1.0,0.9958182015461547,margin_roc_autocorr_full_sample_percentile_gt_90pct;margin_roc_persistence_score_gt_70pct
2025-11-24,26504.24,306380271.0,0.15327235456624977,0.10608864904747617,0.21721270170461593,-0.12619141181065577,0.5314653071341793,1.0542999336507517,0.996641372660372,0.9244314975842534,0.9341120095837077,0.9341120095837077,0.873015873015873,1.0,0.9958182015461547,margin_roc_autocorr_full_sample_percentile_gt_90pct;margin_roc_persistence_score_gt_70pct
2025-11-25,26912.17,311368884.0,0.177248435383196,0.13245403747695605,0.2378279083953656,-0.019892885382831415,0.799740417503611,1.204193544527289,0.9965516721000606,0.9134595630311161,0.9305181191973645,0.9305181191973645,0.8690476190476191,1.0,0.9958182015461547,margin_roc_autocorr_full_sample_percentile_gt_90pct;margin_roc_persistence_score_gt_70pct
2025-11-26,27409.54,311060645.0,0.2066511764276011,0.12901556922534474,0.22496667588362973,0.11002598655052695,0.7633277876092943,1.1071359673231105,0.996468729095377,0.9017273269951815,0.9284216831386642,0.9284216831386642,0.8611111111111112,1.0,0.9958182015461547,margin_roc_autocorr_full_sample_percentile_gt_90pct;margin_roc_persistence_score_gt_70pct
2025-11-27,27554.53,314005988.0,0.21157317248514573,0.1336933400808884,0.23013782228756385,0.12657207536843518,0.8097382557177357,1.1367694807145878,0.9963884732475127,0.8902189020331679,0.9263252470799641,0.9263252470799641,0.8571428571428571,1.0,0.9958182015461547,margin_roc_autocorr_full_sample_percentile_gt_90pct;margin_roc_persistence_score_gt_70pct
2025-11-28,27626.48,317182219.0,0.225309071813236,0.12669627527029048,0.22793294540400866,0.17867819393480916,0.7359376786694763,1.111134947512224,0.9963030416732905,0.8792707689814537,0.9224318658280922,0.9224318658280922,0.8531746031746031,1.0,0.9958182015461547,margin_roc_autocorr_full_sample_percentile_gt_90pct;margin_roc_persistence_score_gt_70pct
2025-12-01,27342.53,319360271.0,0.19667247295262769,0.12815738278501998,0.22721286656588768,0.04302348008177674,0.7473304981166562,1.1037868104947905,0.9962051758187853,0.8683727745774513,0.918837975441749,0.918837975441749,0.8492063492063492,1.0,0.9958182015461547,margin_roc_autocorr_full_sample_percentile_gt_90pct;margin_roc_persistence_score_gt_70pct
2025-12-02,27564.27,319737013.0,0.2149079968759311,0.13746363445040055,0.21884808623319074,0.12157070351147174,0.8401454950673731,1.0367652414010957,0.9960891806013347,0.8554002743557769,0.9146451033243486,0.9146451033243486,0.8452380952380952,1.0,0.9958182015461547,margin_roc_autocorr_full_sample_percentile_gt_90pct;margin_roc_persistence_score_gt_70pct
2025-12-03,27793.04,321425021.0,0.23219803809775463,0.15459254486486862,0.24031966021313456,0.19962857391584754,1.0113391000022072,1.188719083375057,0.995962113771386,0.8395854553153227,0.9092542677448338,0.9092542677448338,0.8412698412698413,1.0,0.9958182015461547,margin_roc_autocorr_full_sample_percentile_gt_90pct;margin_roc_persistence_score_gt_70pct
2025-12-04,27795.71,322826443.0,0.21355752975857833,0.1573454060036359,0.24637393674006725,0.11593000627866806,1.033732883305678,1.2294813147159833,0.9958544438693382,0.8259594342599113,0.9023659778376759,0.9023659778376759,0.8373015873015873,1.0,0.9958182015461547,margin_roc_autocorr_full_sample_percentile_gt_90pct;margin_roc_persistence_score_gt_70pct
2025-12-05,27980.89,322916644.0,0.21929749258879827,0.16101832757268575,0.23707255987516218,0.1334532404896307,1.0626956904343103,1.1580723503244919,0.995712830578142,0.8106966555960702,0.8951781970649895,0.8951781970649895,0.8293650793650794,1.0,0.9958182015461547,margin_roc_persistence_score_gt_70pct
2025-12-08,28303.78,324739391.0,0.24803031559044686,0.17055234006828002,0.24163542817614592,0.2559665650052425,1.153974046023967,1.1912889735288799,0.995578727312041,0.7953512605882397,0.8897873614854747,0.8897873614854747,0.8214285714285714,1.0,0.9958182015461547,margin_roc_persistence_score_gt_70pct
2025-12-09,28182.6,326884262.0,0.2618257265126409,0.1505647371785921,0.23594149811019638,0.3202675180463606,0.9481490093986198,1.1486014093007775,0.995398521906986,0.7746141423784331,0.8820005989817311,0.8820005989817311,0.8055555555555556,1.0,0.9958182015461547,margin_roc_persistence_score_gt_70pct
2025-12-10,28400.73,327694562.0,0.2736381615236625,0.15697601943669737,0.2295749309187487,0.3753004929524504,1.0078591084161688,1.0992469003959666,0.9951992829190918,0.7532751932903085,0.8649296196466008,0.8649296196466008,0.7341269841269841,1.0,0.9958182015461547,margin_roc_persistence_score_gt_70pct
2025-12-11,28024.75,326671838.0,0.2588321167883212,0.12752150658333594,0.22103406399739667,0.3062418976901866,0.6959441211936171,1.0340433234231412,0.9950119463455533,0.7337204799913801,0.855046421084157,0.855046421084157,0.6904761904761905,1.0,0.9958182015461547,margin_roc_persistence_score_gt_70pct
2025-12-12,28198.02,329349582.0,0.24018590020728392,0.11929817458228786,0.21998013283816942,0.21940600897929738,0.6050808172291663,1.0254988653184374,0.9947757327249018,0.7089306804065737,0.8385744234800838,0.8385744234800838,0.6428571428571429,1.0,0.9958182015461547,margin_roc_persistence_score_gt_70pct
2025-12-15,27866.94,331859338.0,0.21016125964392085,0.10514199282907355,0.24827289838219468,0.07941230966487672,0.4561676289080015,1.232649453478053,0.9944412928572963,0.674375049440351,0.8146151542377957,0.8146151542377957,0.6150793650793651,1.0,0.9958182015461547,margin_roc_persistence_score_gt_70pct
2025-12-16,27536.66,328789479.0,0.1841010211422498,0.08094402904221609,0.23784276677825034,-0.04234025154127981,0.20353925104445503,1.1549265181578787,0.994145647515023,0.6440365512919425,0.7957472297094939,0.7957472297094939,0.5952380952380952,1.0,0.9958182015461547,margin_roc_persistence_score_gt_70pct
2025-12-17,27525.17,332174898.0,0.18296548813517655,0.08549892811340065,0.2572350097979581,-0.04780005674697991,0.24736011864471397,1.2958406402066023,0.9937891692971316,0.6074555124354329,0.77088948787062,0.77088948787062,0.5714285714285714,1.0,0.9958182015461547,margin_roc_persistence_score_gt_70pct
2025-12-18,27468.53,332380151.0,0.1843319204234677,0.07174856923468287,0.25022300924607155,-0.041450561400642676,0.10252211623422364,1.2407259446068712,0.9934521428622995,0.5728705743116222,0.7517220724767895,0.7517220724767895,0.5515873015873016,1.0,0.9958182015461547,margin_roc_persistence_score_gt_70pct
2025-12-19,27696.35,333308741.0,0.1900508094056481,0.08876789873517232,0.25838981372052916,-0.014586323865196526,0.2720650388724608,1.2977267192607551,0.993049714815254,0.5315742614176651,0.7259658580413297,0.7259658580413297,0.5238095238095238,1.0,0.9958182015461547,margin_roc_persistence_score_gt_70pct
2025-12-22,28149.64,335196079.0,0.2172775186075031,0.09236861140517272,0.25631670177566956,0.11054842464950707,0.3039698198136487,1.2800861822543672,0.9926048111659661,0.48591919228533825,0.6993111710092842,0.6993111710092842,0.49206349206349204,1.0,0.9958182015461547,margin_roc_persistence_score_gt_70pct
2025-12-23,28310.47,337588452.0,0.2360691296532471,0.1068129048098061,0.2557469433670261,0.19740179412501707,0.4527114261553743,1.2720112915151156,0.9920848067604358,0.4325574427883302,0.6657681940700808,0.6657681940700808,0.4642857142857143,1.0,0.9958182015461547,margin_roc_persistence_score_gt_70pct
2025-12-24,28371.98,338902814.0,0.23105940954926507,0.09626438336050946,0.24386999146500865,0.1734183964878388,0.34261889990328487,1.1795625395271871,0.9913974756792325,0.35935557215580505,0.6184486373165619,0.6184486373165619,0.4365079365079365,1.0,0.9958182015461547,margin_roc_persistence_score_gt_70pct
2025-12-26,28556.02,340337126.0,0.2404615368576155,0.08795738392075103,0.24756410538244,0.21674742687854753,0.2556439525885124,1.2049596878236404,0.9906454145365764,0.27616499386322707,0.5699311171009285,0.5699311171009285,0.40476190476190477,1.0,0.9958182015461547,margin_roc_persistence_score_gt_70pct
2025-12-29,28810.89,339886882.0,0.250478083672238,0.099789553887069,0.23752406174233087,0.26402056447260597,0.3776475367269845,1.1306012366751041,0.9896836978222655,0.17393373955718575,0.5043426175501647,0.5043426175501647,0.3373015873015873,1.0,0.9958182015461547,margin_roc_persistence_score_gt_70pct
2025-12-30,28707.13,341367756.0,0.24715950683834098,0.10310849470773942,0.24014132479984163,0.2463599857966576,0.4100100316579153,1.1462240502502397,0.9885042240452432,0.04839673426750444,0.4381551362683438,0.4381551362683438,0.3253968253968254,1.0,0.9958182015461547,margin_roc_persistence_score_gt_70pct
2025-12-31,28963.6,343409624.0,0.25011923429355254,0.1322610506827122,0.264639468112702,0.26060013026835943,0.710719323401705,1.320148095762931,0.9866840031153838,-0.13839047802409676,0.34052111410601976,0.34052111410601976,0.30952380952380953,1.0,0.9958182015461547,margin_roc_persistence_score_gt_70pct
2026-01-02,29349.81,346634298.0,0.2798486847125774,0.13668459296358626,0.25852158916495305,0.408503040978315,0.7541645574144572,1.2708652349837326,0.9850347878274506,-0.3076294539354171,0.2671458520515124,0.2671458520515124,0.30158730158730157,1.0,0.9958182015461547,margin_roc_persistence_score_gt_70pct
2026-01-05,30105.04,350948272.0,0.3373925211847937,0.15864774191959263,0.2704594372468685,0.6907121680468545,0.982534005369094,1.3567209099378823,0.9833013957267404,-0.4855064758884414,0.20994309673554956,0.20994309673554956,0.29365079365079366,1.0,0.9958182015461547,margin_roc_persistence_score_gt_70pct
2026-01-06,30576.3,354549156.0,0.32338925596441204,0.15914200980423754,0.2708536213084338,0.6211540724624954,0.9867335228986239,1.3582004210842833,0.9799687810687486,-0.8270597325622544,0.14645103324348607,0.14645103324348607,0.28174603174603174,1.0,0.9958182015461547,margin_roc_persistence_score_gt_70pct
2026-01-07,30435.47,357058834.0,0.31639939723809096,0.1373043519202901,0.26670542051967105,0.585633451902937,0.756643834685653,1.326173864857639,0.9780035880263066,-1.0276192894007543,0.12698412698412698,0.12698412698412698,0.25793650793650796,1.0,0.9958182015461547,margin_roc_persistence_score_gt_70pct
2026-01-08,30360.55,352387558.0,0.30750990627528774,0.1157065186434636,0.24419001358912484,0.5413122200840984,0.5311273411304893,1.1573032176014788,0.9848266480506764,-0.3284969933710162,0.2551662174303684,0.2551662174303684,0.2976190476190476,1.0,0.9958182015461547,margin_roc_persistence_score_gt_70pct
2026-01-09,30288.96,351492667.0,0.3029224491481459,0.11917374133894576,0.23944334383810806,0.5187254832081168,0.5656929278227464,1.116700849099599,0.9838360422413166,-0.42999904749723766,0.22461814914645103,0.22461814914645103,0.2896825396825397,1.0,0.9958182015461547,margin_roc_persistence_score_gt_70pct
2026-01-12,30567.29,356489999.0,0.31327162085060456,0.11960221112654357,0.24815874876323352,0.5697761766447719,0.5676912458416201,1.1739827235111957,0.9838578173041134,-0.4277678738237985,0.22491764001197964,0.22491764001197964,0.2896825396825397,1.0,0.9958182015461547,margin_roc_persistence_score_gt_70pct
2026-01-13,30707.22,355638826.0,0.32414640667178385,0.1405393519842577,0.255934001389732,0.6236295606443784,0.7803061221751937,1.2277529666942015,0.9831653074208724,-0.49872564026077787,0.20545073375262055,0.20545073375262055,0.27380952380952384,1.0,0.9958182015461547,margin_roc_persistence_score_gt_70pct
2026-01-14,30941.78,358452806.0,0.3432448741268759,0.1548392033038295,0.30183086141515547,0.7175484799012348,0.9202544542551756,1.5632835554263185,0.9807249792505516,-0.74687652249269,0.15783168613357293,0.15783168613357293,0.26587301587301587,1.0,0.9958182015461547,margin_roc_persistence_score_gt_70pct
2026-01-15,30810.58,359299228.0,0.34944372080311625,0.12959772632866406,0.2820600097433916,0.7437898639064198,0.654516235089666,1.4137484134162537,0.9797477119856918,-0.8450832741867317,0.14375561545372867,0.14375561545372867,0.25793650793650796,1.0,0.9958182015461547,margin_roc_persistence_score_gt_70pct
2026-01-16,31408.7,363391797.0,0.37106201682359674,0.13602603021498583,0.27380527110276254,0.8479274042667697,0.7164751537844372,1.3491550094345899,0.9788972031985766,-0.9311637125168433,0.13417190775681342,0.13417190775681342,0.25,1.0,0.9958182015461547,margin_roc_persistence_score_gt_70pct
2026-01-19,31639.29,369415656.0,0.3436249214891809,0.15884774838228344,0.295292270068227,0.7095857790624333,0.948723434887667,1.5032873561089688,0.9775650606048133,-1.0651066142930308,0.12488769092542677,0.12488769092542677,0.24206349206349206,1.0,0.9958182015461547,margin_roc_persistence_score_gt_70pct
2026-01-20,31759.99,371225738.0,0.34284501424236424,0.1470408611765912,0.28219122257067375,0.7046758099178488,0.824541789068875,1.399494795729894,0.9769463224257869,-1.1234747995055738,0.12279125486672657,0.12279125486672657,0.23809523809523808,1.0,0.9958182015461547,margin_roc_persistence_score_gt_70pct
2026-01-21,31246.37,367750150.0,0.3348968036935438,0.125897534664557,0.26381533021769665,0.6658292530288721,0.604129999763163,1.2578622045751338,0.9760387827221676,-1.210243545631411,0.11799940101826895,0.11799940101826895,0.23015873015873015,1.0,0.9958182015461547,margin_roc_persistence_score_gt_70pct
2026-01-22,31746.08,371734427.0,0.3754127289261835,0.14818558850963748,0.2692148900839124,0.8681225083628484,0.8324834249069002,1.2956811592293047,0.975173311546111,-1.2958141798896807,0.11440551063192572,0.11440551063192572,0.2261904761904762,1.0,0.9958182015461547,margin_roc_persistence_score_gt_70pct
2026-01-23,31961.51,376076978.0,0.38891467269486246,0.1608749154628062,0.28534300601135776,0.9345712559125406,0.9577431427998269,1.4129146415739626,0.9740006411427385,-1.4120145998712486,0.1084156933213537,0.1084156933213537,0.21825396825396826,1.0,0.9958182015461547,margin_roc_persistence_score_gt_70pct
2026-01-26,32064.52,381580658.0,0.425829307912148,0.1454220120791765,0.28919252022857767,1.1176222185615083,0.7917990212306842,1.4384371616058818,0.9732157700250582,-1.4876303287432753,0.10661874812818209,0.10661874812818209,0.21428571428571427,1.0,0.9958182015461547,margin_roc_persistence_score_gt_70pct
2026-01-27,32317.92,382728015.0,0.417606827409297,0.15631302749890774,0.2913715046887577,1.0744490014958592,0.8987595691440896,1.4516798018968748,0.9724836922937148,-1.5579267629671363,0.10362383947289608,0.10362383947289608,0.1984126984126984,1.0,0.9958182015461547,margin_roc_persistence_score_gt_70pct
2026-01-28,32803.82,384920473.0,0.4570040644791351,0.15936106852369014,0.2805533773610678,1.270327530463991,0.9206791958027278,1.3693100993441347,0.9715850804413849,-1.6400142813927745,0.09194369571728063,0.09194369571728063,0.0873015873015873,1.0,0.9958182015461547,margin_roc_persistence_score_gt_70pct
2026-01-29,32536.27,381778070.0,0.41307833625043977,0.15019833827838625,0.27944950965866777,1.0496972890265284,0.8189295284903748,1.35862502294911,0.9705117787417235,-1.737873558701026,0.08715184186882301,0.08715184186882301,0.07539682539682539,1.0,0.9958182015461547,margin_roc_persistence_score_gt_70pct
2026-01-30,32063.75,383893252.0,0.38515807790538115,0.1356693413994443,0.2722188341817957,0.9095794502577911,0.6701811440993998,1.3044805370185157,0.9692486436750947,-1.8594031200584467,0.08116202455825097,0.08116202455825097,0.07142857142857142,1.0,0.9958182015461547,margin_roc_persistence_score_gt_70pct
2026-02-02,31624.03,378848321.0,0.3591900397218013,0.11609273329877001,0.2448353594190602,0.7790586657335543,0.46888172269909767,1.0999215859037255,0.96686823585706,-2.089035134914171,0.06858340820604972,0.06858340820604972,0.04365079365079365,1.0,0.9958182015461547,margin_roc_persistence_score_gt_70pct
2026-02-03,32195.36,382125198.0,0.3817745142598652,0.14506753315483834,0.2724014140232458,0.8916801831967403,0.7589317477259132,1.299293534268776,0.9644350464670451,-2.3206583837575834,0.061096136567834684,0.061096136567834684,0.03968253968253968,1.0,0.9958182015461547,margin_roc_persistence_score_gt_70pct
2026-02-04,32289.81,384045976.0,0.3725503615027326,0.1649796190505053,0.2679561031077644,0.843884166783819,0.9541540770010734,1.2643412816524489,0.9631399653912008,-2.4374135462648225,0.05660377358490566,0.05660377358490566,0.031746031746031744,1.0,0.9958182015461547,margin_roc_persistence_score_gt_70pct
2026-02-05,31801.27,382917747.0,0.4012635543701595,0.13985293616899264,0.24361050665315553,0.9823139446414815,0.6929920217427007,1.0784874161983191,0.9607273631333031,-2.6688153214121577,0.04821802935010482,0.04821802935010482,0.023809523809523808,1.0,0.9958182015461547,margin_roc_persistence_score_gt_70pct
2026-02-06,31782.92,373990690.0,0.39435710161814796,0.14941408051162663,0.2151996734865651,0.942390321377204,0.7869840428396185,0.863104035010821,0.9577824091920083,-2.949202144404739,0.042827193770589994,0.042827193770589994,0.007936507936507936,0.975,0.9958182015461547,margin_roc_persistence_score_gt_70pct
2026-02-09,32404.62,375470000.0,0.39906776653406184,0.16272657825702708,0.2106905338084728,0.9644060815034999,0.9189126841719191,0.8279246053764826,0.9562472682282056,-3.0,0.03743635819107517,0.03743635819107517,0.003968253968253968,0.95,0.9958182015461547,margin_roc_persistence_score_gt_70pct
2026-02-10,33072.97,372586424.0,0.4184302170985479,0.19031957948457712,0.2026086429222811,1.0609166116129298,1.1864788830342874,0.766567130638994,0.955253867119026,-3.0,0.034441449535789155,0.034441449535789155,0.003968253968253968,0.925,0.9958182015461547,margin_roc_persistence_score_gt_70pct
2026-02-11,33605.71,368046780.0,0.4313537581772422,0.2024761790941383,0.17604603243891503,1.125323955174178,1.2983100552117057,0.5707009778512042,0.9530637317113458,-3.0,0.031746031746031744,0.031746031746031744,0.003968253968253968,0.9,0.9958182015461547,margin_roc_persistence_score_gt_70pct
2026-02-23,33773.26,372155937.0,0.45247964273395924,0.21035667133512725,0.1853972530106316,1.2287213077487773,1.3735537133387374,0.6401292063539868,0.9521662416379859,-3.0,0.030548068283917342,0.030548068283917342,0.003968253968253968,0.875,0.9958182015461547,margin_roc_persistence_score_gt_70pct
2026-02-24,34700.82,377495245.0,0.48395252319422855,0.26656884752258425,0.21377980380203265,1.383503731557337,1.928265138696818,0.8473951596966337,0.9490732536221235,-3.0,0.025456723569931117,0.025456723569931117,0.003968253968253968,0.85,0.9958182015461547,margin_roc_persistence_score_gt_70pct
2026-02-25,35413.07,383127012.0,0.5205431573975676,0.29022006163809855,0.2315612961159783,1.564600206360159,2.1550110186109,0.9776176274597123,0.9468146429779954,-3.0,0.02336028751123091,0.02336028751123091,0.003968253968253968,0.825,0.9958182015461547,index_qoq_z_gt_2;margin_roc_persistence_score_gt_70pct
2026-02-26,35414.49,389861168.0,0.5134779039300563,0.3236033475705744,0.2726895396250846,1.5258402901984691,2.4795219741461576,1.280489684818573,0.9416126900180061,-3.0,0.0215633423180593,0.0215633423180593,0.003968253968253968,0.825,0.9958182015461547,index_qoq_z_gt_2;margin_roc_persistence_score_gt_70pct
2026-03-02,35095.09,391622964.0,0.5158157114899786,0.32035107441200417,0.2789584109856582,1.5354090387812493,2.4355363796267078,1.3233935661408478,0.9397838075263935,-3.0,0.020964360587002098,0.020964360587002098,0.003968253968253968,0.825,0.9958182015461547,index_qoq_z_gt_2;margin_roc_persistence_score_gt_70pct
2026-03-03,34323.65,384358166.0,0.4602496540146426,0.25148397381205534,0.24120573798884704,1.2566452550306995,1.7430995214724854,1.0425158207084422,0.9347472780606032,-3.0,0.01916741539383049,0.01916741539383049,0.003968253968253968,0.825,0.9958182015461547,margin_roc_persistence_score_gt_70pct
2026-03-04,32828.88,376616380.0,0.38716840241171857,0.24187457962832526,0.24006234588446285,0.8899747209117037,1.6415358709406829,1.032095192526633,0.9317655203446359,-3.0,0.018268942797244683,0.018268942797244683,0.003968253968253968,0.825,0.9958182015461547,margin_roc_persistence_score_gt_70pct
2026-03-05,33672.94,379166593.0,0.4265728636744155,0.2704737053392212,0.23756856720059494,1.0868522044668614,1.9233069736316986,1.0131701467962648,0.9285885035349408,-3.0,0.01766996106618748,0.01766996106618748,0.003968253968253968,0.825,0.9958182015461547,margin_roc_persistence_score_gt_70pct
2026-03-06,33599.54,382683605.0,0.4305310152736823,0.24848869489156766,0.22903611974278082,1.105319778825109,1.7067010291307898,0.9435678023066024,0.9249730490045592,-3.0,0.017070979335130278,0.017070979335130278,0.003968253968253968,0.8,0.9958182015461547,margin_roc_persistence_score_gt_70pct
2026-03-09,32110.42,371960474.0,0.3531429293833819,0.17150524963206237,0.19578120851642944,0.7134834721218152,0.9482264352217902,0.6854177686594088,0.9191555480441534,-3.0,0.016172506738544475,0.016172506738544475,0.003968253968253968,0.775,0.9958182015461547,margin_roc_persistence_score_gt_70pct
2026-03-10,32771.87,368236339.0,0.39068274510286516,0.1893459986434174,0.17270483071169962,0.89801937483711,1.1240013023481623,0.5052205600097022,0.9165237677045995,-3.0,0.014675052410901468,0.014675052410901468,0.003968253968253968,0.75,0.9958182015461547,margin_roc_persistence_score_gt_70pct
2026-03-11,34114.19,376148010.0,0.4650262049015448,0.23483664947543081,0.18590509640138442,1.269276539688287,1.5721951029783994,0.5969582363196233,0.9156758867530712,-3.0,0.012279125486672657,0.012279125486672657,0.003968253968253968,0.725,0.9958182015461547,margin_roc_persistence_score_gt_70pct
2026-04-14,36296.12,414955067.0,0.6801511279277912,0.2531632808076345,0.20833849141047955,2.306785372786509,1.7358837122663429,0.6901768598200329,0.9160931342664351,-3.0,0.013477088948787063,0.013477088948787063,0.09126984126984126,0.5,0.9958182015461547,index_yoy_z_gt_2
2026-04-15,36722.14,416253785.0,0.7743678699645822,0.25118833818685693,0.20084419632358474,2.7774267810225752,1.7047268038993733,0.6258142520525007,0.9164416420477745,-3.0,0.014375561545372867,0.014375561545372867,0.09523809523809523,0.5,0.9958182015461547,index_yoy_z_gt_2
2026-04-16,37132.02,422408757.0,0.7449118122646576,0.2334154015407386,0.20362113365812506,2.628806359259012,1.5215634076526965,0.6356781437538747,0.9185327682292698,-3.0,0.015573525007487272,0.015573525007487272,0.10317460317460317,0.5,0.9958182015461547,index_yoy_z_gt_2
2026-04-17,36804.34,427120349.0,0.7280476960046425,0.20368847767715503,0.20468584333620576,2.5439247590597116,1.226465696578931,0.6387509635937452,0.9206834900537109,-3.0,0.016471997604073075,0.016471997604073075,0.1111111111111111,0.5,0.9958182015461547,index_yoy_z_gt_2
2026-04-20,36958.8,429830661.0,0.9216996362898973,0.2143331448471142,0.20380906469884463,3.0,1.3275419506847144,0.6296953782120821,0.9209279556910599,-3.0,0.016771488469601678,0.016771488469601678,0.11507936507936507,0.5,0.9958182015461547,index_yoy_z_gt_2;raw_index_yoy_gt_80pct
2026-04-21,37605.11,433163894.0,1.037118735424527,0.23861754810107194,0.22922584570934257,3.0,1.561480657978059,0.8108158882218851,0.9191467197722134,-3.0,0.015873015873015872,0.015873015873015872,0.10714285714285714,0.5,0.9958182015461547,index_yoy_z_gt_2;raw_index_yoy_gt_80pct
2026-04-22,37878.47,438545241.0,1.1779549625799808,0.25057017474353693,0.24766540577644536,3.0,1.6721080660686884,0.9375302383974453,0.9178726315442431,-3.0,0.01497454327643007,0.01497454327643007,0.10317460317460317,0.5,0.9958182015461547,index_yoy_z_gt_2;raw_index_yoy_gt_80pct
2026-04-23,37714.15,430827021.0,0.9849521290229544,0.23380744580235935,0.20852484560162932,3.0,1.507417740529251,0.6501714796035702,0.91418013700956,-3.0,0.009284216831386643,0.009284216831386643,0.07142857142857142,0.5,0.9958182015461547,index_yoy_z_gt_2;raw_index_yoy_gt_80pct
2026-04-24,38932.4,440907083.0,0.9935920183401208,0.2678581779789899,0.23976082127770826,3.0,1.8341552535797385,0.8694388342268016,0.9152051530008514,-3.0,0.01078167115902965,0.01078167115902965,0.08333333333333333,0.5,0.9958182015461547,index_yoy_z_gt_2;raw_index_yoy_gt_80pct
2026-04-27,39616.63,452044394.0,1.0302591747385983,0.280360405897786,0.2610987734881898,3.0,1.9502025865584036,1.0179549943923163,0.914304311835112,-3.0,0.009583707696915245,0.009583707696915245,0.07539682539682539,0.525,0.9958182015461547,index_yoy_z_gt_2;raw_index_yoy_gt_80pct
2026-04-28,39521.73,457109757.0,0.9902501149429921,0.2827324250306227,0.2722258256563801,3.0,1.967161676702342,1.095942582026171,0.9153696024179552,-3.0,0.011380652890086853,0.011380652890086853,0.09523809523809523,0.55,0.9958182015461547,index_yoy_z_gt_2;raw_index_yoy_gt_80pct
2026-04-29,39303.5,460963803.0,1.018877131703308,0.25135710806241574,0.2685036008118806,3.0,1.6561193910468768,1.0633338617831698,0.9157249207255999,-3.0,0.012578616352201259,0.012578616352201259,0.10714285714285714,0.575,0.9958182015461547,index_yoy_z_gt_2;raw_index_yoy_gt_80pct
2026-04-30,38926.63,460904578.0,1.0128845068936791,0.23032564890046503,0.24765848581144057,3.0,1.4487275041721812,0.9087476146503799,0.9154517501928433,-3.0,0.011979634621144056,0.011979634621144056,0.10317460317460317,0.575,0.9958182015461547,index_yoy_z_gt_2;raw_index_yoy_gt_80pct
2026-05-04,40705.14,470393584.0,1.0987407598750814,0.28164838842833384,0.2671362350419786,3.0,1.9297020434129808,1.0424457131098712,0.9143149620089671,-3.0,0.010182689427972447,0.010182689427972447,0.08333333333333333,0.6,0.9958182015461547,index_yoy_z_gt_2;raw_index_yoy_gt_80pct
2026-05-05,40769.29,475145292.0,1.1338251457642023,0.3047688419486809,0.2920328978791715,3.0,2.128713309048641,1.2138185751883561,0.9157850727131309,-3.0,0.01287810721772986,0.01287810721772986,0.11904761904761904,0.625,0.9958182015461547,index_qoq_z_gt_2;index_yoy_z_gt_2;raw_index_yoy_gt_80pct
2026-05-06,41138.85,475648471.0,1.189001688355984,0.2958718052748559,0.2795383920682708,3.0,2.028903526203293,1.119568630370495,0.9161330911753256,-3.0,0.013776579814315664,0.013776579814315664,0.12698412698412698,0.65,0.9958182015461547,index_qoq_z_gt_2;index_yoy_z_gt_2;raw_index_yoy_gt_80pct
2026-05-07,41933.78,482664170.0,1.1352146784431496,0.3120087254951347,0.28341855055004195,3.0,2.1749530627191236,1.142612172722744,0.9160347630852019,-3.0,0.013177598083258461,0.013177598083258461,0.12301587301587301,0.675,0.9958182015461547,index_qoq_z_gt_2;index_yoy_z_gt_2;raw_index_yoy_gt_80pct
2026-05-08,41603.94,477184758.0,1.1358563485141033,0.2975070264579043,0.25054755264875084,3.0,2.0211124860244145,0.9048508669838504,0.9126114546051877,-3.0,0.00868523510032944,0.00868523510032944,0.06746031746031746,0.675,0.9958182015461547,index_qoq_z_gt_2;index_yoy_z_gt_2;raw_index_yoy_gt_80pct
2026-05-11,41790.06,484592746.0,1.102884706831925,0.2930925010025398,0.2661543629096501,3.0,1.9654773301733295,1.0129990389216974,0.9112521129474412,-3.0,0.008385744234800839,0.008385744234800839,0.06746031746031746,0.7,0.9958182015461547,index_yoy_z_gt_2;raw_index_yoy_gt_80pct
2026-05-12,41898.32,491194951.0,1.0913178875744283,0.2772390532566025,0.27609463630686126,3.0,1.8084726973497323,1.0792298792404909,0.9096427432176708,-3.0,0.0071877807726864335,0.0071877807726864335,0.05952380952380952,0.725,0.9958182015461547,index_yoy_z_gt_2;margin_roc_persistence_score_gt_70pct;raw_index_yoy_gt_80pct
2026-05-13,41374.5,494418035.0,1.0449392886639055,0.27164238555925424,0.29504042754472515,3.0,1.7504046974350174,1.2073667544782443,0.9080137441468382,-3.0,0.005091344713986224,0.005091344713986224,0.051587301587301584,0.75,0.9958182015461547,index_yoy_z_gt_2;margin_roc_persistence_score_gt_70pct;raw_index_yoy_gt_80pct
2026-05-14,41751.75,499134844.0,1.0633401581317155,0.3021480644029473,0.3001917626830284,3.0,2.0304947111341654,1.2409459156190783,0.9068439040047045,-3.0,0.004492362982929021,0.004492362982929021,0.051587301587301584,0.775,0.9958182015461547,index_qoq_z_gt_2;index_yoy_z_gt_2;margin_roc_persistence_score_gt_70pct;raw_index_yoy_gt_80pct
2026-05-15,41172.36,492797137.0,0.9806173283739761,0.30193273912274954,0.3007768800432402,3.0,2.027980748039425,1.2381843740187657,0.9082116761745989,-3.0,0.0056903264450434265,0.0056903264450434265,0.05952380952380952,0.8,0.9958182015461547,index_qoq_z_gt_2;index_yoy_z_gt_2;margin_roc_persistence_score_gt_70pct;raw_index_yoy_gt_80pct
2026-05-18,40891.82,501619604.0,0.9915180399932011,0.2701153209655056,0.3127100924655588,3.0,1.7303861509412752,1.3137780455828332,0.9087024775780779,-3.0,0.006588799041629231,0.006588799041629231,0.07142857142857142,0.825,0.9958182015461547,index_yoy_z_gt_2;margin_roc_persistence_score_gt_70pct;raw_index_yoy_gt_80pct
2026-05-19,40175.56,496887083.0,0.9576262060490415,0.24421791270992288,0.29382187043147145,3.0,1.4881625758661938,1.1769162190101434,0.9080798215816961,-3.0,0.005390835579514825,0.005390835579514825,0.05952380952380952,0.85,0.9958182015461547,index_yoy_z_gt_2;margin_roc_persistence_score_gt_70pct;raw_index_yoy_gt_80pct
2026-05-20,40020.82,502079185.0,0.9478178511268833,0.25846609270636045,0.3111933017823798,3.0,1.621428617895955,1.2935431153378063,0.9071085628216454,-3.0,0.004791853848457622,0.004791853848457622,0.05555555555555555,0.875,0.9958182015461547,index_yoy_z_gt_2;margin_roc_persistence_score_gt_70pct;raw_index_yoy_gt_80pct
2026-05-21,41368.21,511154475.0,1.0136983167343283,0.30158619786979934,0.36675721794037175,3.0,2.0247394792463402,1.6777766360846238,0.9025725218289093,-3.0,0.002994908655286014,0.002994908655286014,0.03968253968253968,0.9,0.9958182015461547,index_qoq_z_gt_2;index_yoy_z_gt_2;margin_roc_persistence_score_gt_70pct;raw_index_yoy_gt_80pct
2026-05-22,42267.97,522289307.0,1.0209366082971871,0.3043809802429407,0.3910280634937544,3.0,2.0508796308514023,1.8410703700611686,0.9092801549802831,-3.0,0.006888289907157832,0.006888289907157832,0.0873015873015873,0.925,0.9958182015461547,index_qoq_z_gt_2;index_yoy_z_gt_2;margin_roc_persistence_score_gt_70pct;raw_index_yoy_gt_80pct
2026-05-25,43644.4,530476074.0,1.065563187840341,0.3196395727387047,0.42376651383304287,3.0,2.193596260579824,2.0606780561161817,0.9182200039048752,-3.0,0.015274034141958671,0.015274034141958671,0.19047619047619047,0.95,0.9958182015461547,index_qoq_z_gt_2;index_yoy_z_gt_2;margin_roc_persistence_score_gt_70pct;margin_roc_z_gt_2;raw_index_yoy_gt_80pct;raw_margin_roc_gt_40pct
2026-05-26,43525.37,534592623.0,1.040557164650584,0.2951778135322838,0.45251270232550334,3.0,1.9648005946533789,2.2562601674026608,0.9289506200972435,-3.0,0.017969451931716084,0.017969451931716084,0.2222222222222222,0.95,0.9958182015461547,index_yoy_z_gt_2;margin_roc_persistence_score_gt_70pct;margin_roc_z_gt_2;raw_index_yoy_gt_80pct;raw_margin_roc_gt_40pct
2026-05-27,44256.8,536269185.0,1.0317249288087385,0.31040947779397077,0.440979792833454,3.0,2.1072653592891926,2.1740893676306925,0.9372085559384232,-3.0,0.019766397124887692,0.019766397124887692,0.23412698412698413,0.95,0.9958182015461547,index_qoq_z_gt_2;index_yoy_z_gt_2;margin_roc_persistence_score_gt_70pct;margin_roc_z_gt_2;raw_index_yoy_gt_80pct;raw_margin_roc_gt_40pct
2026-05-28,43636.44,535029538.0,1.0080965474396293,0.25750457770162205,0.41731464193674817,3.0,1.6124353781231733,2.000148981792157,0.9420265865734871,-3.0,0.0218628331835879,0.0218628331835879,0.24603174603174602,0.95,0.9958182015461547,index_yoy_z_gt_2;margin_roc_persistence_score_gt_70pct;margin_roc_z_gt_2;raw_index_yoy_gt_80pct;raw_margin_roc_gt_40pct
2026-05-29,44732.94,556359646.0,1.0478655392014815,0.263175996884766,0.4521545820945665,3.0,1.6654812820504277,2.2293597468056747,0.9485963456305385,-3.0,0.024857741838873914,0.024857741838873914,0.25396825396825395,0.975,0.9958182015461547,index_yoy_z_gt_2;margin_roc_persistence_score_gt_70pct;margin_roc_z_gt_2;raw_index_yoy_gt_80pct;raw_margin_roc_gt_40pct
2026-06-01,45337.91,565779103.0,1.106405319127683,0.2802079036010403,0.45123225763279917,3.0,1.8247840699760076,2.2143085507023934,0.9535838128941325,-2.898380900817719,0.03234501347708895,0.03234501347708895,0.2698412698412698,0.975,0.9958182015461547,index_yoy_z_gt_2;margin_roc_persistence_score_gt_70pct;margin_roc_z_gt_2;raw_index_yoy_gt_80pct;raw_margin_roc_gt_40pct
2026-06-02,45557.31,566970793.0,1.1163823519710787,0.29811064738685666,0.44774654481191245,3.0,1.9922319690343553,2.1828540674055454,0.9575454111841762,-2.5453872484328124,0.042228212039532795,0.042228212039532795,0.28174603174603174,0.975,0.9958182015461547,index_yoy_z_gt_2;margin_roc_persistence_score_gt_70pct;margin_roc_z_gt_2;raw_index_yoy_gt_80pct;raw_margin_roc_gt_40pct
2026-06-03,46459.16,568395323.0,1.1307719578736108,0.3535611742923612,0.4788168257624583,3.0,2.509364547170327,2.3923361263790004,0.9612724452809952,-2.20714166778639,0.05001497454327643,0.05001497454327643,0.29365079365079366,0.975,0.9958182015461547,index_qoq_z_gt_2;index_yoy_z_gt_2;margin_roc_persistence_score_gt_70pct;margin_roc_z_gt_2;raw_index_yoy_gt_80pct;raw_margin_roc_gt_40pct
2026-06-04,45677.46,572635940.0,1.1077727982516694,0.39138039433571903,0.5204753972729492,3.0,2.8545869305572418,2.6658053828754045,0.9648028914602563,-1.8850144955281563,0.06229410002994909,0.06229410002994909,0.3055555555555556,0.975,0.9958182015461547,index_qoq_z_gt_2;index_yoy_z_gt_2;margin_roc_persistence_score_gt_70pct;margin_roc_z_gt_2;raw_index_yoy_gt_80pct;raw_margin_roc_gt_40pct
2026-06-05,45070.94,566649267.0,1.0815832449668026,0.3384913821008797,0.4944598956269335,3.0,2.3502524767817086,2.4762401698290084,0.9672951095733897,-1.6610638783899863,0.07097933513027853,0.07097933513027853,0.3134920634920635,1.0,0.9958182015461547,index_qoq_z_gt_2;index_yoy_z_gt_2;margin_roc_persistence_score_gt_70pct;margin_roc_z_gt_2;raw_index_yoy_gt_80pct;raw_margin_roc_gt_40pct
2026-06-08,43502.78,551012201.0,1.0199493234066521,0.29474332089070265,0.4398636204966242,3.0,1.9386028748084718,2.0962532928895277,0.9665617947481194,-1.7182372513778372,0.0673854447439353,0.0673854447439353,0.30952380952380953,1.0,0.9958182015461547,index_yoy_z_gt_2;margin_roc_persistence_score_gt_70pct;margin_roc_z_gt_2;raw_index_yoy_gt_80pct;raw_margin_roc_gt_40pct
