date,index_open,index_high,index_low,index_close,margin_balance_thousand_ntd,margin_previous_balance_thousand_ntd,index_yoy,index_qoq,margin_roc,margin_roc_autocorr,autocorr_high_threshold,is_autocorr_high,signal
2012-01-02,7071.35,7073.48,6948.67,6952.21,195163168.0,195819079.0,,,,,0.9952152782693976,False,NORMAL
2012-01-03,7005.39,7073.79,7005.39,7053.38,193922485.0,195163167.0,,,,,0.9952152782693976,False,NORMAL
2012-01-04,7093.07,7116.22,7064.58,7082.97,192726370.0,193922146.0,,,,,0.9952152782693976,False,NORMAL
2012-01-05,7099.35,7130.86,7073.32,7130.86,192080907.0,192726383.0,,,,,0.9952152782693976,False,NORMAL
2012-01-06,7129.53,7139.04,7090.47,7120.51,191644413.0,192080549.0,,,,,0.9952152782693976,False,NORMAL
2012-01-09,7103.09,7103.09,7050.25,7093.04,190919224.0,191644379.0,,,,,0.9952152782693976,False,NORMAL
2012-01-10,7128.86,7181.74,7128.86,7178.87,189821251.0,190919452.0,,,,,0.9952152782693976,False,NORMAL
2012-01-11,7203.1,7212.36,7184.38,7188.21,188120166.0,189821056.0,,,,,0.9952152782693976,False,NORMAL
2012-01-12,7202.38,7209.74,7173.87,7186.58,185605449.0,188119330.0,,,,,0.9952152782693976,False,NORMAL
2012-01-13,7226.24,7249.94,7169.92,7181.54,181010452.0,185606349.0,,,,,0.9952152782693976,False,NORMAL
2012-01-16,7241.92,7258.84,7091.35,7103.62,181334240.0,181009712.0,,,,,0.9952152782693976,False,NORMAL
2012-01-17,7144.2,7221.08,7118.36,7221.08,180180968.0,181333828.0,,,,,0.9952152782693976,False,NORMAL
2012-01-18,7235.54,7245.13,7194.55,7233.69,175799151.0,180181045.0,,,,,0.9952152782693976,False,NORMAL
2012-01-30,7382.72,7443.03,7382.72,7407.41,175873844.0,175421549.0,,,,,0.9952152782693976,False,NORMAL
2012-01-31,7436.52,7517.08,7421.01,7517.08,178833064.0,175871856.0,,,,,0.9952152782693976,False,NORMAL
2012-02-01,7520.36,7566.08,7488.97,7549.21,181612975.0,178873551.0,,,,,0.9952152782693976,False,NORMAL
2012-02-02,7613.79,7652.46,7578.76,7652.46,183669997.0,181613299.0,,,,,0.9952152782693976,False,NORMAL
2012-02-03,7658.68,7674.99,7608.41,7674.99,186824849.0,183670206.0,,,,,0.9952152782693976,False,NORMAL
2012-02-04,7731.55,7787.89,7727.29,7741.24,190184831.0,186825905.0,,,,,0.9952152782693976,False,NORMAL
2012-02-06,7752.28,7752.28,7677.56,7687.98,190919260.0,190184828.0,,,,,0.9952152782693976,False,NORMAL
2012-02-07,7680.36,7751.76,7673.91,7707.44,191892928.0,190919248.0,,,,,0.9952152782693976,False,NORMAL
2012-02-08,7766.38,7869.91,7766.38,7869.91,194324605.0,191893366.0,,,,,0.9952152782693976,False,NORMAL
2012-02-09,7863.36,7910.78,7840.38,7910.78,196372872.0,194324605.0,,,,,0.9952152782693976,False,NORMAL
2012-02-10,7922.61,7941.63,7848.78,7862.27,198961842.0,196372581.0,,,,,0.9952152782693976,False,NORMAL
2012-02-13,7849.21,7917.96,7837.58,7912.91,202987018.0,198965981.0,,,,,0.9952152782693976,False,NORMAL
2012-02-14,7937.28,7937.28,7829.76,7884.08,202814057.0,202987018.0,,,,,0.9952152782693976,False,NORMAL
2012-02-15,7919.41,8011.87,7902.08,8005.24,205027280.0,202813999.0,,,,,0.9952152782693976,False,NORMAL
2012-02-16,7983.75,8010.5,7851.62,7869.7,203604634.0,205026440.0,,,,,0.9952152782693976,False,NORMAL
2012-02-17,7956.91,8013.46,7862.11,7894.36,204424545.0,203603232.0,,,,,0.9952152782693976,False,NORMAL
2012-02-20,7959.99,7985.5,7913.65,7954.82,206107911.0,204424545.0,,,,,0.9952152782693976,False,NORMAL
2012-02-21,7953.06,7973.47,7870.26,7921.5,207162607.0,206107911.0,,,,,0.9952152782693976,False,NORMAL
2012-02-22,7908.38,8018.54,7897.65,8001.68,208817609.0,207162595.0,,,,,0.9952152782693976,False,NORMAL
2012-02-23,7981.92,7991.92,7935.42,7937.3,209477682.0,208806440.0,,,,,0.9952152782693976,False,NORMAL
2012-02-24,7971.62,7974.58,7899.62,7959.34,208655208.0,209478024.0,,,,,0.9952152782693976,False,NORMAL
2012-02-29,8046.14,8121.44,8046.14,8121.44,208132560.0,208655285.0,,,,,0.9952152782693976,False,NORMAL
2012-03-01,8127.57,8151.7,8103.75,8118.34,209193793.0,208143073.0,,,,,0.9952152782693976,False,NORMAL
2012-03-02,8161.87,8170.72,8114.14,8144.04,211399904.0,209193772.0,,,,,0.9952152782693976,False,NORMAL
2012-03-03,8119.94,8134.94,8087.2,8114.44,212602665.0,211398151.0,,,,,0.9952152782693976,False,NORMAL
2012-03-05,8105.27,8115.49,7998.96,8004.74,212983220.0,212603340.0,,,,,0.9952152782693976,False,NORMAL
2012-03-06,8006.85,8028.02,7860.87,7937.97,212484996.0,212983220.0,,,,,0.9952152782693976,False,NORMAL
2012-03-07,7846.49,7937.11,7824.45,7903.08,212823124.0,212484986.0,,,,,0.9952152782693976,False,NORMAL
2012-03-08,7952.94,8000.93,7905.5,7984.56,213248889.0,212823119.0,,,,,0.9952152782693976,False,NORMAL
2012-03-09,8012.59,8027.08,7965.68,8016.01,213979259.0,213248225.0,,,,,0.9952152782693976,False,NORMAL
2012-03-12,8028.87,8028.87,7927.55,7927.55,213652026.0,213979150.0,,,,,0.9952152782693976,False,NORMAL
2012-03-13,7990.6,8045.61,7974.38,8031.51,213478562.0,213651225.0,,,,,0.9952152782693976,False,NORMAL
2012-03-14,8132.96,8170.31,8113.76,8125.26,212422152.0,213478094.0,,,,,0.9952152782693976,False,NORMAL
2012-03-15,8141.93,8142.98,8088.1,8121.62,213539524.0,212451959.0,,,,,0.9952152782693976,False,NORMAL
2012-03-16,8130.28,8130.52,8054.94,8054.94,213914306.0,213509658.0,,,,,0.9952152782693976,False,NORMAL
2012-03-19,8113.46,8123.15,7997.05,8043.92,214379876.0,213912510.0,,,,,0.9952152782693976,False,NORMAL
2012-03-20,8062.91,8062.91,7965.96,7972.7,214288882.0,214379778.0,,,,,0.9952152782693976,False,NORMAL
2012-03-21,7993.46,8013.67,7940.19,7981.94,214157720.0,214288497.0,,,,,0.9952152782693976,False,NORMAL
2012-03-22,7997.66,8075.97,7995.57,8059.94,214091341.0,214157661.0,,,,,0.9952152782693976,False,NORMAL
2012-03-23,8067.93,8076.61,8030.88,8076.61,214431458.0,214091309.0,,,,,0.9952152782693976,False,NORMAL
2012-03-26,8073.93,8073.93,7958.72,7967.62,215482768.0,214431338.0,,,,,0.9952152782693976,False,NORMAL
2012-03-27,8033.22,8033.22,7978.74,8029.46,213631212.0,215482518.0,,,,,0.9952152782693976,False,NORMAL
2012-03-28,8074.64,8085.43,8013.8,8038.07,213569684.0,213631212.0,,,,,0.9952152782693976,False,NORMAL
2012-03-29,7997.87,7997.87,7808.55,7872.66,207941606.0,213569684.0,,,,,0.9952152782693976,False,NORMAL
2012-03-30,7832.22,7933.0,7775.75,7933.0,207443414.0,207939826.0,,,,,0.9952152782693976,False,NORMAL
2012-04-02,7905.88,7928.43,7859.56,7862.9,207058436.0,207441653.0,,,,,0.9952152782693976,False,NORMAL
2012-04-03,7896.72,7907.62,7723.39,7760.85,202439925.0,207065164.0,,,,,0.9952152782693976,False,NORMAL
2012-04-05,7603.31,7667.04,7528.03,7639.82,200268896.0,202439890.0,,,,,0.9952152782693976,False,NORMAL
2012-04-06,7667.9,7713.24,7638.05,7706.26,200224055.0,200267913.0,,,,,0.9952152782693976,False,NORMAL
2012-04-09,7587.68,7650.89,7529.39,7600.87,198221212.0,200220909.0,,,,,0.9952152782693976,False,NORMAL
2012-04-10,7659.03,7692.94,7605.67,7640.68,197063562.0,198220943.0,,0.09902894187603661,0.00973746234740358,,0.9952152782693976,False,NORMAL
2012-04-11,7592.94,7666.07,7573.05,7656.67,196737454.0,197063236.0,,0.08553204279366766,0.014515949504256831,,0.9952152782693976,False,NORMAL
2012-04-12,7669.46,7673.84,7599.0,7662.92,197912067.0,196737421.0,,0.08187949405404793,0.026907044427807225,,0.9952152782693976,False,NORMAL
2012-04-13,7734.55,7788.27,7733.18,7788.27,198017092.0,197912053.0,,0.09219224609654386,0.030904607296549313,,0.9952152782693976,False,NORMAL
2012-04-16,7747.36,7749.49,7714.14,7729.86,197779641.0,198017044.0,,0.085576735374292,0.0320136021914712,,0.9952152782693976,False,NORMAL
2012-04-17,7736.7,7752.1,7585.87,7585.87,195963360.0,197779641.0,,0.06948078679945402,0.026420262424699636,,0.9952152782693976,False,NORMAL
2012-04-18,7676.48,7683.95,7590.98,7605.0,195571141.0,195963322.0,,0.05935892417608901,0.030291076313684107,,0.9952152782693976,False,NORMAL
2012-04-19,7602.28,7632.73,7528.04,7622.69,195283331.0,195571098.0,,0.06044342054558771,0.038077603014660344,,0.9952152782693976,False,NORMAL
2012-04-20,7601.57,7605.22,7507.15,7507.15,193857466.0,195282577.0,,0.04460675314266305,0.044459993197721204,,0.9952152782693976,False,NORMAL
2012-04-23,7488.82,7521.42,7430.93,7481.09,192062968.0,193856632.0,,0.04171110931638622,0.061060098341724434,,0.9952152782693976,False,NORMAL
2012-04-24,7457.02,7533.55,7444.79,7498.84,191338059.0,192062431.0,,0.05563642199329366,0.055167843646075854,,0.9952152782693976,False,NORMAL
2012-04-25,7552.78,7569.25,7525.69,7563.18,191205404.0,191329169.0,,0.04737518487539272,0.061185352273165794,,0.9952152782693976,False,NORMAL
2012-04-26,7596.53,7600.45,7509.88,7521.35,191223157.0,191150085.0,,0.039766702747837,0.08773652154895784,,0.9952152782693976,False,NORMAL
2012-04-27,7569.29,7598.45,7459.75,7480.5,189817555.0,191247165.0,,0.009867146546498784,0.07928245998876338,,0.9952152782693976,False,NORMAL
2012-04-30,7439.22,7501.72,7422.14,7501.72,188638267.0,189809956.0,,-0.0020433466186338123,0.054828803917378544,,0.9952152782693976,False,NORMAL
2012-05-02,7511.76,7679.07,7511.76,7676.81,190876764.0,188637878.0,,0.016902430850380457,0.05100840950378127,,0.9952152782693976,False,NORMAL
2012-05-03,7671.06,7681.23,7643.09,7659.53,191032844.0,190876738.0,,0.0009238859138107625,0.0400873693050694,,0.9952152782693976,False,NORMAL
2012-05-04,7619.73,7704.87,7614.99,7700.95,191134501.0,191032897.0,,0.0033824148305079405,0.023067873588914267,,0.9952152782693976,False,NORMAL
2012-05-07,7608.35,7608.35,7515.69,7538.08,192755815.0,191134489.0,,-0.026243857573205354,0.013518344162789742,,0.9952152782693976,False,NORMAL
2012-05-08,7572.16,7572.31,7522.29,7545.71,192982586.0,192755574.0,,-0.0185055112006014,0.010807322425196997,,0.9952152782693976,False,NORMAL
2012-05-09,7485.33,7513.71,7448.9,7475.71,193353844.0,192952682.0,,-0.03006575464745742,0.007613183118452493,,0.9952152782693976,False,NORMAL
2012-05-10,7479.14,7523.37,7470.81,7484.01,192721447.0,193382615.0,,-0.04903486825135228,-0.008249897124453232,,0.9952152782693976,False,NORMAL
2012-05-11,7472.56,7473.55,7382.95,7401.37,191553978.0,192721336.0,,-0.06439440864238422,-0.024539509713948693,,0.9952152782693976,False,NORMAL
2012-05-14,7389.89,7412.59,7346.86,7377.18,190854645.0,191553670.0,,-0.061698466219043624,-0.040747496698387065,,0.9952152782693976,False,NORMAL
2012-05-15,7328.74,7396.42,7291.44,7395.64,191250261.0,190854278.0,,-0.06537038839061726,-0.057820234592539266,,0.9952152782693976,False,NORMAL
2012-05-16,7376.71,7399.83,7234.57,7234.57,190597321.0,191249745.0,,-0.0823824720195635,-0.060236140338142286,,0.9952152782693976,False,NORMAL
2012-05-17,7304.4,7356.77,7274.32,7356.77,191179832.0,190596594.0,,-0.08100569127221657,-0.06753953912864663,,0.9952152782693976,False,NORMAL
2012-05-18,7252.24,7253.1,7149.36,7151.19,189296797.0,191179784.0,,-0.09130081197504358,-0.07027264909893949,,0.9952152782693976,False,NORMAL
2012-05-21,7164.9,7220.1,7164.9,7192.23,188817170.0,189296044.0,,-0.08894071210332444,-0.07634785245578024,,0.9952152782693976,False,NORMAL
2012-05-22,7257.96,7274.89,7232.52,7274.89,188848902.0,188816826.0,,-0.08547396421289222,-0.08373773193014411,,0.9952152782693976,False,NORMAL
2012-05-23,7213.6,7213.6,7130.52,7147.75,188403197.0,188849273.0,,-0.09767720759957077,-0.09055403516909788,,0.9952152782693976,False,NORMAL
2012-05-24,7155.74,7190.55,7090.47,7124.89,187892362.0,188403094.0,,-0.10957573909479013,-0.10020824919990345,,0.9952152782693976,False,NORMAL
2012-05-25,7116.33,7139.76,7066.39,7071.63,187369512.0,187891665.0,,-0.10906353545916114,-0.10553950086195818,,0.9952152782693976,False,NORMAL
2012-05-28,7067.55,7136.0,7047.32,7136.0,187353323.0,187368962.0,,-0.1034432503197501,-0.10209131707845986,,0.9952152782693976,False,NORMAL
2012-05-29,7179.58,7349.85,7178.67,7342.29,188057152.0,187353132.0,,-0.09593741996493232,-0.09645491315726862,,0.9952152782693976,False,NORMAL
2012-05-30,7331.64,7331.64,7222.88,7261.8,189039915.0,188057078.0,,-0.10550679079713343,-0.09634070739374179,,0.9952152782693976,False,NORMAL
2012-05-31,7184.91,7301.5,7132.8,7301.5,190345489.0,189039857.0,,-0.10345479639098043,-0.09959519659952165,,0.9952152782693976,False,NORMAL
2012-06-01,7213.69,7218.75,7106.09,7106.09,189941037.0,190345480.0,,-0.12426612310892671,-0.10659145782579915,,0.9952152782693976,False,NORMAL
2012-06-04,6907.13,6937.33,6857.35,6894.66,185506888.0,189941005.0,,-0.1386778333837202,-0.12900702693855415,,0.9952152782693976,False,NORMAL
2012-06-05,6988.52,7037.57,6967.31,7000.45,185769908.0,185503912.0,,-0.11810576255642191,-0.12572693838580484,,0.9952152782693976,False,NORMAL
2012-06-06,7037.92,7076.28,7004.4,7056.15,185674943.0,185769432.0,,-0.10716454850513979,-0.12756217693712646,,0.9952152782693976,False,NORMAL
2012-06-07,7133.78,7139.16,7052.36,7080.31,184867472.0,185673396.0,,-0.11324982215676249,-0.13309057380364597,,0.9952152782693976,False,NORMAL
2012-06-08,7033.51,7063.08,6979.82,6999.65,184991591.0,184867251.0,,-0.12679125899294041,-0.13546952230543052,,0.9952152782693976,False,NORMAL
2012-06-11,7081.72,7137.98,7081.72,7120.23,185036395.0,184989110.0,,-0.10183726371956037,-0.13393568755580165,,0.9952152782693976,False,NORMAL
2012-06-12,7036.44,7076.37,7026.27,7072.08,185140320.0,185036215.0,,-0.11945823388130006,-0.13274514187518272,,0.9952152782693976,False,NORMAL
2012-06-13,7103.2,7109.34,7059.85,7088.83,184803918.0,185139850.0,,-0.12755653357554098,-0.13001579044355038,,0.9952152782693976,False,NORMAL
2012-06-14,7096.86,7114.07,7070.36,7075.1,184666669.0,184803756.0,,-0.12885606566177676,-0.1352108240158857,,0.9952152782693976,False,NORMAL
2012-06-15,7094.0,7166.08,7085.92,7155.83,183587704.0,184666511.0,,-0.11162218464693707,-0.1417698636761583,,0.9952152782693976,False,NORMAL
2012-06-18,7263.81,7302.82,7262.8,7281.5,182816586.0,183587436.0,,-0.09478214601835921,-0.14723065704170857,,0.9952152782693976,False,NORMAL
2012-06-19,7286.54,7288.98,7239.42,7273.13,182432531.0,182816263.0,,-0.08774568214030376,-0.14866077373066888,,0.9952152782693976,False,NORMAL
2012-06-20,7309.23,7334.63,7281.74,7334.63,182604501.0,182432480.0,,-0.08109682608488655,-0.14733636032359698,,0.9952152782693976,False,NORMAL
2012-06-21,7301.79,7311.39,7259.11,7279.05,183004134.0,182604501.0,,-0.09688533661540899,-0.1452053448532512,,0.9952152782693976,False,NORMAL
2012-06-22,7210.8,7229.73,7185.31,7222.05,184145350.0,183004077.0,,-0.10580676793852861,-0.14123910867592948,,0.9952152782693976,False,NORMAL
2012-06-25,7222.61,7222.61,7157.9,7166.38,184479720.0,184145392.0,,-0.10056202479535914,-0.14387715680355473,,0.9952152782693976,False,NORMAL
2012-06-26,7145.22,7156.99,7117.17,7137.93,185008916.0,184479851.0,,-0.11103237328537652,-0.13397993547871645,,0.9952152782693976,False,NORMAL
2012-06-27,7137.99,7199.32,7127.98,7183.01,184565715.0,185008863.0,,-0.10637628186865744,-0.13580564646057158,,0.9952152782693976,False,NORMAL
2012-06-28,7230.47,7236.71,7165.34,7169.61,185213598.0,184565179.0,,-0.08930272614338741,-0.1092999541419335,,0.9952152782693976,False,NORMAL
2012-06-29,7183.45,7296.28,7177.59,7296.28,184575447.0,185213508.0,,-0.0802621958905837,-0.11023713194384666,,0.9952152782693976,False,NORMAL
2012-07-02,7332.09,7359.99,7318.22,7345.16,184332546.0,184575330.0,,-0.06584593470602451,-0.10975592416818991,,0.9952152782693976,False,NORMAL
2012-07-03,7363.37,7431.7,7357.67,7418.36,183748478.0,184332247.0,,-0.04413047539895765,-0.09233083345590054,,0.9952152782693976,False,NORMAL
2012-07-04,7414.56,7442.55,7397.8,7422.59,183677252.0,183747671.0,,-0.028433915982313707,-0.08284683408850468,,0.9952152782693976,False,NORMAL
2012-07-05,7412.55,7426.62,7376.45,7387.78,185003102.0,183677252.0,,-0.041327440288804196,-0.07601960214021242,,0.9952152782693976,False,NORMAL
2012-07-06,7392.78,7406.62,7328.03,7368.59,185211788.0,185002482.0,,-0.03055965961791207,-0.06563083672397285,,0.9952152782693976,False,NORMAL
2012-07-09,7301.72,7333.28,7293.11,7309.96,185809381.0,185211790.0,,-0.0432841056031662,-0.05710939600289977,,0.9952152782693976,False,NORMAL
2012-07-10,7305.76,7328.75,7228.88,7251.35,185586752.0,185808730.0,,-0.052936851137635466,-0.05667808428587273,,0.9952152782693976,False,NORMAL
2012-07-11,7207.08,7261.59,7202.38,7257.91,186049905.0,185584796.0,,-0.05285322044338192,-0.05993652726591958,,0.9952152782693976,False,NORMAL
2012-07-12,7240.88,7242.78,7130.93,7130.93,186578639.0,186049886.0,,-0.08440128552297244,-0.05776497818683246,,0.9952152782693976,False,NORMAL
2012-07-13,7113.14,7153.85,7103.71,7104.27,185612832.0,186577983.0,,-0.080931608075696,-0.06151699405703748,,0.9952152782693976,False,NORMAL
2012-07-16,7135.94,7147.38,7085.38,7090.04,184780062.0,185611976.0,,-0.06536231177175456,-0.05706831113734734,,0.9952152782693976,False,NORMAL
2012-07-17,7056.8,7133.05,7051.76,7127.0,184422383.0,184778295.0,,-0.06285338593030898,-0.05700615102511464,,0.9952152782693976,False,NORMAL
2012-07-18,7132.65,7132.65,7046.09,7049.05,184616686.0,184420503.0,,-0.07525427375375349,-0.05462137984526694,,0.9952152782693976,False,NORMAL
2012-07-19,7109.33,7163.75,7098.18,7148.57,183995862.0,184615159.0,,-0.04776513057551801,-0.0508703853582817,,0.9952152782693976,False,NORMAL
2012-07-20,7136.48,7164.68,7130.71,7164.68,183639084.0,183995820.0,,-0.04229463888283658,-0.04386001157703656,,0.9952152782693976,False,NORMAL
2012-07-23,7105.99,7105.99,6996.18,7028.73,183491624.0,183638320.0,,-0.06269102954590322,-0.04100822931416903,,0.9952152782693976,False,NORMAL
2012-07-24,7004.44,7015.76,6968.78,7008.35,182946060.0,183490115.0,,-0.07335935413410755,-0.04319618497811917,,0.9952152782693976,False,NORMAL
2012-07-25,6932.12,7036.95,6922.73,6979.13,182985889.0,182870715.0,,-0.07209078157511617,-0.04307672841108878,,0.9952152782693976,False,NORMAL
2012-07-26,7012.94,7023.98,6963.57,6970.69,183151424.0,182983319.0,,-0.06815186150658381,-0.03511862219487549,,0.9952152782693976,False,NORMAL
2012-07-27,7060.43,7124.49,7045.31,7124.49,182505106.0,183149928.0,,-0.050285801122942564,-0.032512814592385975,,0.9952152782693976,False,NORMAL
2012-07-30,7159.21,7184.31,7146.07,7158.88,182536396.0,182505081.0,,-0.06746682541315996,-0.04369504084845022,,0.9952152782693976,False,NORMAL
2012-07-31,7140.53,7270.49,7140.53,7270.49,181985523.0,182536311.0,,-0.0507916282069526,-0.04736002883357582,,0.9952152782693976,False,NORMAL
2012-08-01,7242.58,7273.62,7223.17,7267.96,182763721.0,181985306.0,,-0.05622553061635249,-0.04379523297052479,,0.9952152782693976,False,NORMAL
2012-08-03,7220.51,7235.63,7186.78,7217.51,182948020.0,182763264.0,,-0.04252674421072733,-0.05088196690719815,,0.9952152782693976,False,NORMAL
2012-08-06,7311.74,7340.56,7276.6,7286.33,181634251.0,182991079.0,,-0.03437449888744737,-0.05880496906596533,,0.9952152782693976,False,NORMAL
2012-08-07,7289.89,7300.99,7265.96,7295.46,180253636.0,181630512.0,,-0.024111422192674703,-0.0677525087114379,,0.9952152782693976,False,NORMAL
2012-08-08,7331.59,7357.42,7302.9,7319.8,179104954.0,180234403.0,,-0.021941445829174455,-0.07065375033220878,,0.9952152782693976,False,NORMAL
2012-08-09,7341.87,7435.0,7341.87,7433.7,177599147.0,179104410.0,,0.004368110228241573,-0.07285064578507472,,0.9952152782693976,False,NORMAL
2012-08-10,7443.36,7458.23,7409.43,7441.12,178010748.0,177599029.0,,0.00866726852266031,-0.06729674826620013,,0.9952152782693976,False,NORMAL
2012-08-13,7495.81,7495.81,7423.84,7436.3,178183345.0,178011008.0,,0.005497833858868262,-0.0683236505491619,,0.9952152782693976,False,NORMAL
2012-08-14,7447.03,7520.65,7447.03,7479.25,178300408.0,178183138.0,,0.03382094581986217,-0.0645177641295388,,0.9952152782693976,False,NORMAL
2012-08-15,7489.81,7489.81,7442.72,7467.74,178517070.0,178336747.0,,0.015084065425451598,-0.06623482125457669,,0.9952152782693976,False,NORMAL
2012-08-16,7475.68,7515.02,7456.4,7490.21,178767580.0,178521286.0,,0.047407494417013085,-0.05562279535030912,,0.9952152782693976,False,NORMAL
2012-08-17,7502.85,7516.71,7467.92,7467.92,178892719.0,178767550.0,,0.03833164401027234,-0.05256116803360622,,0.9952152782693976,False,NORMAL
2012-08-20,7482.05,7485.16,7422.44,7431.91,178859798.0,178904091.0,,0.021583831508105167,-0.052894689321519084,,0.9952152782693976,False,NORMAL
2012-08-21,7459.5,7536.32,7459.5,7506.81,178876598.0,178859828.0,,0.05023398971704385,-0.050564954054362454,,0.9952152782693976,False,NORMAL
2012-08-22,7495.87,7501.26,7461.07,7496.58,179594372.0,178876604.0,,0.05216782294182787,-0.04416353018117891,,0.9952152782693976,False,NORMAL
2012-08-23,7486.58,7519.03,7475.09,7505.17,179990167.0,179594183.0,,0.06130694054977415,-0.039383915351180465,,0.9952152782693976,False,NORMAL
2012-08-24,7479.57,7494.36,7454.85,7477.53,180756105.0,179990057.0,,0.047860145739910376,-0.035212708770583134,,0.9952152782693976,False,NORMAL
2012-08-27,7504.45,7523.54,7457.75,7468.22,181286241.0,180755858.0,,0.017151324722940675,-0.036004538662799734,,0.9952152782693976,False,NORMAL
2012-08-28,7440.56,7445.08,7359.83,7361.94,181147288.0,181286181.0,,0.013789969429067073,-0.04175111377933072,,0.9952152782693976,False,NORMAL
2012-08-29,7379.48,7405.3,7368.4,7391.15,181745680.0,181147196.0,,0.012278298979661706,-0.045179998985949155,,0.9952152782693976,False,NORMAL
2012-08-30,7372.06,7404.94,7360.1,7371.44,182934483.0,181745861.0,,0.03734121014510072,-0.03688804752603303,,0.9952152782693976,False,NORMAL
2012-08-31,7363.25,7406.52,7363.25,7397.06,182926954.0,182934143.0,,0.07286798768902325,-0.013907483586269809,,0.9952152782693976,False,NORMAL
2012-09-03,7430.4,7462.15,7389.68,7450.53,183360364.0,182926605.0,,0.06429300973508845,-0.012970582942852027,,0.9952152782693976,False,NORMAL
2012-09-04,7471.31,7479.01,7440.03,7451.35,183933183.0,183360373.0,,0.05600787965108456,-0.009380694949237212,,0.9952152782693976,False,NORMAL
2012-09-05,7429.93,7429.93,7364.68,7367.44,185541255.0,183932905.0,,0.040553309106521995,0.003644681201677269,,0.9952152782693976,False,NORMAL
2012-09-06,7383.04,7390.76,7313.56,7326.72,185770436.0,185541019.0,,0.04672662204538813,0.004210164342010492,,0.9952152782693976,False,NORMAL
2012-09-07,7434.43,7446.1,7409.88,7424.91,185971424.0,185770424.0,,0.04279075254591502,0.005053216692856521,,0.9952152782693976,False,NORMAL
2012-09-10,7435.34,7482.74,7435.34,7482.74,186684823.0,185971368.0,,0.058067782038664806,0.008342337314745985,,0.9952152782693976,False,NORMAL
2012-09-11,7497.23,7509.16,7468.18,7485.13,186886355.0,186684802.0,,0.05590485312809035,0.011268359580991039,,0.9952152782693976,False,NORMAL
2012-09-12,7518.68,7571.42,7515.04,7570.45,187633647.0,186886238.0,,0.07001314469053432,0.01606666766702758,,0.9952152782693976,False,NORMAL
2012-09-13,7577.16,7594.76,7557.28,7578.8,187452463.0,187633601.0,,0.05910844723812625,0.021051295461486985,,0.9952152782693976,False,NORMAL
2012-09-14,7660.38,7738.05,7660.38,7738.05,187155041.0,187452447.0,,0.062699993133283,0.023731189247785167,,0.9952152782693976,False,NORMAL
2012-09-17,7768.45,7778.06,7725.9,7762.22,188053265.0,187155019.0,,0.06724615124437494,0.030809932686840735,,0.9952152782693976,False,NORMAL
2012-09-18,7740.57,7757.04,7714.43,7734.26,189546956.0,188053419.0,,0.05448536599664888,0.03801907927778836,,0.9952152782693976,False,NORMAL
2012-09-19,7739.52,7781.91,7726.35,7781.91,190601518.0,189546894.0,,0.06908319080099723,0.041514821736212904,,0.9952152782693976,False,NORMAL
2012-09-20,7781.81,7785.47,7704.61,7727.55,191414827.0,190603377.0,,0.06999397677944619,0.03947684261372886,,0.9952152782693976,False,NORMAL
2012-09-21,7763.29,7765.01,7737.03,7754.59,191901333.0,191415266.0,,0.08207909711737305,0.04022996674105972,,0.9952152782693976,False,NORMAL
2012-09-24,7760.33,7781.55,7706.95,7768.3,192941800.0,191900691.0,,0.08831271811295438,0.04287838754754936,,0.9952152782693976,False,NORMAL
2012-09-25,7766.44,7789.39,7720.44,7734.13,192915664.0,192941817.0,,0.0767254953007166,0.0452410622417061,,0.9952152782693976,False,NORMAL
2012-09-26,7702.77,7708.9,7649.5,7669.63,193570361.0,192915584.0,,0.06974158984937828,0.045119597536245726,,0.9952152782693976,False,NORMAL
2012-09-27,7665.89,7699.23,7658.51,7683.8,193842088.0,193570269.0,,0.053111996798368644,0.05020516623752247,,0.9952152782693976,False,NORMAL
2012-09-28,7704.23,7721.29,7665.35,7715.16,193162032.0,193842088.0,,0.05037330704845089,0.047899766978751535,,0.9952152782693976,False,NORMAL
2012-10-01,7702.12,7707.89,7657.88,7675.72,193398899.0,193161860.0,,0.034692303959365844,0.052519732979774636,,0.9952152782693976,False,NORMAL
2012-10-02,7703.1,7726.61,7683.03,7718.68,193421597.0,193402506.0,,0.039890388664873155,0.053051452446599034,,0.9952152782693976,False,NORMAL
2012-10-03,7727.48,7727.53,7680.98,7684.63,193338603.0,193421597.0,,0.04018121817379505,0.04505600668252585,,0.9952152782693976,False,NORMAL
2012-10-04,7678.48,7689.08,7621.38,7682.34,193919410.0,193338569.0,,0.042579380858481786,0.04701440493625597,0.9917391323194248,0.9952152782693976,False,NORMAL
2012-10-05,7694.05,7721.93,7675.48,7690.65,194032741.0,193919328.0,,0.05207826034615781,0.04425696892020747,0.9918213603429711,0.9952152782693976,False,NORMAL
2012-10-08,7707.97,7707.97,7612.87,7615.89,193604402.0,194028560.0,,0.05027201831383121,0.04320162896110169,0.9920157661439186,0.9952152782693976,False,NORMAL
2012-10-09,7593.58,7631.96,7590.75,7592.01,192543023.0,193604106.0,,0.04603253553708986,0.03489987269813444,0.9919821612181776,0.9952152782693976,False,NORMAL
2012-10-11,7494.58,7501.22,7448.06,7451.72,191838585.0,192542888.0,,0.04498571715049793,0.028191576635951288,0.991939012144796,0.9952152782693976,False,NORMAL
2012-10-12,7456.51,7478.51,7398.8,7437.04,191579806.0,191837269.0,,0.0468408436053247,0.03214742179032104,0.9919568741770263,0.9952152782693976,False,NORMAL
2012-10-15,7433.22,7433.68,7392.61,7418.9,190930991.0,191602825.0,,0.04638337724469821,0.03328783924750489,0.991979644009366,0.9952152782693976,False,NORMAL
2012-10-16,7437.79,7471.02,7437.79,7471.02,191203334.0,190930576.0,,0.0482699593096676,0.03676859006859279,0.9920294088887291,0.9952152782693976,False,NORMAL
2012-10-17,7505.41,7518.36,7450.29,7464.4,191513185.0,191200335.0,,0.05892283357331829,0.0373557729229308,0.9920599709239598,0.9952152782693976,False,NORMAL
2012-10-18,7474.07,7495.45,7448.06,7465.41,191015502.0,191506512.0,,0.044322151143515454,0.03815107537581475,0.9923045716959605,0.9952152782693976,False,NORMAL
2012-10-19,7443.61,7449.22,7402.66,7408.76,191069534.0,191015569.0,,0.03406711814065666,0.0404622471325331,0.9922755739907274,0.9952152782693976,False,NORMAL
2012-10-22,7333.24,7373.04,7310.79,7373.04,190482592.0,191067695.0,,0.04898608994797082,0.03809965734457732,0.9922623480379599,0.9952152782693976,False,NORMAL
2012-10-23,7367.46,7375.5,7326.39,7337.48,190408115.0,190481652.0,,0.0469625518131942,0.040788279343102474,0.992922932476152,0.9952152782693976,False,NORMAL
2012-10-24,7288.14,7348.45,7274.88,7314.88,190421550.0,190407718.0,,0.048107715431579656,0.040635160670777104,0.9928443041022308,0.9952152782693976,False,NORMAL
2012-10-25,7329.5,7339.21,7260.0,7262.08,188987096.0,190421443.0,,0.041802174533654535,0.03186255324992726,0.9932752292397604,0.9952152782693976,False,NORMAL
2012-10-26,7291.98,7298.48,7132.77,7134.06,184307187.0,188986515.0,,0.0013432540434474838,0.009874140178850688,0.9927258548965451,0.9952152782693976,False,NORMAL
2012-10-29,7147.2,7165.1,7091.19,7091.67,179974198.0,184301713.0,,-0.009388340075542567,-0.014036641766500102,0.9921556988036917,0.9952152782693976,False,NORMAL
2012-10-30,7131.15,7206.35,7131.15,7182.59,178725805.0,179798571.0,,-0.012089969176767967,-0.01791196324995592,0.9923520965501098,0.9952152782693976,False,NORMAL
2012-10-31,7220.02,7222.84,7139.17,7166.05,176972438.0,178712118.0,,-0.014021816300584966,-0.03168726795620447,0.9921895361330806,0.9952152782693976,False,NORMAL
2012-11-01,7141.97,7188.23,7050.05,7179.64,176817513.0,176977279.0,,-0.005246961902373504,-0.033509556430290965,0.9921438853162649,0.9952152782693976,False,NORMAL
2012-11-02,7232.2,7235.13,7199.57,7210.47,175883893.0,176816923.0,,-0.010411277007766562,-0.031658995857559935,0.9921023414631038,0.9952152782693976,False,NORMAL
2012-11-05,7200.77,7216.3,7161.7,7185.36,175072500.0,175882613.0,,-0.015091577501624376,-0.028743586620355366,0.9923317354756831,0.9952152782693976,False,NORMAL
2012-11-06,7223.02,7236.68,7165.58,7236.68,174780937.0,175071782.0,,-0.01135550151643483,-0.02414236403533543,0.9925923888648501,0.9952152782693976,False,NORMAL
2012-11-07,7249.75,7287.18,7220.04,7287.18,174226323.0,174780848.0,,-0.019710238508414357,-0.018991217339574318,0.9928655819670976,0.9952152782693976,False,NORMAL
2012-11-08,7229.0,7242.63,7190.99,7242.63,174370604.0,174225951.0,,-0.02667474788741475,-0.020449012438282677,0.9932031716864964,0.9952152782693976,False,NORMAL
2012-11-09,7206.16,7302.27,7170.29,7293.22,174825661.0,174370327.0,,-0.019240751448973303,-0.01884398342617266,0.9932127707236815,0.9952152782693976,False,NORMAL
2012-11-12,7303.93,7307.59,7264.02,7267.75,174728206.0,174898676.0,,-0.02827823645418992,-0.02003473822673474,0.9932753928094995,0.9952152782693976,False,NORMAL
2012-11-13,7262.65,7262.65,7129.87,7136.05,174805470.0,174726488.0,,-0.04441638300208628,-0.0207912890347125,0.9932799352486203,0.9952152782693976,False,NORMAL
2012-11-14,7141.58,7165.86,7107.78,7159.75,174981608.0,174805361.0,,-0.04411892323446209,-0.02117818007045802,0.9933167518816037,0.9952152782693976,False,NORMAL
2012-11-15,7132.02,7158.74,7066.28,7143.84,174987204.0,174981333.0,,-0.04339628705181631,-0.02183160400172579,0.9933672768924297,0.9952152782693976,False,NORMAL
2012-11-16,7125.24,7194.28,7108.84,7130.07,174572369.0,174986800.0,,-0.04061405479883373,-0.02397089255350715,0.9933926840736195,0.9952152782693976,False,NORMAL
2012-11-19,7134.71,7162.12,7125.21,7129.04,173605246.0,174572300.0,,-0.05032363946869578,-0.029469209829225407,0.9934294869082763,0.9952152782693976,False,NORMAL
2012-11-20,7179.1,7189.1,7141.16,7145.77,172889543.0,173605118.0,,-0.04679600564524078,-0.037333179906105296,0.9933313868479553,0.9952152782693976,False,NORMAL
2012-11-21,7150.24,7169.4,7061.87,7088.49,172548850.0,172986237.0,,-0.05551906219312819,-0.04134290847121669,0.9932493691260166,0.9952152782693976,False,NORMAL
2012-11-22,7116.8,7134.78,7097.38,7105.76,172352050.0,172538159.0,,-0.04971828932816047,-0.046493892972522266,0.9931819667733427,0.9952152782693976,False,NORMAL
2012-11-23,7148.97,7326.01,7148.97,7326.01,171854630.0,172351956.0,,-0.01904202072247474,-0.05202607185175179,0.9930871266429051,0.9952152782693976,False,NORMAL
2012-11-26,7372.38,7407.37,7370.28,7407.37,171642856.0,171862360.0,,0.006170927771755874,-0.05246797843310802,0.9930468694146106,0.9952152782693976,False,NORMAL
2012-11-27,7408.74,7436.78,7384.97,7430.2,171778178.0,171641465.0,,0.005283345622805635,-0.05484313024661713,0.9930395672843942,0.9952152782693976,False,NORMAL
2012-11-28,7418.42,7434.93,7385.91,7434.93,172813785.0,171778148.0,,0.008612971142680559,-0.055324167614697384,0.9936037136067865,0.9952152782693976,False,NORMAL
2012-11-29,7468.93,7521.52,7466.49,7503.55,171964181.0,172814117.0,,0.014396260135783656,-0.059929784869210745,0.9934463927257122,0.9952152782693976,False,NORMAL
2012-11-30,7519.07,7590.69,7515.15,7580.17,170820079.0,171964107.0,,0.017400104422101492,-0.06839147090698405,0.9932270872516908,0.9952152782693976,False,NORMAL
2012-12-03,7582.65,7628.29,7562.19,7599.91,171019475.0,170820016.0,,0.019937326793131316,-0.07020869094621174,0.9931418205285417,0.9952152782693976,False,NORMAL
2012-12-04,7572.11,7600.98,7536.66,7600.98,172260235.0,171030098.0,,0.03169893477245833,-0.07157987586103154,0.9929991298356728,0.9952152782693976,False,NORMAL
2012-12-05,7575.63,7650.12,7567.46,7649.05,173072781.0,172260207.0,,0.043993765286513,-0.06835132259688514,0.9928239331621532,0.9952152782693976,False,NORMAL
2012-12-06,7660.97,7673.62,7616.79,7623.26,173230606.0,173072709.0,,0.026714128521423186,-0.06850954692910238,0.992647936042808,0.9952152782693976,False,NORMAL
2012-12-07,7640.25,7672.92,7631.63,7642.26,173720594.0,173230556.0,,0.021318394064206547,-0.0694444721947215,0.9924689695473002,0.9952152782693976,False,NORMAL
2012-12-10,7658.39,7669.05,7603.25,7609.5,174377493.0,173719743.0,,0.01661560988252697,-0.06693298716217133,0.9923433982783975,0.9952152782693976,False,NORMAL
2012-12-11,7621.0,7630.66,7556.67,7613.69,173598767.0,174377498.0,,0.005711681604131824,-0.07479937753381727,0.9921083238834751,0.9952152782693976,False,NORMAL
2012-12-12,7653.9,7696.02,7645.54,7690.19,174354615.0,173598377.0,,0.014697577452894794,-0.06987290425733161,0.9919126157456541,0.9952152782693976,False,NORMAL
2012-12-13,7713.69,7757.09,7699.41,7757.09,176132231.0,174354714.0,,0.0024605682310143706,-0.05889667700695278,0.9914652845718475,0.9952152782693976,False,NORMAL
2012-12-14,7722.88,7723.74,7686.32,7698.77,176975975.0,176132224.0,,-0.008174207894133367,-0.05890506607263635,0.9910911604567452,0.9952152782693976,False,NORMAL
2012-12-17,7664.97,7683.32,7603.51,7631.28,178248850.0,176975970.0,,-0.013314783831937405,-0.0596058424699788,0.9906838528658529,0.9952152782693976,False,NORMAL
2012-12-18,7620.29,7643.74,7616.04,7643.74,178595098.0,178300654.0,,-0.017755281158481684,-0.06299225801548969,0.9902292358348885,0.9952152782693976,False,NORMAL
2012-12-19,7671.13,7685.63,7647.01,7677.47,179074707.0,178595264.0,,-0.006480708633396115,-0.06446794218297414,0.9898314373232622,0.9952152782693976,False,NORMAL
2012-12-20,7646.13,7646.13,7574.56,7595.46,179358226.0,179074761.0,,-0.020520749646338543,-0.06536227135014216,0.9894634531385734,0.9952152782693976,False,NORMAL
2012-12-21,7592.57,7608.81,7491.52,7519.93,179895924.0,179341850.0,,-0.03197224617998784,-0.06761560221787088,0.9890331417950939,0.9952152782693976,False,NORMAL
2012-12-22,7537.52,7546.9,7520.8,7540.14,180067834.0,179895663.0,,-0.025082329880671717,-0.06659816903203875,0.9899592916293479,0.9952152782693976,False,NORMAL
2012-12-24,7542.66,7566.09,7520.62,7535.52,179930275.0,180067834.0,,-0.01748585003448666,-0.0704657775577533,0.9896891934546965,0.9952152782693976,False,NORMAL
2012-12-25,7556.24,7654.6,7543.83,7636.57,180055129.0,179930278.0,,-0.006146698248262639,-0.07112469300268787,0.989447508866591,0.9952152782693976,False,NORMAL
2012-12-26,7646.51,7683.09,7633.83,7634.19,180063370.0,180055130.0,,-0.010494921686653336,-0.06781178404667021,0.9898704395470733,0.9952152782693976,False,NORMAL
2012-12-27,7634.8,7661.01,7622.73,7648.41,180489678.0,180063058.0,,-0.003557972411708632,-0.06674919591967277,0.9899565238440441,0.9952152782693976,False,NORMAL
2012-12-28,7700.87,7708.31,7665.04,7699.5,180334927.0,180505658.0,,-0.0024848808345468987,-0.06765878372930612,0.9899983769698372,0.9952152782693976,False,NORMAL
2013-01-02,7738.05,7793.48,7715.26,7779.22,180297891.0,180334757.0,,0.01230898559852589,-0.06745012013974261,0.9902333523491129,0.9952152782693976,False,NORMAL
2013-01-03,7826.34,7855.16,7815.29,7836.84,180691121.0,180297414.0,,0.020111059911433138,-0.06821539421969158,0.9904285785293344,0.9952152782693976,False,NORMAL
2013-01-04,7818.27,7818.27,7773.06,7805.99,181997974.0,180690515.0,0.12280699230892034,0.014997431946584427,-0.06202441370448919,0.9903634360874379,0.9952152782693976,False,NORMAL
2013-01-07,7797.05,7797.05,7725.47,7755.09,183197195.0,181996929.0,0.09948563667348131,0.018277574912452854,-0.053755012243988154,0.9902284121223518,0.9952152782693976,False,NORMAL
2013-01-08,7737.07,7751.8,7692.98,7721.66,180297891.0,180334757.0,0.09017262532525194,0.01707716401848791,-0.06359686167387124,0.9900141026912749,0.9952152782693976,False,NORMAL
2013-01-09,7726.4,7763.97,7703.23,7738.64,184615638.0,184412388.0,0.08523235626558368,0.03850386219557356,-0.03765116908050592,0.9884703950627421,0.9952152782693976,False,NORMAL
2013-01-10,7780.98,7825.06,7760.09,7811.64,184285527.0,184615193.0,0.09706186775947234,0.05036950184482003,-0.03807436259748587,0.9884548471964792,0.9952152782693976,False,NORMAL
2013-01-11,7843.57,7845.36,7801.69,7819.15,184163516.0,184285507.0,0.10236936489854842,0.053950046502850846,-0.035444612551138954,0.9883913213752095,0.9952152782693976,False,NORMAL
2013-01-14,7795.68,7823.97,7731.32,7823.97,184839344.0,184163453.0,0.0898609391171592,0.04724254519463211,-0.03328388614813593,0.9883439151337342,0.9952152782693976,False,NORMAL
2013-01-15,7823.51,7823.51,7744.39,7765.02,185639019.0,184839344.0,0.08024389938524346,0.040273833127913994,-0.030672384253856988,0.9883173773203502,0.9952152782693976,False,NORMAL
2013-01-16,7766.09,7769.18,7700.43,7700.43,186065205.0,185636651.0,0.07150132608278215,0.03148119125406379,-0.025915681963864956,0.9883481504709155,0.9952152782693976,False,NORMAL
2013-01-17,7748.57,7774.97,7603.27,7616.64,183685778.0,186065282.0,0.060585891048438034,0.02805867648567384,-0.03864433981400717,0.9879617276096553,0.9952152782693976,False,NORMAL
2013-01-18,7697.28,7732.87,7676.11,7732.87,183616664.0,183694376.0,0.08858159642548458,0.048803478619402485,-0.036044910602644475,0.9879493129417016,0.9952152782693976,False,NORMAL
2013-01-21,7725.36,7739.37,7674.18,7724.92,183279237.0,183616765.0,0.0697734964852903,0.05280286965007064,-0.037439990412173385,0.9879323547468647,0.9952152782693976,False,NORMAL
2013-01-22,7746.79,7759.47,7699.25,7759.1,182976122.0,183233235.0,0.07263374570931314,0.060728268953147646,-0.03909971324148975,0.9880743590313045,0.9952152782693976,False,NORMAL
2013-01-23,7773.2,7773.2,7730.1,7744.18,182174196.0,182975719.0,0.04546393408762306,0.06638593901471768,-0.036049551234969,0.9880734605462052,0.9952152782693976,False,NORMAL
2013-01-24,7717.04,7724.68,7653.62,7695.99,182424379.0,182173576.0,0.023800465074204302,0.0787672096954608,-0.010215597289757294,0.9867952038369302,0.9952152782693976,False,NORMAL
2013-01-25,7695.25,7704.31,7637.2,7672.58,182072163.0,182424276.0,0.01634210731983865,0.081914415081356,0.011657032081898722,0.9857446222883981,0.9952152782693976,False,NORMAL
2013-01-28,7685.67,7717.35,7685.67,7714.67,181662636.0,182067956.0,0.008129411979938439,0.07407912744567069,0.01643204796307951,0.9857838442936059,0.9952152782693976,False,NORMAL
2013-01-29,7744.15,7802.0,7739.6,7802.0,180658953.0,181666338.0,0.01654855576359071,0.08874484548670458,0.020831012115005265,0.9859562897680847,0.9952152782693976,False,NORMAL
2013-01-30,7832.95,7847.21,7804.71,7832.98,180476907.0,180659296.0,0.011850814598177939,0.09099899159289304,0.020695879824981,0.9861712687154192,0.9952152782693976,False,NORMAL
2013-01-31,7832.87,7850.02,7800.9,7850.02,179641089.0,180476902.0,0.021077057952804346,0.08869740807464699,0.021361796898593743,0.9863893271376094,0.9952152782693976,False,NORMAL
2013-02-01,7853.75,7866.23,7832.0,7855.97,178627429.0,179693205.0,0.019270990108259056,0.09333004887716134,0.02030546773479558,0.9863724678277048,0.9952152782693976,False,NORMAL
2013-02-04,7882.76,7929.97,7880.29,7923.16,177863245.0,178626670.0,0.006766278140410753,0.0948611794358738,0.017635264193600175,0.9862920882883979,0.9952152782693976,False,NORMAL
2013-02-05,7896.67,7896.67,7863.91,7886.94,176879741.0,177862120.0,-0.0030136092774669665,0.08230344248392374,0.015229719334661107,0.9862360829322706,0.9952152782693976,False,NORMAL
2013-02-06,7925.26,7941.65,7906.65,7906.65,173453831.0,176879613.0,0.00564468022593978,0.09168216518032812,-0.00525761211448228,0.9850653457390138,0.9952152782693976,False,NORMAL
2013-02-18,8000.69,8005.73,7927.95,7943.53,173623666.0,172962470.0,0.0038696257129171574,0.08916637644277836,-0.006875392280084047,0.9849172339675103,0.9952152782693976,False,NORMAL
2013-02-19,7974.4,7974.4,7946.09,7960.88,174330872.0,173628203.0,0.009741149252671333,0.09537064428468245,-0.0022740117871982157,0.9847309258579835,0.9952152782693976,False,NORMAL
2013-02-20,8021.31,8029.1,7995.16,8029.1,174979852.0,174330993.0,0.0029805477412294668,0.12514626438996368,0.0009975774785537794,0.984828558441945,0.9952152782693976,False,NORMAL
2013-02-21,8020.52,8020.52,7957.46,7957.46,175465126.0,174979707.0,0.011151632209614126,0.11141590139320501,0.002763250409723028,0.9847582568214631,0.9952152782693976,False,NORMAL
2013-02-22,7947.88,7970.24,7913.16,7947.72,176029213.0,175465690.0,0.006759255975151923,0.11252771618625279,0.0059547725558264375,0.9846699895321135,0.9952152782693976,False,NORMAL
2013-02-23,7979.15,7997.94,7965.89,7986.89,176503825.0,176029153.0,0.0040315179978931415,0.12016992820547356,0.011063927304555188,0.9845674760208123,0.9952152782693976,False,NORMAL
2013-02-25,7986.87,7995.11,7947.68,7947.68,177044124.0,176503820.0,0.003304929621914976,0.11483173049947815,0.01980860647494498,0.984475684149885,0.9952152782693976,False,NORMAL
2013-02-26,7891.41,7927.49,7871.23,7880.9,176602880.0,177044072.0,-0.015094330190660088,0.10287624706644616,0.021478089047872517,0.9845583090942609,0.9952152782693976,False,NORMAL
2013-02-27,7886.03,7912.85,7873.29,7897.98,176294310.0,176602756.0,-0.004953825608204343,0.11419780517430356,0.021706664518482688,0.9846499759977916,0.9952152782693976,False,NORMAL
2013-03-01,7917.72,7964.63,7917.72,7964.63,176188859.0,176293895.0,0.0006646279716659986,0.120869548084934,0.022261464252963714,0.9847139540525929,0.9952152782693976,False,NORMAL
2013-03-04,7966.22,7966.22,7849.52,7867.34,176308651.0,176188859.0,-0.031287554916369475,0.07389151802959582,0.025917375633115025,0.9848407201834944,0.9952152782693976,False,NORMAL
2013-03-05,7910.44,7939.85,7882.56,7932.71,176738076.0,176308570.0,-0.022865511914997416,0.07092125815235373,0.02968501060131512,0.9849063634172947,0.9952152782693976,False,NORMAL
2013-03-06,7958.11,7982.39,7936.86,7950.3,177151769.0,176738226.0,-0.023789175888134118,0.06999811579769055,0.031282151566423,0.9851249527931031,0.9952152782693976,False,NORMAL
2013-03-07,7950.9,7984.29,7942.37,7960.51,177946631.0,177151927.0,-0.01896988578386183,0.07069064537258596,0.029701600482854973,0.986467427268741,0.9952152782693976,False,NORMAL
2013-03-08,7981.0,8029.14,7981.0,8015.14,178559604.0,177946406.0,0.001299230206103008,0.06817972826195606,0.03835346966819797,0.9864457659120839,0.9952152782693976,False,NORMAL
2013-03-11,8021.88,8089.21,8001.85,8038.72,179613043.0,178559108.0,0.01269216184994404,0.060493366243765,0.051475002537611614,0.986313327764061,0.9952152782693976,False,NORMAL
2013-03-12,8039.0,8063.23,7986.59,7994.71,179651562.0,179608120.0,0.011594213901415573,0.05194798359454267,0.050474292474585125,0.9869078669872582,0.9952152782693976,False,NORMAL
2013-03-13,8018.9,8047.56,7962.42,7995.51,180238709.0,179651554.0,0.0013713967958159934,0.051905149072882795,0.046316400299813765,0.9870457848687283,0.9952152782693976,False,NORMAL
2013-03-14,8002.42,8002.71,7946.29,7951.76,181061948.0,180227266.0,-0.0080152095618643,0.03957484916427534,0.04616073627429618,0.9872165469843557,0.9952152782693976,False,NORMAL
2013-03-15,7989.67,7999.92,7924.94,7927.49,180763407.0,181060812.0,-7.568542614078133e-06,0.03990812329633253,0.04348423857617867,0.9873644689270025,0.9952152782693976,False,NORMAL
2013-03-18,7886.69,7888.16,7807.61,7811.34,180351674.0,180764600.0,-0.02741327595931531,0.022124345416146607,0.03817094938093524,0.9874247051948513,0.9952152782693976,False,NORMAL
2013-03-19,7843.47,7863.77,7823.81,7838.47,180813143.0,180351661.0,-0.0352961012939893,0.030090019055128536,0.036906425762182504,0.9875553861705202,0.9952152782693976,False,NORMAL
2013-03-20,7834.73,7844.54,7786.56,7798.03,181887144.0,180813143.0,-0.039843036241538066,0.024211650329866385,0.047744446249436745,0.9874666602106156,0.9952152782693976,False,NORMAL
2013-03-21,7828.95,7843.16,7811.84,7811.84,182227304.0,181887929.0,-0.030180237220885475,0.015818854930762516,0.04515331584426363,0.9875711100576102,0.9952152782693976,False,NORMAL
2013-03-22,7811.52,7832.59,7796.22,7796.22,182727290.0,182225886.0,-0.030793443992481295,0.00504441742973194,0.03744379414577459,0.9876010054680645,0.9952152782693976,False,NORMAL
2013-03-25,7862.58,7877.05,7854.47,7856.12,182632373.0,182727407.0,-0.014622398936370407,0.02043832975916926,0.0319613891094539,0.9876492894172239,0.9952152782693976,False,NORMAL
2013-03-26,7873.7,7876.68,7845.56,7856.36,182544138.0,182631381.0,-0.01573301728652432,0.029494396746024165,0.0240971428427168,0.98749764219404,0.9952152782693976,False,NORMAL
2013-03-27,7872.75,7894.26,7857.32,7894.12,182047858.0,182544019.0,-0.020573354144075462,0.03275621619782987,0.019332893448172905,0.9873786841563037,0.9952152782693976,False,NORMAL
2013-03-28,7905.71,7905.71,7844.84,7866.88,181983169.0,182047848.0,-0.02596757798135596,0.02467088767523684,0.016241612501982194,0.9872722793648049,0.9952152782693976,False,NORMAL
2013-03-29,7904.5,7931.7,7883.81,7918.61,182009507.0,181983169.0,-0.006151146766537607,0.042545151972362305,0.014782042949064378,0.987180493274575,0.9952152782693976,False,NORMAL
2013-04-01,7934.25,7937.73,7896.57,7899.24,181323026.0,182009154.0,-0.01621777803239577,0.05044062910160063,0.007932931265302035,0.986967490504191,0.9952152782693976,False,NORMAL
2013-04-02,7897.16,7924.46,7879.55,7913.18,180422085.0,181323026.0,-0.015537311817388932,0.04947388244780604,0.001967319715746596,0.9867347352215821,0.9952152782693976,False,NORMAL
2013-04-03,7949.12,7954.15,7913.77,7942.35,179801134.0,180422043.0,0.008852154163903947,0.053988311357411334,-0.0007177280199233138,0.98660827613574,0.9952152782693976,False,NORMAL
2013-04-08,7831.22,7843.1,7747.47,7752.79,177600502.0,179800984.0,-0.02271650069330644,0.015218874442321617,-0.013632641367300358,0.986033318610677,0.9952152782693976,False,NORMAL
2013-04-09,7766.62,7781.13,7714.93,7728.54,176073534.0,177600192.0,-0.01708784290783294,0.012358875008350534,-0.022157954724495,0.9857146426103169,0.9952152782693976,False,NORMAL
2013-04-10,7772.95,7772.95,7739.99,7752.8,175409321.0,176073501.0,-0.001037257516895762,0.01364858839941907,-0.028147631799753103,0.98537974164948,0.9952152782693976,False,NORMAL
2013-04-11,7788.58,7857.98,7788.58,7857.98,175538925.0,175409218.0,0.02855564659900356,0.020583154750308363,-0.026594970146853525,0.9852368925731708,0.9952152782693976,False,NORMAL
2013-04-12,7861.12,7864.86,7810.54,7821.63,175066888.0,175538225.0,0.014970945698691729,0.005451703384143913,-0.029013112527200846,0.9850157056783834,0.9952152782693976,False,NORMAL
2013-04-15,7815.32,7835.12,7753.24,7763.53,173975376.0,175066878.0,0.021400181821291442,-0.009354535756759152,-0.03716698951687836,0.9846431649893362,0.9952152782693976,False,NORMAL
2013-04-16,7690.91,7801.05,7688.62,7801.05,173392581.0,173974957.0,0.020988969568153548,-0.0006328473390305733,-0.04728290546794767,0.9842117365733118,0.9952152782693976,False,NORMAL
2013-04-17,7822.81,7822.81,7791.53,7809.07,173576460.0,173391063.0,0.01990421423412525,0.0069605897545999,-0.05251573311480018,0.9841672443276315,0.9952152782693976,False,NORMAL
2013-04-18,7781.48,7826.13,7757.33,7791.35,174042347.0,173576460.0,0.01675992963517836,0.009025261407521246,-0.034695602734476805,0.9832751026837505,0.9952152782693976,False,NORMAL
2013-04-19,7868.9,7933.72,7862.92,7930.8,175507793.0,174042291.0,0.01830059820730412,0.02483123649633523,-0.04933409270562439,0.9826863790031489,0.9952152782693976,False,NORMAL
2013-04-22,7976.1,7996.55,7950.01,7970.38,175942822.0,175507785.0,0.031115699378772677,0.020320956930938827,-0.04527053825556249,0.982511423037601,0.9952152782693976,False,NORMAL
2013-04-23,7955.92,7968.79,7913.6,7942.77,176604728.0,175942819.0,0.047047998449749384,0.015809902610897764,-0.04104389492650651,0.9823172771980804,0.9952152782693976,False,NORMAL
2013-04-24,7977.4,8025.45,7968.28,8023.71,176923026.0,176604728.0,0.05505719921104535,0.02552923899248083,-0.04282810049358321,0.9820924605225256,0.9952152782693976,False,NORMAL
2013-04-25,8015.38,8026.46,7994.19,8021.75,177531625.0,176923026.0,0.05235159766434161,0.033062374597875976,-0.04367289831455101,0.9818571490366527,0.9952152782693976,False,NORMAL
2013-04-26,8034.47,8081.37,8020.47,8022.06,177778396.0,177531379.0,0.06858927822142902,0.0417677973827435,-0.04453712342401683,0.9816135703126974,0.9952152782693976,False,NORMAL
2013-04-29,8043.71,8046.22,8014.27,8029.74,177177132.0,177777413.0,0.07333824349125595,0.05423651373834115,-0.03543358702490296,0.9810449004414497,0.9952152782693976,False,NORMAL
2013-04-30,8065.92,8115.59,8065.92,8093.66,176807654.0,177177181.0,0.07932160174106917,0.04665667468869894,-0.037082745387422955,0.9807249228813282,0.9952152782693976,False,NORMAL
2013-05-02,8111.43,8139.49,8095.7,8128.51,177632074.0,176807261.0,0.07474765905346681,0.052245201244802475,-0.0308117989382507,0.9801875083658333,0.9952152782693976,False,NORMAL
2013-05-03,8157.51,8175.33,8121.07,8135.03,177538005.0,177632165.0,0.08159173552620191,0.04845020685388768,-0.029720364277913802,0.9799741479843825,0.9952152782693976,False,NORMAL
2013-05-06,8188.48,8197.52,8153.96,8169.05,178138818.0,177538065.0,0.0920459862308669,0.05486313592917513,-0.022151205212400105,0.9809495946016545,0.9952152782693976,False,NORMAL
2013-05-07,8177.58,8181.8,8145.1,8163.06,178122997.0,178138728.0,0.08815844899569703,0.060690047674178516,-0.023578986666031088,0.9826079466020567,0.9952152782693976,False,NORMAL
2013-05-08,8177.94,8284.09,8177.94,8267.09,177897435.0,178122927.0,0.07689131292815632,0.07748501807736119,-0.022928974595638807,0.9826471548936578,0.9952152782693976,False,NORMAL
2013-05-09,8314.37,8322.69,8279.46,8285.89,177553558.0,177897142.0,0.08177525252854934,0.07404334858133921,-0.022619279839140916,0.9832248754484569,0.9952152782693976,False,NORMAL
2013-05-10,8284.38,8297.33,8258.62,8280.26,178096715.0,177553458.0,0.07522578383186485,0.061299666752114845,-0.014182734691261079,0.9830146970880502,0.9952152782693976,False,NORMAL
2013-05-13,8285.45,8296.54,8230.65,8248.32,178215348.0,178096824.0,0.09422027890391194,0.05302451940385389,-0.012531015948760715,0.983011637367446,0.9952152782693976,False,NORMAL
2013-05-14,8272.2,8295.41,8233.98,8251.82,178511464.0,178215390.0,0.09357767526183758,0.05118458296921524,-0.006288232866368371,0.9829300521523796,0.9952152782693976,False,NORMAL
2013-05-15,8264.1,8320.32,8251.51,8318.59,178641161.0,178511229.0,0.1127491569362642,0.058887699418403994,7.687509178677665e-05,0.9829064009505818,0.9952152782693976,False,NORMAL
2013-05-16,8362.49,8414.88,8346.45,8390.05,179082123.0,178641002.0,0.12106344058866814,0.05892724619974854,0.006852894199698145,0.9829150443129758,0.9952152782693976,False,NORMAL
2013-05-17,8377.26,8402.34,8356.79,8368.19,179629361.0,179082123.0,0.13062716767301197,0.06101859529804976,0.015545138094701372,0.9828216490327447,0.9952152782693976,False,NORMAL
2013-05-20,8364.95,8385.68,8347.33,8377.05,180173002.0,179629367.0,0.1355355298366041,0.059494223217165354,0.03873751857345842,0.981563586837594,0.9952152782693976,False,NORMAL
2013-05-21,8381.36,8420.68,8361.96,8383.05,181183283.0,180170149.0,0.13351244787469363,0.055330564623032874,0.04354024525665756,0.9819394936092504,0.9952152782693976,False,NORMAL
2013-05-22,8414.06,8439.15,8376.21,8398.84,181714421.0,181183058.0,0.16093147208472658,0.055014018550713084,0.04235365150929771,0.982333348594644,0.9952152782693976,False,NORMAL
2013-05-23,8367.85,8373.09,8235.5,8237.83,183028249.0,181714385.0,0.11976179763673445,0.025996687050852563,0.045996135600800514,0.982716043376507,0.9952152782693976,False,NORMAL
2013-05-24,8273.21,8277.56,8172.54,8209.78,182977592.0,183028249.0,0.1480299083089669,0.03170861053652807,0.04281458185599796,0.9830428121310792,0.9952152782693976,False,NORMAL
2013-05-27,8218.88,8280.1,8210.32,8280.1,183783127.0,182977449.0,0.15125628629785215,0.041820798920948477,0.044049018159275644,0.9834037443801857,0.9952152782693976,False,NORMAL
2013-05-28,8289.15,8303.71,8261.54,8263.05,184182041.0,183783127.0,0.13583160707584563,0.034576662505681144,0.043501697484459534,0.9838106035360014,0.9952152782693976,False,NORMAL
2013-05-29,8303.2,8344.21,8303.2,8337.9,184851380.0,184182069.0,0.16650694274422007,0.04909860487588813,0.04409779790262913,0.9842745106652144,0.9952152782693976,False,NORMAL
2013-05-30,8316.97,8316.97,8228.8,8243.29,185985181.0,184851333.0,0.15697084446216025,0.04598332677739858,0.05312654584115495,0.9844701420969506,0.9952152782693976,False,NORMAL
2013-05-31,8318.77,8334.44,8237.08,8254.8,187066390.0,185988211.0,0.16731220383419365,0.04517864061443566,0.06110282288747726,0.9847943039449395,0.9952152782693976,False,NORMAL
2013-06-03,8177.97,8225.79,8149.45,8201.02,188120889.0,187066386.0,0.14924607623318398,0.02967997257876398,0.06772295403763295,0.9852002397069802,0.9952152782693976,False,NORMAL
2013-06-04,8243.22,8250.17,8180.39,8191.22,188298223.0,188120699.0,0.1156219653541335,0.04116766276784789,0.06800331085285194,0.9855579723004684,0.9952152782693976,False,NORMAL
2013-06-05,8195.52,8216.31,8161.1,8181.91,188989856.0,188298223.0,0.12670550001377068,0.03141423296704393,0.06932167802935685,0.9859072805128388,0.9952152782693976,False,NORMAL
2013-06-06,8135.56,8162.25,8088.31,8096.14,189895075.0,188989377.0,0.10883243169211809,0.0183439618630743,0.0719343988035479,0.9862216413832431,0.9952152782693976,False,NORMAL
2013-06-07,8113.95,8146.78,8071.98,8095.2,189017326.0,189894997.0,0.13919187626388063,0.016919770215727326,0.062213568966079436,0.9862327469732951,0.9952152782693976,False,NORMAL
2013-06-10,8161.51,8190.87,8142.71,8160.55,189273750.0,189017473.0,0.18360441269040106,0.01814191642316909,0.060003190867291556,0.9865165296742766,0.9952152782693976,False,NORMAL
2013-06-11,8178.95,8178.95,8116.15,8116.15,189324356.0,189273702.0,0.15937546871986807,0.00963213048843592,0.05406797211269332,0.9864656080625774,0.9952152782693976,False,NORMAL
2013-06-13,8041.5,8057.33,7951.66,7951.66,189409786.0,189324346.0,0.12691198458082664,-0.005384810706079435,0.05431750156450077,0.9864694397309598,0.9952152782693976,False,NORMAL
2013-06-14,7978.75,7989.19,7912.37,7937.74,188846643.0,189409798.0,0.12110062977468483,-0.0072253052025449405,0.0477585200635231,0.9863216668673074,0.9952152782693976,False,NORMAL
2013-06-17,7953.65,7999.43,7940.72,7992.89,189308956.0,188846474.0,0.14189852349760357,0.00517243981206672,0.04554799112180108,0.9862364319265601,0.9952152782693976,False,NORMAL
2013-06-18,7994.81,8024.95,7955.74,8011.02,189674165.0,189308623.0,0.12510691368115934,0.010536752490384771,0.04929514301531168,0.9861442158009266,0.9952152782693976,False,NORMAL
2013-06-19,8033.32,8056.19,8005.57,8007.39,190091755.0,189673993.0,0.1322538772185835,0.025098126569833124,0.054006047096629706,0.9860530591036755,0.9952152782693976,False,NORMAL
2013-06-20,7952.36,7962.76,7890.93,7898.91,190473113.0,190091735.0,0.11427555746152751,0.0077106884379221086,0.05342515394469971,0.9861461027622913,0.9952152782693976,False,NORMAL
2013-06-21,7778.84,7815.79,7739.09,7793.31,191470584.0,190472972.0,0.10151234611524917,-0.0006052810774002104,0.05268893550827314,0.98605175039723,0.9952152782693976,False,NORMAL
2013-06-24,7788.45,7815.1,7744.49,7758.03,192547507.0,191470147.0,0.08415515740312451,-0.006888261920367067,0.0566336809768091,0.9861937388030931,0.9952152782693976,False,NORMAL
2013-06-25,7750.34,7792.27,7663.23,7663.23,191626703.0,192547387.0,0.052424637780676964,-0.017058266698476987,0.04870325062009084,0.9859818409114007,0.9952152782693976,False,NORMAL
2013-06-26,7789.34,7821.14,7742.2,7784.8,191376335.0,191626295.0,0.07035072932836339,-0.009078272735141502,0.04787739356592602,0.9858979615326439,0.9952152782693976,False,NORMAL
2013-06-27,7841.32,7884.13,7834.33,7883.9,191513151.0,191376411.0,0.07488721312458835,0.003505440178403152,0.04913339370010328,0.9858300850432044,0.9952152782693976,False,NORMAL
2013-06-28,7928.54,8062.21,7891.06,8062.21,190651668.0,191513122.0,0.10759096310644933,0.021293063698043735,0.047261253686379456,0.9856811678783496,0.9952152782693976,False,NORMAL
2013-07-01,8011.95,8063.47,7974.15,8036.0,191055145.0,190651668.0,0.11270345677473848,0.021497722095672023,0.049850632065869815,0.9855066692032399,0.9952152782693976,False,NORMAL
2013-07-02,8061.84,8064.12,8012.79,8015.86,191510102.0,191055144.0,0.11853683449663555,0.012281195815932344,0.05219834478206686,0.9853356844568706,0.9952152782693976,False,NORMAL
2013-07-03,7991.53,7995.3,7899.08,7911.42,191418302.0,191509982.0,0.10836334903816658,0.0015419204885533944,0.05567564265114355,0.9851130606850507,0.9952152782693976,False,NORMAL
2013-07-04,7919.26,7927.08,7877.06,7893.72,191928650.0,191418060.0,0.09894320069163198,-0.0024591883414758486,0.06377581214627903,0.9848495182691466,0.9952152782693976,False,NORMAL
2013-07-05,7932.3,8018.93,7926.35,8001.82,190912103.0,191927963.0,0.1160746539909423,0.007487708297921891,0.06179587832855371,0.9846174422369941,0.9952152782693976,False,NORMAL
2013-07-08,7980.11,7992.16,7885.0,7886.34,191030010.0,190911290.0,0.08087134813905172,0.017226056684109814,0.07561638536359538,0.9840089729706796,0.9952152782693976,False,NORMAL
2013-07-09,7891.53,7975.64,7891.37,7971.18,190722433.0,191028597.0,0.08522891264451693,0.03139532175546744,0.08319762014886356,0.983818008245866,0.9952152782693976,False,NORMAL
2013-07-10,7974.99,8057.92,7974.99,8011.69,190135322.0,190721185.0,0.0799812896651011,0.03339309668764834,0.08395221483127457,0.9837682144546943,0.9952152782693976,False,NORMAL
2013-07-11,8080.97,8179.54,8080.97,8179.54,188532244.0,190133410.0,0.10197922827476669,0.040921458186455206,0.07401958853285673,0.9833240750484472,0.9952152782693976,False,NORMAL
2013-07-12,8187.86,8220.49,8169.92,8220.49,187871927.0,188532247.0,0.11271450963618301,0.05099448580410981,0.07314369465458248,0.9830835982407496,0.9952152782693976,False,NORMAL
2013-07-15,8178.26,8254.68,8175.55,8254.68,187130403.0,187871659.0,0.12025231421479554,0.06326374729021467,0.07561430417601156,0.9828908721008701,0.9952152782693976,False,NORMAL
2013-07-16,8243.62,8260.11,8222.17,8260.11,187367190.0,187130247.0,0.12998019141007622,0.05884592458707494,0.08059519570794094,0.9828440526095032,0.9952152782693976,False,NORMAL
2013-07-17,8239.1,8260.25,8208.71,8258.95,187858005.0,187367039.0,0.1389534362566971,0.05760993306501305,0.08227812112310628,0.9830504074511585,0.9952152782693976,False,NORMAL
2013-07-18,8238.28,8265.7,8181.99,8194.88,187152261.0,187858000.0,0.12909639276320584,0.05179205144166277,0.07532600097607278,0.9844447852509609,0.9952152782693976,False,NORMAL
2013-07-19,8117.94,8139.81,8046.7,8062.03,186048927.0,187151691.0,0.1305720291743151,0.016546880516467466,0.06006077462326709,0.983697389122325,0.9952152782693976,False,NORMAL
2013-07-22,8092.03,8137.37,8092.03,8105.45,186367929.0,186046751.0,0.1409265132096611,0.016946494395499334,0.059252812257382104,0.9835660105685154,0.9952152782693976,False,NORMAL
2013-07-23,8152.72,8220.89,8145.09,8214.65,186324899.0,186367766.0,0.15861828706185,0.034229871946436674,0.05503913236116764,0.9833653162815347,0.9952152782693976,False,NORMAL
2013-07-24,8222.85,8233.1,8172.23,8196.19,187562329.0,186324958.0,0.1500196436088117,0.021496290369417803,0.06013520817804685,0.983186560761285,0.9952152782693976,False,NORMAL
2013-07-25,8173.19,8203.49,8140.41,8163.58,187671840.0,187562302.0,0.1581106673948971,0.01768068064948425,0.05711779520972682,0.9830915277954613,0.9952152782693976,False,NORMAL
2013-07-26,8188.36,8222.82,8135.73,8149.4,187304663.0,187671888.0,0.14000422462114792,0.01587372819450361,0.05358506553293463,0.9833959286301016,0.9952152782693976,False,NORMAL
2013-07-29,8146.14,8163.89,8074.29,8084.5,186874297.0,187303461.0,0.12838256558562278,0.006819647958713482,0.05473147065051265,0.9831497152776811,0.9952152782693976,False,NORMAL
2013-07-30,8113.17,8176.74,8112.91,8163.55,186867813.0,186874210.0,0.16145448751054614,0.008635153935302453,0.05689888855151026,0.9829068055092871,0.9952152782693976,False,NORMAL
2013-07-31,8163.44,8170.57,8107.6,8107.94,185999551.0,186867134.0,0.15689712985224746,-0.0025305990888859764,0.047105665162700205,0.9823043273349871,0.9952152782693976,False,NORMAL
2013-08-01,8110.73,8113.4,8056.22,8056.22,186201424.0,186062619.0,0.1543301242418469,-0.009687733173694424,0.04879754619299681,0.9819465355259502,0.9952152782693976,False,NORMAL
2013-08-02,8114.51,8162.91,8087.1,8099.88,185572577.0,186199731.0,0.16199113717580338,-0.00846732484193391,0.04173014665450392,0.9834511061583697,0.9952152782693976,False,NORMAL
2013-08-05,8104.2,8143.44,8075.99,8138.63,185584359.0,185571482.0,0.14234562754667346,-0.0029927502676693196,0.041888819106271846,0.98482156181498,0.9952152782693976,False,NORMAL
2013-08-06,8129.85,8129.85,8028.93,8038.91,186252690.0,185584905.0,0.12292844690789617,-0.02760100591622927,0.04696669741191051,0.9848300072164591,0.9952152782693976,False,NORMAL
2013-08-07,7993.57,7993.57,7921.29,7921.29,185938162.0,186132042.0,0.08951253629397748,-0.044002515119075825,0.0472229568049547,0.9849166241099042,0.9952152782693976,False,NORMAL
2013-08-08,7910.2,7932.35,7894.18,7907.67,186932631.0,185933847.0,0.0880178206814568,-0.04499737930934533,0.04961302065565887,0.9849430165419285,0.9952152782693976,False,NORMAL
2013-08-09,7955.0,7955.0,7853.97,7856.14,187330035.0,186940572.0,0.0884834243388648,-0.047546651924270544,0.051144231416028196,0.9849857292034742,0.9952152782693976,False,NORMAL
2013-08-12,7878.22,7908.68,7862.04,7903.38,186887116.0,187330151.0,0.08468598045929854,-0.04222583623976284,0.04691940681187856,0.9849697875231832,0.9952152782693976,False,NORMAL
2013-08-13,7935.79,7986.27,7935.79,7986.27,186303608.0,186886938.0,0.09469039649316158,-0.03994907790863589,0.04289295343305577,0.9849616108307676,0.9952152782693976,False,NORMAL
2013-08-14,7978.74,7981.56,7926.23,7951.33,186545150.0,186303023.0,0.08627694745758085,-0.05229051078360669,0.041673768855197135,0.9849840314539731,0.9952152782693976,False,NORMAL
2013-08-15,7903.01,7916.02,7850.27,7887.26,186740137.0,186545979.0,0.06101403069803735,-0.05747120942521622,0.039585822498138246,0.9862408966248107,0.9952152782693976,False,NORMAL
2013-08-16,7854.68,7949.43,7850.49,7925.0,186600744.0,186740151.0,0.06502784527060435,-0.05396291057114366,0.03567538936826953,0.9861081592903255,0.9952152782693976,False,NORMAL
2013-08-19,7937.45,7944.74,7888.87,7900.21,187184083.0,186722511.0,0.06238451918292687,-0.05759717525244379,0.03312005335503265,0.9860459058506051,0.9952152782693976,False,NORMAL
2013-08-20,7896.38,7924.52,7829.78,7832.65,186588731.0,187184024.0,0.04725072701139821,-0.06741288082639985,0.026824013048474482,0.9858662436459613,0.9952152782693976,False,NORMAL
2013-08-22,7779.44,7825.56,7737.33,7814.38,187502668.0,186588229.0,0.04641832736544127,-0.05140310008825133,0.024446603321873095,0.9857889885673182,0.9952152782693976,False,NORMAL
2013-08-23,7863.73,7895.13,7845.92,7873.31,187264342.0,187502436.0,0.051146763575387055,-0.040984045857501705,0.02342773206896287,0.9857599922402379,0.9952152782693976,False,NORMAL
2013-08-26,7906.52,7913.74,7874.05,7894.97,187358298.0,187263485.0,0.057184597585405283,-0.04651272327628897,0.019453205842993482,0.9857520826357039,0.9952152782693976,False,NORMAL
2013-08-27,7875.93,7895.23,7820.84,7820.84,187012337.0,187358155.0,0.052332442131296064,-0.05351655865570204,0.015366840244755542,0.9859319284428314,0.9952152782693976,False,NORMAL
2013-08-28,7776.87,7834.11,7761.76,7824.54,186564611.0,186998987.0,0.04232556838390744,-0.061569459935955084,0.009268153691901038,0.9858476742354546,0.9952152782693976,False,NORMAL
2013-08-29,7841.99,7931.05,7841.99,7917.66,186608123.0,186577008.0,0.05616961334368464,-0.039502431674731886,0.003349417392561005,0.9857866085798785,0.9952152782693976,False,NORMAL
2013-08-30,7949.99,8021.89,7936.82,8021.89,186678537.0,186608098.0,0.06884854040614674,-0.02821509909386044,-0.0020733441213036663,0.9857726000787148,0.9952152782693976,False,NORMAL
2013-09-02,8010.15,8052.71,7993.13,8038.86,186712151.0,186386743.0,0.07506890644370534,-0.019773150169125397,-0.007488471947418862,0.9858382321792306,0.9952152782693976,False,NORMAL
2013-09-03,8095.66,8102.66,8067.62,8088.37,186953620.0,186705963.0,0.0830385285918196,-0.012556127170311626,-0.0071408161934698455,0.9859984163581805,0.9952152782693976,False,NORMAL
2013-09-04,8066.67,8094.12,8041.49,8083.44,186693000.0,186953618.0,0.09800405871278506,-0.012035087161799685,-0.012153329541666036,0.9860700789890557,0.9952152782693976,False,NORMAL
2013-09-05,8109.24,8169.1,8107.22,8169.1,186178974.0,186556625.0,0.10525425678006806,0.009011701872744249,-0.01956923316731618,0.9860975891639532,0.9952152782693976,False,NORMAL
2013-09-06,8180.53,8182.56,8155.5,8164.2,185657047.0,186173036.0,0.10754479450419452,0.008523569522680186,-0.017777624258635383,0.9864921623811209,0.9952152782693976,False,NORMAL
2013-09-09,8176.47,8192.11,8117.87,8192.11,184935722.0,185657206.0,0.10748189145417242,0.0038673863893978755,-0.022919332448371743,0.9871238302304758,0.9952152782693976,False,NORMAL
2013-09-10,8217.21,8238.91,8155.87,8208.77,184203438.0,184933709.0,0.10176994119881422,0.011411814715105217,-0.027048384625166788,0.9872488443154558,0.9952152782693976,False,NORMAL
2013-09-11,8174.54,8208.99,8137.07,8208.99,183949759.0,184203401.0,0.10167821938306476,0.03236179615325607,-0.028826530641875125,0.9874608024181123,0.9952152782693976,False,NORMAL
2013-09-12,8180.38,8226.61,8177.03,8225.36,184697406.0,184246988.0,0.11644750415341032,0.03623449495700304,-0.02197146284458973,0.9874450182048544,0.9952152782693976,False,NORMAL
2013-09-13,8210.15,8228.67,8162.14,8168.2,184880120.0,184698183.0,0.11485084730957373,0.02193324316986711,-0.023394751593263208,0.987587916871278,0.9952152782693976,False,NORMAL
2013-09-14,8169.41,8176.76,8142.48,8142.48,184538170.0,184880120.0,0.09664359567994762,0.016409895369128957,-0.027077989245398837,0.9877799958762232,0.9952152782693976,False,NORMAL
2013-09-16,8189.61,8255.34,8189.61,8255.34,183659311.0,184581429.0,0.10325094818208314,0.03096514594643196,-0.03383862703566498,0.9878731933930017,0.9952152782693976,False,NORMAL
2013-09-17,8241.03,8249.78,8218.94,8249.78,183760902.0,183803831.0,0.1021558743802713,0.04442005289337403,-0.03523967710865317,0.98840415992007,0.9952152782693976,False,NORMAL
2013-09-18,8248.18,8263.05,8209.18,8209.18,183467323.0,183842641.0,0.08437147065233908,0.053362435216871784,-0.041798906300928196,0.9885327319988996,0.9952152782693976,False,NORMAL
2013-09-23,8226.8,8293.03,8221.34,8292.83,183420762.0,183466862.0,0.094214123607959,0.06893502603109303,-0.047399964518886284,0.9888588484175203,0.9952152782693976,False,NORMAL
2013-09-24,8295.5,8310.94,8265.55,8299.12,183160748.0,183420043.0,0.07250793158483093,0.08297937031773817,-0.04417941167625261,0.9891095507908849,0.9952152782693976,False,NORMAL
2013-09-25,8283.6,8285.28,8253.43,8283.9,183442626.0,183159980.0,0.06720757721373527,0.06411211591819943,-0.04145606090742615,0.9894183502959654,0.9952152782693976,False,NORMAL
2013-09-26,8290.1,8290.1,8184.68,8184.68,183308871.0,183444372.0,0.058236987119646866,0.03815116883775804,-0.04283925128462851,0.9896600891515697,0.9952152782693976,False,NORMAL
2013-09-27,8222.13,8244.86,8207.72,8230.68,183034493.0,183308941.0,0.057668361623303355,0.020896255493220828,-0.03995336143610351,0.9898226849798308,0.9952152782693976,False,NORMAL
2013-09-30,8174.86,8204.4,8137.11,8173.87,183439877.0,183035284.0,0.057756986366959806,0.017156545545047308,-0.039859005105567835,0.9899877171752223,0.9952152782693976,False,NORMAL
2013-10-01,8173.99,8222.38,8172.79,8187.02,184135049.0,183439857.0,0.055764392443701016,0.021352668335025804,-0.03850999463203253,0.9902222786337013,0.9952152782693976,False,NORMAL
2013-10-02,8215.96,8228.81,8204.34,8216.52,184700992.0,184135035.0,0.05769859557432122,0.03856450548700496,-0.03509230794451412,0.9903807472688775,0.9952152782693976,False,NORMAL
2013-10-03,8231.68,8376.79,8231.68,8359.02,184548688.0,184435560.0,0.08079641795521941,0.058945592192274354,-0.03845159125539621,0.9904923164186311,0.9952152782693976,False,NORMAL
2013-10-04,8345.82,8376.06,8336.61,8364.55,185180804.0,184405057.0,0.09060671766434614,0.04533093721178427,-0.03002061634615172,0.9907562999099881,0.9952152782693976,False,NORMAL
2013-10-07,8354.91,8361.5,8323.79,8333.66,185586991.0,185176553.0,0.0845753403264009,0.05672086164177559,-0.028493004842537584,0.990942469127957,0.9952152782693976,False,NORMAL
2013-10-08,8340.33,8375.65,8311.59,8375.65,186150032.0,185586818.0,0.08560937167861704,0.0507415464209815,-0.023974112159108163,0.9909795208996555,0.9952152782693976,False,NORMAL
2013-10-09,8352.25,8378.37,8330.79,8344.73,185889118.0,186145771.0,0.08715925020714654,0.04156925692332081,-0.022332536402678516,0.9909644381287825,0.9952152782693976,False,NORMAL
2013-10-11,8407.45,8433.53,8349.37,8349.37,185680183.0,185900971.0,0.0817095669207688,0.020762781281099096,-0.015127709401262956,0.990838251848496,0.9952152782693976,False,NORMAL
2013-10-14,8339.99,8343.65,8269.16,8273.96,184305011.0,185667717.0,0.07668944373379061,0.0065044784434991065,-0.01898589138333584,0.9909034045422613,0.9952152782693976,False,NORMAL
2013-10-15,8320.48,8368.02,8320.48,8367.88,184821502.0,184379289.0,0.08923583179083439,0.013713432864750574,-0.012338460041685484,0.9909695085486917,0.9952152782693976,False,NORMAL
2013-10-16,8384.03,8384.03,8332.18,8332.18,185027472.0,184821417.0,0.08341687633685058,0.008725065404697974,-0.012487341033400767,0.9909001217150184,0.9952152782693976,False,NORMAL
2013-10-17,8390.88,8415.16,8364.89,8374.68,185147900.0,184802648.0,0.09963247893548877,0.014012677156296949,-0.01442634824105582,0.9914515878762392,0.9952152782693976,False,NORMAL
2013-10-18,8416.33,8441.19,8390.32,8441.19,185359815.0,185214051.0,0.11185180209193613,0.03005657190831368,-0.009577474460754742,0.9918448806931981,0.9952152782693976,False,NORMAL
2013-10-21,8456.68,8459.3,8400.06,8419.32,185759848.0,185358022.0,0.1298492160199256,0.04431762223658309,-0.001553779452864057,0.991585722999203,0.9952152782693976,False,NORMAL
2013-10-22,8407.62,8425.31,8376.27,8418.27,185939817.0,185694690.0,0.1319382442477115,0.03859378566273319,-0.0022971334300764257,0.991467594039128,0.9952152782693976,False,NORMAL
2013-10-23,8419.8,8438.95,8380.15,8393.62,186348025.0,185936825.0,0.13138335871894768,0.021786685981752152,0.00012411653044819282,0.9913326904391926,0.9952152782693976,False,NORMAL
2013-10-24,8364.45,8413.72,8346.52,8413.72,186861690.0,186343813.0,0.12618089631670082,0.026540380347453985,-0.003735499573584433,0.9911371293180375,0.9952152782693976,False,NORMAL
2013-10-25,8380.31,8390.25,8322.15,8346.62,187383536.0,186863787.0,0.1181903434971332,0.02242153564980076,-0.0015362134244540915,0.9909726634727453,0.9952152782693976,False,NORMAL
2013-10-28,8365.43,8414.81,8348.42,8407.83,187489776.0,187383619.0,0.12623821062741358,0.0317115370456722,0.0009882989405340936,0.9909877051501682,0.9952152782693976,False,NORMAL
2013-10-29,8394.85,8432.9,8380.21,8420.98,188336258.0,187902684.0,0.1366247523202262,0.041620384686746226,0.007823232105590217,0.9907510910760589,0.9952152782693976,False,NORMAL
2013-10-30,8429.4,8465.06,8419.21,8465.06,188646225.0,188336569.0,0.1481098705554289,0.036933686937667964,0.009516951964327891,0.9906838256442313,0.9952152782693976,False,NORMAL
2013-10-31,8437.76,8469.58,8424.47,8450.06,188271254.0,188485568.0,0.1516297148339758,0.04219567485699205,0.012213486472341106,0.9905381527855204,0.9952152782693976,False,NORMAL
2013-11-01,8474.47,8476.63,8378.94,8388.18,187896417.0,188392577.0,0.14672831269959308,0.041205428848765324,0.009103007719210465,0.9905264655600472,0.9952152782693976,False,NORMAL
2013-11-04,8371.83,8371.83,8333.63,8354.14,187478404.0,187910348.0,0.15037840398343172,0.03139058850254561,0.010269981862675692,0.9904351688587232,0.9952152782693976,False,NORMAL
2013-11-05,8354.92,8372.8,8262.2,8262.2,187604392.0,187478071.0,0.15813435827565225,0.015183145074785465,0.010884715774996945,0.9903292084229831,0.9952152782693976,False,NORMAL
2013-11-06,8275.07,8297.57,8232.5,8281.97,187179940.0,187601454.0,0.16784480947365,0.03023544236718645,0.004978451586390431,0.9901156630307434,0.9952152782693976,False,NORMAL
2013-11-07,8298.06,8298.06,8250.72,8283.71,187455161.0,187183978.0,0.15330403099717493,0.04575264887411001,0.008158621036600255,0.9901963430463112,0.9952152782693976,False,NORMAL
2013-11-08,8235.3,8266.72,8216.33,8229.59,186933156.0,187454360.0,0.14841370071378224,0.040709842469399904,2.8084984262655155e-06,0.9899449232878926,0.9952152782693976,False,NORMAL
2013-11-11,8228.9,8242.41,8168.92,8182.56,186869350.0,186928636.0,0.1396894551815968,0.04154966688475503,-0.0024592158966927347,0.9900078076165277,0.9952152782693976,False,NORMAL
2013-11-12,8233.62,8233.62,8160.17,8195.26,184751196.0,186593873.0,0.13657778203085225,0.03693103457001934,-0.011428931248529728,0.9899088710795294,0.9952152782693976,False,NORMAL
2013-11-13,8199.26,8199.26,8104.26,8104.26,184481122.0,184735842.0,0.12788503290023057,0.014774106059524561,-0.009782344097168494,0.9900820423140484,0.9952152782693976,False,NORMAL
2013-11-14,8137.82,8161.7,8100.73,8134.91,184729491.0,184478836.0,0.12412183487455564,0.023087961385076516,-0.00973308070459078,0.9903625389700863,0.9952152782693976,False,NORMAL
2013-11-15,8168.9,8210.1,8160.28,8177.12,184900598.0,184727671.0,0.12212405896382417,0.036750405083641136,-0.009850796028922248,0.9919968310295001,0.9952152782693976,False,NORMAL
2013-11-18,8201.85,8226.61,8186.47,8191.46,184536857.0,184900442.0,0.13100627810615761,0.03362271293375385,-0.011060443574651524,0.9921050162056376,0.9952152782693976,False,NORMAL
2013-11-19,8215.0,8260.82,8215.0,8260.21,184719711.0,184536539.0,0.13258752649721228,0.04556840894102798,-0.013165499761002675,0.9921319572382414,0.9952152782693976,False,NORMAL
2013-11-20,8250.31,8262.91,8204.46,8204.46,185575502.0,184718996.0,0.12888583124075526,0.04746924731731905,-0.00543027970965726,0.9920071544527822,0.9952152782693976,False,NORMAL
2013-11-21,8197.86,8203.45,8093.82,8099.45,186234400.0,185575427.0,0.1350046594404466,0.03648018140914577,-0.006763999752792849,0.9920357500304642,0.9952152782693976,False,NORMAL
2013-11-22,8107.98,8142.72,8107.98,8116.78,186060139.0,186241651.0,0.13366807500261868,0.03092346166986948,-0.006430498124410655,0.9920518889031374,0.9952152782693976,False,NORMAL
2013-11-25,8182.9,8217.62,8182.9,8187.51,186300360.0,186500289.0,0.14609369750722312,0.03705397233935015,-0.0056466033866298115,0.9920543653967768,0.9952152782693976,False,NORMAL
2013-11-26,8200.7,8281.38,8187.28,8248.02,186301734.0,186302252.0,0.15679369206753946,0.05462073127694733,-0.003799765359865037,0.9920445592928927,0.9952152782693976,False,NORMAL
2013-11-27,8287.63,8312.32,8279.51,8295.88,186204929.0,186301723.0,0.16367421139452154,0.060238684957837574,-0.001927921903688401,0.9922681939646986,0.9952152782693976,False,NORMAL
2013-11-28,8320.65,8377.81,8320.65,8362.43,186328637.0,186204769.0,0.17026296676215447,0.05617442527211325,-0.0014977161524742932,0.992429771913033,0.9952152782693976,False,NORMAL
2013-11-29,8374.14,8414.79,8365.32,8406.83,186483462.0,186328528.0,0.18598319247117523,0.047986197766361816,-0.0010449781915743417,0.9925091119938311,0.9952152782693976,False,NORMAL
2013-12-02,8429.24,8437.13,8391.82,8414.61,187044277.0,186483445.0,0.18419563846794706,0.046741702181652744,0.0017788129921978424,0.992387006990765,0.9952152782693976,False,NORMAL
2013-12-03,8407.74,8418.23,8390.73,8392.55,187589903.0,187044263.0,0.14558265686233018,0.037607082762039834,0.003403427010399751,0.992280899653214,0.9952152782693976,False,NORMAL
2013-12-04,8379.44,8435.23,8375.79,8418.0,188153174.0,187590418.0,0.136435739000482,0.0413883198242333,0.007821257358336942,0.9921208500107612,0.9952152782693976,False,NORMAL
2013-12-05,8430.53,8437.6,8362.39,8375.54,188914559.0,188153164.0,0.12722941508976882,0.025270837668776247,0.014693307956461288,0.9920780194287929,0.9952152782693976,False,NORMAL
2013-12-06,8372.61,8410.19,8361.99,8367.72,189332145.0,188914554.0,0.12546049525684833,0.02492834570441671,0.01979509024507964,0.9918943644899126,0.9952152782693976,False,NORMAL
2013-12-09,8439.76,8477.87,8433.81,8444.62,189490603.0,189332123.0,0.1254166361255673,0.030823560718789222,0.02462953587733585,0.9918199315905536,0.9952152782693976,False,NORMAL
2013-12-10,8451.81,8459.49,8421.59,8443.39,189890406.0,189490271.0,0.11387871248270143,0.028581626723613862,0.03087329998694166,0.9916186148957064,0.9952152782693976,False,NORMAL
2013-12-11,8450.96,8501.77,8413.52,8433.77,189872922.0,189890364.0,0.10971972036510969,0.02738217490824102,0.03219989540731061,0.9916823767043891,0.9952152782693976,False,NORMAL
2013-12-12,8405.62,8406.93,8361.33,8361.33,190418999.0,189872849.0,0.1000331536196648,0.016530583463824078,0.030978199011630903,0.9916534808274131,0.9952152782693976,False,NORMAL
2013-12-13,8355.01,8391.82,8346.83,8376.94,190980873.0,190402230.0,0.0951608369666821,0.025555201880463452,0.03299842622343596,0.9916473694965487,0.9952152782693976,False,NORMAL
2013-12-16,8368.83,8374.21,8313.87,8313.87,191112116.0,190823158.0,0.09059247618472943,0.021048869631856704,0.035623773661568325,0.9916485409247796,0.9952152782693976,False,NORMAL
2013-12-17,8351.98,8384.26,8351.98,8352.93,191355542.0,191103463.0,0.09299212536605661,0.011821439213890672,0.04190493233419579,0.9914625467745649,0.9952152782693976,False,NORMAL
2013-12-18,8361.75,8375.52,8333.31,8349.04,192016712.0,191357841.0,0.09718641172218945,0.012031836000475193,0.04492691269005644,0.9913952747256748,0.9952152782693976,False,NORMAL
2013-12-19,8400.39,8426.08,8378.78,8407.4,192296134.0,192016085.0,0.10424774320992847,0.024146138834816533,0.04812198082816077,0.9913808086245411,0.9952152782693976,False,NORMAL
2013-12-20,8400.21,8439.37,8392.38,8408.53,192685232.0,192300494.0,0.09340991574980606,0.013951811384051105,0.050509385627784065,0.9915497925399572,0.9952152782693976,False,NORMAL
2013-12-23,8441.16,8477.47,8441.16,8456.46,193392198.0,192685231.0,0.09015880955358235,0.018958636578335852,0.05586049473875265,0.991481664558835,0.9952152782693976,False,NORMAL
2013-12-24,8473.02,8478.09,8450.49,8450.49,193649556.0,193392644.0,0.09764157131593731,0.020110093072103652,0.05564099371320608,0.9915156114973074,0.9952152782693976,False,NORMAL
2013-12-25,8461.49,8484.05,8457.87,8467.76,194156227.0,193710531.0,0.1096120179052531,0.03458656905340218,0.05917529217666728,0.9915308789511506,0.9952152782693976,False,NORMAL
2013-12-26,8467.73,8492.71,8465.85,8485.89,194281841.0,194158673.0,0.1101751236959918,0.03100715858227976,0.06144933567248434,0.991586752982073,0.9952152782693976,False,NORMAL
2013-12-27,8490.73,8543.5,8488.44,8535.04,194359996.0,194296935.0,0.11169955727602976,0.04418592417055822,0.05952968993759189,0.9916295258528721,0.9952152782693976,False,NORMAL
2013-12-30,8552.13,8623.43,8552.13,8623.43,194571064.0,194517741.0,0.13534005840330932,0.05330510979574976,0.05667587489006509,0.9916573033415244,0.9952152782693976,False,NORMAL
2013-12-31,8636.5,8647.24,8593.75,8611.51,194476058.0,194571166.0,0.14515826610088123,0.048072663365999135,0.05292373307881304,0.9918072276456505,0.9952152782693976,False,NORMAL
2014-01-02,8618.6,8632.81,8587.54,8612.54,194959313.0,194476547.0,0.14222547591954537,0.030328914155008713,0.056411265302520164,0.9917374780399497,0.9952152782693976,False,NORMAL
2014-01-03,8584.74,8584.74,8537.86,8546.54,195703293.0,194959318.0,0.13416725056797674,0.021757297164820777,0.0568227849361751,0.9923199173961753,0.9952152782693976,False,NORMAL
2014-01-06,8553.0,8568.24,8488.64,8500.01,195944942.0,195704315.0,0.11306646832282041,0.019961217520273244,0.055811837587258495,0.9924205965706638,0.9952152782693976,False,NORMAL
2014-01-07,8515.36,8547.19,8512.3,8512.3,197195038.0,195944876.0,0.11502333580903801,0.016315151659871185,0.05933389256683008,0.9922228687607159,0.9952152782693976,False,NORMAL
2014-01-08,8548.61,8587.08,8548.61,8556.01,198070824.0,197194975.0,0.11866518662048708,0.0253189737714703,0.06553210930830278,0.9922738018810561,0.9952152782693976,False,NORMAL
2014-01-09,8555.8,8569.11,8506.02,8514.68,198561577.0,198070030.0,0.10587440742905385,0.01979909861462592,0.06937409147210927,0.9921838194649744,0.9952152782693976,False,NORMAL
2014-01-10,8559.18,8559.18,8521.5,8529.35,199510609.0,198561321.0,0.09642740531827099,0.030866719200963066,0.08250235800696704,0.9916317350578784,0.9952152782693976,False,NORMAL
2014-01-13,8587.49,8607.23,8558.96,8566.2,199375277.0,199510457.0,0.09306812439707857,0.02370014866369985,0.07874503151694978,0.9916813637340882,0.9952152782693976,False,NORMAL
2014-01-14,8545.46,8568.31,8523.46,8548.14,199931351.0,199375274.0,0.09507442361571039,0.025918787160142953,0.08054954671812187,0.9916663762882538,0.9952152782693976,False,NORMAL
2014-01-15,8567.81,8619.56,8567.81,8602.55,199869662.0,199931101.0,0.10927790651043368,0.027209397851619244,0.07951352405293277,0.9918380066064486,0.9952152782693976,False,NORMAL
2014-01-16,8653.54,8668.95,8610.24,8612.11,199222973.0,199331781.0,0.11531846779060473,0.020248329915568686,0.0747905256595125,0.9926286407521477,0.9952152782693976,False,NORMAL
2014-01-17,8628.49,8628.86,8580.49,8596.0,199422622.0,199620039.0,0.11078949272740424,0.020985067677674607,0.0735507384782097,0.9926993796407448,0.9952152782693976,False,NORMAL
2014-01-20,8595.59,8636.21,8584.5,8621.56,199040610.0,199422619.0,0.1036811732235483,0.024148667125193146,0.0704571684073454,0.9927995176396368,0.9952152782693976,False,NORMAL
2014-01-21,8639.71,8650.14,8599.9,8599.9,199152900.0,199043505.0,0.0998510068229923,0.024575808769041085,0.06871484149080742,0.9929183609925736,0.9952152782693976,False,NORMAL
2014-01-22,8598.98,8633.57,8596.99,8625.3,198258977.0,199149872.0,0.10241987124183738,0.02514702176920558,0.060993170938355545,0.9927754115461678,0.9952152782693976,False,NORMAL
2014-01-23,8644.56,8647.87,8595.1,8595.1,198022593.0,198258957.0,0.1068999178366572,0.029770134497556944,0.05677690381507161,0.9927719072433353,0.9952152782693976,False,NORMAL
2014-01-24,8581.49,8608.64,8577.14,8598.31,196979819.0,198022699.0,0.1166012807077006,0.02265507271198386,0.05061632267350946,0.9926507945643835,0.9952152782693976,False,NORMAL
2014-01-27,8519.48,8519.48,8442.19,8462.57,194926902.0,196982757.0,0.11106340853709762,0.004938855097625261,0.03499402648214445,0.9918423571427726,0.9952152782693976,False,NORMAL
2014-02-05,8290.17,8313.83,8230.46,8264.48,197380943.0,194870445.0,0.0687467912948232,-0.023695047642899203,0.046302108616273596,0.9916750086420827,0.9952152782693976,False,NORMAL
2014-02-06,8286.16,8333.56,8284.77,8311.01,198946566.0,197377394.0,0.07587004137259679,-0.016455504457956405,0.0567017628724138,0.9913455500472401,0.9952152782693976,False,NORMAL
2014-02-07,8383.99,8409.03,8356.93,8387.35,199320057.0,198946462.0,0.08096944233222936,-9.894875884874921e-05,0.060797540380985504,0.9915278228719927,0.9952152782693976,False,NORMAL
2014-02-10,8416.42,8447.02,8391.95,8391.95,199576131.0,199385907.0,0.08364604128519737,0.0045258997335453355,0.06452864298972805,0.9915783998813916,0.9952152782693976,False,NORMAL
2014-02-11,8413.86,8439.33,8401.54,8430.56,199672818.0,199576140.0,0.09544840884668515,0.020377139260729482,0.06432912295571414,0.9917358347132155,0.9952152782693976,False,NORMAL
2014-02-12,8471.51,8510.87,8471.51,8510.87,199742851.0,199672848.0,0.10925790281756598,0.027638351744814438,0.06711675941342854,0.9917989048800921,0.9952152782693976,False,NORMAL
2014-02-13,8506.22,8511.02,8467.7,8467.7,200282774.0,199742919.0,0.097610137569073,0.022211062434585704,0.06843030051330512,0.9918957103506295,0.9952152782693976,False,NORMAL
2014-02-14,8524.54,8566.99,8508.24,8513.68,200064427.0,200591018.0,0.09121763650346071,0.034520553271791155,0.07024581021892118,0.9919796049757739,0.9952152782693976,False,NORMAL
2014-02-17,8537.83,8558.5,8512.6,8519.55,200227073.0,200079713.0,0.08765118767059277,0.041183932656772226,0.0714816153638893,0.9921389236771516,0.9952152782693976,False,NORMAL
2014-02-18,8530.81,8556.23,8506.06,8556.23,200580011.0,200226934.0,0.08996282812018297,0.044046192555208696,0.08567638717748816,0.991814189490679,0.9952152782693976,False,NORMAL
2014-02-19,8565.06,8577.01,8543.15,8577.01,200782206.0,200579996.0,0.09178242788605351,0.058333518421175956,0.08836179996780369,0.9920289723942324,0.9952152782693976,False,NORMAL
2014-02-20,8555.27,8567.5,8513.08,8524.62,201011558.0,200782206.0,0.07591163121784761,0.047905877262317764,0.08814005231032662,0.992253590094007,0.9952152782693976,False,NORMAL
2014-02-21,8571.29,8612.08,8571.29,8601.86,201127863.0,201011558.0,0.09064605537762449,0.05194249320054012,0.08776210123452377,0.9925044576850058,0.9952152782693976,False,NORMAL
2014-02-24,8603.61,8612.21,8541.65,8560.61,201323381.0,201127799.0,0.08271012375658482,0.045065226467565056,0.09096569797978082,0.9927242204776224,0.9952152782693976,False,NORMAL
2014-02-25,8581.14,8598.73,8564.51,8575.62,201825903.0,201319859.0,0.07957293545816535,0.03818425923796154,0.09260620811603593,0.9930574940894988,0.9952152782693976,False,NORMAL
2014-02-26,8569.04,8626.68,8563.87,8600.86,202148636.0,201825975.0,0.08039061008330739,0.04831518466785156,0.08930669092302934,0.9932083005023633,0.9952152782693976,False,NORMAL
2014-02-27,8626.51,8647.9,8615.41,8639.58,201635781.0,202148626.0,0.0760334284041797,0.06668724419559346,0.08269890525058754,0.9932128043605616,0.9952152782693976,False,NORMAL
2014-03-03,8627.15,8628.05,8545.24,8601.98,202080354.0,201635807.0,0.0809956946060677,0.059777399412082044,0.08610234887548907,0.9933923517332918,0.9952152782693976,False,NORMAL
2014-03-04,8583.58,8595.59,8554.54,8554.54,202696969.0,202080202.0,0.07635145676999189,0.044828036851252806,0.08801168714864538,0.9935866878680434,0.9952152782693976,False,NORMAL
2014-03-05,8622.19,8652.22,8622.19,8632.93,203374397.0,202697018.0,0.08088755447990392,0.04666695764559248,0.09163985022275756,0.9938221169120832,0.9952152782693976,False,NORMAL
2014-03-06,8660.29,8719.17,8660.29,8713.79,203821481.0,203373341.0,0.09639416785778998,0.05037560813319408,0.0946084085668859,0.9940543779189653,0.9952152782693976,False,NORMAL
2014-03-07,8754.74,8787.62,8698.6,8713.96,202838368.0,203821457.0,0.10570620106840578,0.04203682422453747,0.08860544071923848,0.994128403606945,0.9952152782693976,False,NORMAL
2014-03-10,8706.43,8712.88,8651.54,8665.24,203201108.0,202838255.0,0.09714635894241308,0.03073810223354112,0.0896468020311636,0.9943028238493974,0.9952152782693976,False,NORMAL
2014-03-11,8694.96,8716.31,8684.63,8702.33,203881149.0,203200820.0,0.09262200503978213,0.03419290971298716,0.09001543522232436,0.9943883053182733,0.9952152782693976,False,NORMAL
2014-03-12,8671.4,8684.73,8651.99,8684.73,204190257.0,203881149.0,0.10389661562866226,0.03481421022216136,0.08849279057412818,0.9945144300271723,0.9952152782693976,False,NORMAL
2014-03-13,8737.81,8768.66,8732.15,8747.79,205031879.0,204190257.0,0.10274924962591614,0.03917676407697801,0.08970725628046017,0.9947098945704295,0.9952152782693976,False,NORMAL
2014-03-14,8697.73,8709.56,8677.81,8687.63,205232100.0,205031907.0,0.09274241223601609,0.03726207504232537,0.08637524331833002,0.9947140339387548,0.9952152782693976,False,NORMAL
2014-03-17,8697.26,8708.4,8662.49,8700.1,205905716.0,205232066.0,0.09290736397542365,0.03972169240844581,0.08753701596736252,0.9948182927445507,0.9952152782693976,False,NORMAL
2014-03-18,8747.38,8759.55,8713.51,8731.94,205901050.0,205905633.0,0.08943075230126984,0.03402402950043926,0.08660295940902141,0.9948791580626802,0.9952152782693976,False,NORMAL
2014-03-19,8745.02,8749.8,8682.75,8689.46,205473370.0,205903316.0,0.08095069861868542,0.0291435075248212,0.08206293476459248,0.9948319435663922,0.9952152782693976,False,NORMAL
2014-03-20,8638.59,8638.59,8580.4,8597.33,205353419.0,205473368.0,0.07537734326823609,0.019393462235749892,0.08153083039402542,0.9948981401188489,0.9952152782693976,False,NORMAL
2014-03-21,8642.82,8642.82,8562.57,8577.17,205052796.0,205353589.0,0.07274833000021252,0.025814075033517403,0.07685050901879809,0.9948389336696455,0.9952152782693976,False,NORMAL
2014-03-24,8540.27,8605.38,8508.01,8605.38,204069653.0,205052744.0,0.08219815487388948,0.02727010101540639,0.06853450711789333,0.9946840172346958,0.9952152782693976,False,NORMAL
2014-03-25,8589.19,8689.3,8589.19,8689.3,204701927.0,204062300.0,0.09609725146294723,0.04515706885000581,0.0711091022612087,0.9947536661374641,0.9952152782693976,False,NORMAL
2014-03-26,8741.03,8746.71,8717.79,8737.27,204532109.0,204709250.0,0.11853664032035471,0.04601259677741831,0.06885908222088499,0.9946820675464674,0.9952152782693976,False,NORMAL
2014-03-27,8737.56,8780.42,8723.82,8779.57,205520075.0,204532109.0,0.12006169571357672,0.05156640763488962,0.07032389451601473,0.9947318439313957,0.9952152782693976,False,NORMAL
2014-03-28,8779.91,8812.41,8751.07,8774.64,204528328.0,205520431.0,0.12523804088981438,0.04368056711944246,0.06361123203860153,0.9946155495732508,0.9952152782693976,False,NORMAL
2014-03-31,8802.93,8849.28,8769.97,8849.28,203960962.0,204528181.0,0.13280353924299537,0.052417009869739406,0.058518911298817144,0.9944015529692768,0.9952152782693976,False,NORMAL
2014-04-01,8847.34,8873.15,8826.16,8873.15,203381121.0,203961052.0,0.13813489101128495,0.04927475563060679,0.05165111676325229,0.9941195026044365,0.9952152782693976,False,NORMAL
2014-04-02,8906.52,8922.79,8883.14,8905.45,202550989.0,203380144.0,0.13356847909655167,0.053838298134191165,0.04596671009150155,0.9938766678066857,0.9952152782693976,False,NORMAL
2014-04-03,8902.94,8913.74,8871.16,8888.54,203107676.0,202545377.0,0.1313814540066902,0.049692008276096766,0.04610436213307745,0.9936899551947019,0.9952152782693976,False,NORMAL
2014-04-07,8844.91,8876.44,8828.59,8876.44,202449768.0,203107633.0,0.12443692267155826,0.046023457763416875,0.04204163887864332,0.9934445840762117,0.9952152782693976,False,NORMAL
2014-04-08,8878.88,8899.12,8860.7,8888.25,201790583.0,202449855.0,0.12983164863325736,0.041383520170965804,0.03823105141451011,0.9931801081593125,0.9952152782693976,False,NORMAL
2014-04-09,8912.39,8936.57,8912.39,8930.57,201829054.0,201790537.0,0.1277951559680297,0.03561691809407619,0.0373025148282069,0.9929624390860561,0.9952152782693976,False,NORMAL
2014-04-10,8964.34,8978.52,8898.3,8948.1,202956976.0,201828146.0,0.13277986236650619,0.039086060400556955,0.04360905957894312,0.9927115874358737,0.9952152782693976,False,NORMAL
2014-04-11,8900.13,8909.97,8848.24,8908.05,202173407.0,202957217.0,0.12572316060041588,0.03431159681116114,0.037003074585105766,0.992447566448081,0.9952152782693976,False,NORMAL
2014-04-14,8897.23,8899.51,8852.66,8857.42,200477563.0,202173407.0,0.11521401096652739,0.03637495407498226,0.024395450514979267,0.991694812077513,0.9952152782693976,False,NORMAL
2014-04-15,8898.65,8918.94,8889.44,8916.71,199471183.0,200477563.0,0.15012917930190284,0.04902347173709187,0.017996080756195187,0.9913581023628361,0.9952152782693976,False,NORMAL
2014-04-16,8921.07,8968.56,8894.29,8923.82,198753873.0,199471183.0,0.1546579302170914,0.0483441608026034,0.007905041707996663,0.9908108037070159,0.9952152782693976,False,NORMAL
2014-04-17,8942.23,8962.66,8921.56,8944.16,200425668.0,198753867.0,0.15366835207924878,0.045365772129766,0.011888898892044697,0.990747794013039,0.9952152782693976,False,NORMAL
2014-04-18,8994.77,9002.7,8945.56,8966.66,200573525.0,200429034.0,0.14108969480706235,0.053082441148698534,0.010132614931840589,0.9906449095666733,0.9952152782693976,False,NORMAL
2014-04-21,8961.52,8965.58,8938.47,8951.19,200409288.0,200573429.0,0.1444149109584576,0.04945746158851505,0.004504417105959613,0.9905104158901269,0.9952152782693976,False,NORMAL
2014-04-22,8956.22,8989.06,8955.19,8974.71,200355577.0,200409256.0,0.15600892892794893,0.047688590039924206,0.004916858372565391,0.9904094120398723,0.9952152782693976,False,NORMAL
2014-04-23,9009.59,9022.28,8947.86,8956.92,199748473.0,200355813.0,0.1481685157767223,0.04782092946535754,-0.000914703967563324,0.9902009682817082,0.9952152782693976,False,NORMAL
2014-04-24,8968.82,8971.94,8926.55,8945.45,200062893.0,199748473.0,0.14552052933319848,0.03986027398852676,0.0009667850441454906,0.9901831209783268,0.9952152782693976,False,NORMAL
2014-04-25,8945.81,8951.06,8749.51,8774.12,196714305.0,200062736.0,0.12613603547523855,0.018811882337777863,-0.012592262640313101,0.9897772943533641,0.9952152782693976,False,NORMAL
2014-04-28,8680.14,8825.93,8671.65,8809.71,196474817.0,196713587.0,0.1108223634437886,0.02486156351791524,-0.014781698136533405,0.9898493961759217,0.9952152782693976,False,NORMAL
2014-04-29,8845.6,8884.48,8833.37,8872.11,197408305.0,196474553.0,0.11313513282930043,0.029060866014967157,-0.00820086413521337,0.9897850874625379,0.9952152782693976,False,NORMAL
2014-04-30,8885.7,8890.09,8791.44,8791.44,197943911.0,197408305.0,0.1068481147005389,0.022272352004093277,-0.006070657268862245,0.9898497331428896,0.9952152782693976,False,NORMAL
2014-05-02,8846.86,8875.9,8839.92,8867.32,198056201.0,197943831.0,0.10513964238488183,0.028059313878937564,-0.0010227834475308173,0.9897857092325876,0.9952152782693976,False,NORMAL
2014-05-05,8895.87,8911.08,8844.45,8870.43,199503048.0,198055910.0,0.10579736341820678,0.03203336784912336,0.007476192375685198,0.9895467089208756,0.9952152782693976,False,NORMAL
2014-05-06,8888.45,8927.39,8853.72,8912.39,200809063.0,199503124.0,0.11098520828814529,0.03652810843061016,0.019439778244491057,0.9891813207086223,0.9952152782693976,False,NORMAL
2014-05-07,8903.72,8911.03,8856.98,8893.22,201246072.0,200809063.0,0.1075352377536507,0.05088879619311859,0.03241815231845213,0.9885675894125288,0.9952152782693976,False,NORMAL
2014-05-08,8925.21,8941.46,8891.74,8930.9,201963879.0,201245941.0,0.10344393018733178,0.08063665227576333,0.023218735964798842,0.9882255107829547,0.9952152782693976,False,NORMAL
2014-05-09,8943.14,8945.63,8878.32,8889.69,202257428.0,201963879.0,0.09364323842869116,0.06962811980733985,0.016641966064395497,0.9880663179073961,0.9952152782693976,False,NORMAL
2014-05-12,8893.72,8898.31,8803.43,8808.61,202447146.0,202257240.0,0.08279994050421458,0.05022563741825481,0.01568878238881899,0.9880342250877518,0.9952152782693976,False,NORMAL
2014-05-13,8865.61,8886.66,8809.06,8817.94,201713697.0,202447136.0,0.07943273697675979,0.05076174190742311,0.010710529306733552,0.9879353027676373,0.9952152782693976,False,NORMAL
2014-05-14,8842.05,8875.16,8812.19,8875.16,201504535.0,201706656.0,0.08723444394626512,0.05273671025412319,0.009173592171168643,0.988036719807536,0.9952152782693976,False,NORMAL
2014-05-15,8852.92,8880.65,8839.44,8880.65,201766342.0,201505102.0,0.0742171671047489,0.04344796712909482,0.0101304802142832,0.9880496322511652,0.9952152782693976,False,NORMAL
2014-05-16,8857.12,8896.72,8816.92,8888.45,201708558.0,201766627.0,0.07272121642937579,0.049688817506524874,0.0071188548646725636,0.9882233194874327,0.9952152782693976,False,NORMAL
2014-05-19,8901.54,8912.35,8877.46,8899.9,202319377.0,201708903.0,0.07483339895124064,0.045364636678850934,0.011271119178023481,0.9881257757147734,0.9952152782693976,False,NORMAL
2014-05-20,8922.08,8930.79,8887.79,8887.79,202318162.0,202317511.0,0.07752730252948492,0.0432229401787656,0.01044358771603271,0.9883059886454925,0.9952152782693976,False,NORMAL
2014-05-21,8894.16,8905.04,8848.53,8862.42,202744576.0,202318161.0,0.07399579729077943,0.03578562053614731,0.01079152897244584,0.9881555846891062,0.9952152782693976,False,NORMAL
2014-05-22,8899.82,8969.63,8899.82,8969.63,203382886.0,202744575.0,0.07826326336554623,0.04577585895317826,0.012952741439647308,0.9879862694664856,0.9952152782693976,False,NORMAL
2014-05-23,8960.79,9008.22,8960.79,9008.22,204030215.0,203382886.0,0.07367894112669182,0.05672980144569473,0.015017330495990633,0.9878019990358522,0.9952152782693976,False,NORMAL
2014-05-26,9040.49,9053.75,9026.77,9036.12,205064662.0,204030215.0,0.0798177383639711,0.050484430111626954,0.019573613229311837,0.9875459653025299,0.9952152782693976,False,NORMAL
2014-05-27,9045.08,9059.19,9035.69,9055.29,205399167.0,205064448.0,0.08096406252797839,0.057785601726979774,0.020244970950492824,0.9873314626448522,0.9952152782693976,False,NORMAL
2014-05-28,9072.04,9125.14,9069.89,9121.71,205480803.0,205399164.0,0.08811351477087692,0.0636793607925723,0.01810917204220308,0.9872744213229684,0.9952152782693976,False,NORMAL
2014-05-29,9123.46,9131.66,9093.57,9109.0,206151523.0,205480803.0,0.08455453372132338,0.059080138497778156,0.019801701753753065,0.9870890112811886,0.9952152782693976,False,NORMAL
2014-05-30,9130.66,9139.57,9075.91,9075.91,206289559.0,206151523.0,0.10173552986648171,0.05050361244412338,0.023080119892014528,0.9868383626535677,0.9952152782693976,False,NORMAL
2014-06-03,9106.61,9128.34,9070.45,9123.46,206698135.0,206289559.0,0.11129165458757706,0.06062325185596795,0.02285121194908446,0.986607286260165,0.9952152782693976,False,NORMAL
2014-06-04,9135.01,9140.55,9114.18,9119.96,207814964.0,206698475.0,0.10143114213596438,0.06609589761693768,0.0252494895471278,0.986367539697967,0.9952152782693976,False,NORMAL
2014-06-05,9127.56,9140.72,9094.13,9140.72,208608156.0,207812433.0,0.1062162276641192,0.05882012248448665,0.025734601194662643,0.9861494796896912,0.9952152782693976,False,NORMAL
2014-06-06,9167.83,9174.77,9122.56,9134.46,208875902.0,208607837.0,0.09553484690389658,0.048276352769575315,0.024798274329092873,0.9859232707826014,0.9952152782693976,False,NORMAL
2014-06-09,9153.93,9166.58,9138.93,9162.74,208639304.0,208875240.0,0.11153920340058376,0.051501269227767876,0.028598810260591412,0.9856432237487763,0.9952152782693976,False,NORMAL
2014-06-10,9181.9,9222.37,9171.75,9222.37,208008060.0,208639285.0,0.11721301545767338,0.06429481468487896,0.023656130851412493,0.9853259474120339,0.9952152782693976,False,NORMAL
2014-06-11,9218.5,9229.8,9204.76,9229.8,208307766.0,208007790.0,0.12544537142940748,0.06061250262860618,0.021711752271908136,0.9851307436056131,0.9952152782693976,False,NORMAL
2014-06-12,9209.99,9220.89,9186.79,9204.65,209160738.0,208307784.0,0.12372149691987255,0.059865994682621215,0.024342400430986233,0.9850280917641171,0.9952152782693976,False,NORMAL
2014-06-13,9192.73,9207.74,9171.51,9196.39,209970133.0,209160660.0,0.12399060854983723,0.051281523676265595,0.024085298462294347,0.9851238556710946,0.9952152782693976,False,NORMAL
2014-06-16,9196.23,9214.19,9179.56,9202.93,210832554.0,209970132.0,0.13670588700294206,0.05931422033396916,0.027288392020546448,0.9851342435661791,0.9952152782693976,False,NORMAL
2014-06-17,9223.02,9249.87,9200.86,9240.6,211461325.0,210832554.0,0.14149125407648988,0.062125722692842666,0.026981324792362704,0.9852070918319461,0.9952152782693976,False,NORMAL
2014-06-18,9257.65,9316.64,9204.35,9279.93,210160150.0,211461325.0,0.1371696760635006,0.0627569589346697,0.020685178633134793,0.9852319793930578,0.9952152782693976,False,NORMAL
2014-06-19,9288.69,9324.4,9283.38,9316.81,211148113.0,210160131.0,0.1479346734597069,0.0721966612424707,0.02761790007143028,0.9850557968119923,0.9952152782693976,False,NORMAL
2014-06-20,9330.35,9339.83,9273.79,9273.79,211475889.0,211148113.0,0.1662709421680506,0.07868256772742255,0.029814307596212952,0.9850529055704866,0.9952152782693976,False,NORMAL
2014-06-23,9293.06,9302.65,9225.73,9228.35,209695586.0,211475889.0,0.1625916192770236,0.07592014615543352,0.02264192486309713,0.984872429617356,0.9952152782693976,False,NORMAL
2014-06-24,9232.35,9276.24,9232.35,9246.2,210646073.0,209695586.0,0.15680310876291315,0.07446736808833565,0.03222634969639504,0.984515101908413,0.9952152782693976,False,NORMAL
2014-06-25,9250.13,9255.87,9229.8,9242.16,211121084.0,210646073.0,0.15368080469153722,0.06362537833887671,0.031358556776067914,0.9847155111493044,0.9952152782693976,False,NORMAL
2014-06-26,9273.36,9320.94,9271.35,9320.94,212135805.0,211121084.0,0.1640422160029673,0.06680233070512864,0.037176050436168895,0.9846222787537092,0.9952152782693976,False,NORMAL
2014-06-27,9316.89,9330.95,9303.57,9306.83,211980113.0,212135508.0,0.17824231444591732,0.060055333006058476,0.03143263741996982,0.9845495474320499,0.9952152782693976,False,NORMAL
2014-06-30,9332.44,9393.07,9327.89,9393.07,211856840.0,211979993.0,0.20527349739712641,0.07047924473254752,0.03583128103408728,0.9845078232217932,0.9952152782693976,False,NORMAL
2014-07-01,9393.07,9463.06,9374.28,9441.92,211942248.0,211856840.0,0.2170512359452077,0.06697042019237709,0.039131439280032376,0.9845940864832903,0.9952152782693976,False,NORMAL
2014-07-02,9482.0,9547.05,9421.87,9484.96,210679617.0,211943404.0,0.23772351867293562,0.06895071085240301,0.03588580869312841,0.9845492001193009,0.9952152782693976,False,NORMAL
2014-07-03,9468.78,9538.65,9449.78,9526.23,212066213.0,210679617.0,0.22369617716575885,0.06970787551443203,0.04697693181838769,0.9840311831916712,0.9952152782693976,False,NORMAL
2014-07-04,9525.93,9550.11,9482.94,9510.05,212140412.0,212061857.0,0.20626212914927877,0.06992261946281375,0.04447264710960508,0.9840019414488602,0.9952152782693976,False,NORMAL
2014-07-07,9497.27,9520.2,9454.67,9520.2,211617233.0,212140412.0,0.18084247371378326,0.07252457066121099,0.04528266488307353,0.9839814580859599,0.9952152782693976,False,NORMAL
2014-07-08,9515.18,9540.57,9499.17,9530.98,211631850.0,211611214.0,0.18603534096565455,0.07231232244817587,0.0487697039856414,0.9839362192372316,0.9952152782693976,False,NORMAL
2014-07-09,9510.0,9522.99,9478.76,9489.98,212336049.0,211631826.0,0.18390041742245988,0.06263989868507824,0.052058882463968725,0.9839397233978752,0.9952152782693976,False,NORMAL
2014-07-10,9512.89,9568.75,9512.89,9565.12,212595727.0,212335993.0,0.20902695091399526,0.06895542070383653,0.04749159743097464,0.9838941583136046,0.9952152782693976,False,NORMAL
2014-07-11,9561.71,9591.27,9478.07,9495.84,210723238.0,212595726.0,0.20296134142077493,0.06598413794264757,0.042289592517971375,0.9837599581625497,0.9952152782693976,False,NORMAL
2014-07-14,9497.81,9545.99,9488.12,9520.3,212017176.0,210723272.0,0.18976682804661937,0.07483894858773765,0.05756062088603908,0.9826906579266825,0.9952152782693976,False,NORMAL
2014-07-15,9558.42,9593.68,9547.94,9569.17,213101156.0,212016643.0,0.21338542340299815,0.07317272850636636,0.06833053674725531,0.9822531985308083,0.9952152782693976,False,NORMAL
2014-07-16,9570.33,9574.13,9471.65,9484.73,214220844.0,213101031.0,0.18987778471945171,0.0628553691132272,0.07781972127909165,0.9821031181892352,0.9952152782693976,False,NORMAL
2014-07-17,9420.11,9461.86,9373.87,9408.24,215175463.0,214221822.0,0.17431403361837527,0.05188637054793288,0.07359234546744786,0.982149800132261,0.9952152782693976,False,NORMAL
2014-07-18,9335.38,9421.34,9335.38,9400.97,215874367.0,215175434.0,0.14932746829283783,0.048436095491520836,0.07628545193090663,0.9828797027231462,0.9952152782693976,False,NORMAL
2014-07-21,9453.78,9480.14,9426.3,9440.97,215711398.0,215874345.0,0.1484680353604224,0.05471674715875752,0.07635429551548523,0.9828965426018541,0.9952152782693976,False,NORMAL
2014-07-22,9453.23,9499.36,9418.74,9499.36,215429815.0,215711398.0,0.1507847669443274,0.05845871342918052,0.07523742650797294,0.982869040898936,0.9952152782693976,False,NORMAL
2014-07-24,9508.26,9538.07,9483.52,9527.54,216544269.0,215429744.0,0.15343984523208531,0.06370716719586644,0.08408472789676846,0.9825181171206738,0.9952152782693976,False,NORMAL
2014-07-25,9519.99,9528.7,9412.48,9439.29,217334794.0,216525697.0,0.14291647243293637,0.05520571910859706,0.08633235649551474,0.9826947425032049,0.9952152782693976,False,NORMAL
2014-07-28,9415.9,9460.43,9385.56,9420.18,218028353.0,217334647.0,0.14952018821508073,0.07363245544852348,0.10835026969695982,0.9809838253249332,0.9952152782693976,False,NORMAL
2014-07-29,9457.8,9483.75,9357.32,9391.88,216281757.0,218044767.0,0.1649522514800863,0.06608276549398329,0.10081159663327233,0.981184767213399,0.9952152782693976,False,NORMAL
2014-07-30,9409.62,9456.03,9398.82,9447.02,215996573.0,216281023.0,0.16551456119031038,0.06479969251959217,0.09416152983026738,0.9813111770497359,0.9952152782693976,False,NORMAL
2014-07-31,9436.04,9438.97,9313.87,9315.85,217139606.0,215995934.0,0.13405318546742717,0.059650068703193115,0.09697542552849736,0.9818880529175074,0.9952152782693976,False,NORMAL
2014-08-01,9223.75,9274.64,9201.83,9266.51,216341046.0,217139580.0,0.1305875046820535,0.04501811144742729,0.09232149716938176,0.9821763570153571,0.9952152782693976,False,NORMAL
2014-08-04,9280.29,9330.19,9258.18,9330.19,216458876.0,216340200.0,0.1429042160424716,0.05183063278781308,0.08499032054888711,0.9823384403441239,0.9952152782693976,False,NORMAL
2014-08-05,9316.82,9316.82,9141.44,9141.44,217365328.0,216458512.0,0.12173166122659351,0.02570017694468052,0.0824477976872986,0.9834920415833693,0.9952152782693976,False,NORMAL
2014-08-06,9148.36,9163.81,9070.09,9143.97,215060472.0,217364635.0,0.13104953924175877,0.028195636676029645,0.06864432116717278,0.9832779869926248,0.9952152782693976,False,NORMAL
2014-08-07,9162.65,9172.88,9108.85,9131.44,214621513.0,215058528.0,0.11856239013664394,0.022454623834104126,0.06267276140007194,0.9835878037191078,0.9952152782693976,False,NORMAL
2014-08-08,9120.2,9120.2,9014.89,9085.96,213257793.0,214621587.0,0.12062496762432873,0.022078385185535065,0.05438794069901842,0.9833831872711261,0.9952152782693976,False,NORMAL
2014-08-11,9109.83,9184.96,9107.21,9172.91,212962550.0,213130695.0,0.13861215309413089,0.041357262950681095,0.05194147809818972,0.9833933248947108,0.9952152782693976,False,NORMAL
2014-08-12,9188.85,9198.1,9146.98,9163.12,212410463.0,212952308.0,0.13126614221445254,0.03914519717757203,0.05302944797050646,0.9833539829756692,0.9952152782693976,False,NORMAL
2014-08-13,9155.02,9231.66,9147.14,9231.31,211884402.0,212411038.0,0.1342584685628907,0.040128854015026194,0.05151182825736411,0.9833393262585065,0.9952152782693976,False,NORMAL
2014-08-14,9276.41,9282.01,9218.55,9230.61,211887641.0,211884539.0,0.14824149045082002,0.039407025386655414,0.050163465817306685,0.983289052566204,0.9952152782693976,False,NORMAL
2014-08-15,9243.67,9243.67,9172.91,9206.81,211405301.0,211887569.0,0.16228669825243114,0.035817268477631004,0.04807303713905875,0.9832261951949653,0.9952152782693976,False,NORMAL
2014-08-18,9222.73,9222.73,9128.66,9141.31,210092809.0,211405169.0,0.15600549845909084,0.027125023876672705,0.03842158924797401,0.9828048234958152,0.9952152782693976,False,NORMAL
2014-08-19,9188.63,9255.09,9188.63,9243.78,209030282.0,210091978.0,0.17663127184597016,0.04005382665432,0.03317606256229233,0.983449463812079,0.9952152782693976,False,NORMAL
2014-08-20,9278.15,9294.49,9249.31,9288.05,208078123.0,209164161.0,0.1751997246747592,0.048026385569629904,0.026306730888820518,0.9831381172416168,0.9952152782693976,False,NORMAL
2014-08-21,9286.82,9289.02,9217.97,9253.38,207753068.0,208078106.0,0.15866105203054737,0.03163452673075695,0.021487461830982157,0.9828773909402028,0.9952152782693976,False,NORMAL
2014-08-22,9273.07,9380.6,9271.87,9380.1,207754795.0,207753057.0,0.17968943560385497,0.0412822955034402,0.01825504129376121,0.9826805130583037,0.9952152782693976,False,NORMAL
2014-08-25,9393.24,9409.35,9369.24,9390.62,208111174.0,207754609.0,0.19060611669958893,0.039231440042850174,0.014856348091803362,0.9825396364589196,0.9952152782693976,False,NORMAL
2014-08-26,9394.28,9418.77,9386.49,9393.96,208164701.0,208111174.0,0.1853577287066246,0.03740023787200619,0.013464192870850322,0.9823622942177204,0.9952152782693976,False,NORMAL
2014-08-27,9426.29,9491.75,9426.29,9485.59,207726922.0,208164774.0,0.20067567824146448,0.03989164312393201,0.010931040599447162,0.9821795852019161,0.9952152782693976,False,NORMAL
2014-08-28,9499.22,9502.42,9453.49,9478.37,209021339.0,207726922.0,0.21011024365955344,0.040550005489076835,0.013920906128838118,0.9821359801225105,0.9952152782693976,False,NORMAL
2014-08-29,9459.81,9470.15,9425.35,9436.27,209431911.0,209021493.0,0.20755197469281006,0.0397051094600982,0.015232724405601195,0.9820443795872461,0.9952152782693976,False,NORMAL
2014-09-01,9474.41,9532.66,9472.96,9513.06,209455033.0,209431935.0,0.20826691696376742,0.042703097289844116,0.013337798137365908,0.9818651615697744,0.9952152782693976,False,NORMAL
2014-09-02,9503.65,9503.65,9388.13,9399.72,209822908.0,209451056.0,0.19059603773035216,0.030675573138478684,0.009662172354441223,0.9816727205553474,0.9952152782693976,False,NORMAL
2014-09-03,9434.88,9455.78,9396.79,9450.35,209911999.0,209822723.0,0.2083548570230307,0.03387369922719441,0.006250201454251814,0.981425136976744,0.9952152782693976,False,NORMAL
2014-09-04,9439.76,9439.76,9389.29,9428.89,210331795.0,209911714.0,0.20504080751072906,0.03223288514044631,0.006970133874035778,0.9812651546856677,0.9952152782693976,False,NORMAL
2014-09-05,9446.45,9451.39,9365.7,9407.94,210824905.0,210332097.0,0.18822227779419687,0.02676055415738099,0.0104754998607548,0.980940432446026,0.9952152782693976,False,NORMAL
2014-09-09,9452.14,9465.93,9426.99,9434.77,210957996.0,210824558.0,0.1761280695696401,0.02303095625094187,0.014181835069275728,0.9805201819618395,0.9952152782693976,False,NORMAL
2014-09-10,9410.62,9410.62,9309.05,9357.61,211980017.0,210957913.0,0.16404689222103652,0.013847537324752635,0.017628968283400548,0.9800453894771516,0.9952152782693976,False,NORMAL
2014-09-11,9376.38,9381.05,9322.95,9322.95,211855119.0,211980017.0,0.1526364397276585,0.012852199703411005,0.012881867915382816,0.9795446677938419,0.9952152782693976,False,NORMAL
2014-09-12,9324.74,9333.28,9223.18,9223.18,212104254.0,211855067.0,0.14099690230891815,0.0029130995966897277,0.010163926504728193,0.9791302598213755,0.9952152782693976,False,NORMAL
2014-09-15,9206.41,9242.23,9175.61,9217.46,211862646.0,211963076.0,0.12833237443537215,0.001578844998277651,0.004885829917897766,0.9786555645044354,0.9952152782693976,False,NORMAL
2014-09-16,9218.85,9219.42,9133.4,9133.4,211820463.0,211857372.0,0.11871340731486235,-0.011600978291453012,0.001698362572919665,0.9782546055752066,0.9952152782693976,False,NORMAL
2014-09-17,9171.04,9252.38,9159.85,9195.17,212194160.0,211820398.0,0.12244220353486468,-0.009133689586020566,0.009678380987071078,0.9775792030116555,0.9952152782693976,False,NORMAL
2014-09-18,9211.8,9237.88,9201.91,9237.03,212846201.0,212194129.0,0.12526359003845888,-0.008563016740708362,0.008042165169621862,0.9771802856980474,0.9952152782693976,False,NORMAL
2014-09-19,9268.44,9289.22,9235.44,9240.45,212853952.0,212709376.0,0.12565004951888126,-0.0035950781719232827,0.006516407173018157,0.9769077262853352,0.9952152782693976,False,NORMAL
2014-09-22,9220.54,9220.54,9106.27,9134.65,213801737.0,212849856.0,0.11054713714658071,-0.01015349439498947,0.019581485134360532,0.9759307433686732,0.9952152782693976,False,NORMAL
2014-09-23,9134.29,9147.21,9084.9,9084.9,214233372.0,213801726.0,0.11222790822947526,-0.01744500443425423,0.01702998279963186,0.9756442178014667,0.9952152782693976,False,NORMAL
2014-09-24,9071.8,9123.11,9071.8,9098.49,215052402.0,214233358.0,0.11741017478704285,-0.015545067386844691,0.018621152968312682,0.9753008141728806,0.9952152782693976,False,NORMAL
2014-09-25,9126.76,9149.41,8982.51,9011.59,214467652.0,215052392.0,0.09160737171333944,-0.033188712726398895,0.01099223678907002,0.9746963885002775,0.9952152782693976,False,NORMAL
2014-09-26,8957.56,9001.98,8913.51,8989.82,213726986.0,214466257.0,0.08970421029409259,-0.03406208128868804,0.00824074001696573,0.9746486404105863,0.9952152782693976,False,NORMAL
2014-09-29,9018.46,9018.46,8948.09,8960.76,214337709.0,213663168.0,0.09155360218682018,-0.04602435625413204,0.011710119909274619,0.9745520201728031,0.9952152782693976,False,NORMAL
2014-09-30,8954.58,8998.83,8860.17,8966.92,213830708.0,214323182.0,0.08128588190038877,-0.05030756456313967,0.008910257477310557,0.9747102181853089,0.9952152782693976,False,NORMAL
2014-10-01,8958.87,9014.26,8918.96,8990.26,213831969.0,213830162.0,0.08327870906794921,-0.052156255798653794,0.014962776394263244,0.9746450390833526,0.9952152782693976,False,NORMAL
2014-10-02,8959.37,9010.27,8913.01,8975.19,214166530.0,213605814.0,0.08344982435809234,-0.05784449882062459,0.009904062369426203,0.9745298428556388,0.9952152782693976,False,NORMAL
2014-10-03,9010.3,9113.8,8998.27,9106.28,213724562.0,214256365.0,0.11260061480717631,-0.042457190025288916,0.007467459806762333,0.9746622773797269,0.9952152782693976,False,NORMAL
2014-10-06,9118.28,9122.54,9065.34,9095.14,214515204.0,213704341.0,0.10502898909932101,-0.04464822167601534,0.013694399831794435,0.9745665433848087,0.9952152782693976,False,NORMAL
2014-10-07,9065.67,9074.8,8993.45,9040.81,213983651.0,214076408.0,0.10606236703054983,-0.05142912900876928,0.011112698773837693,0.9746026326468803,0.9952152782693976,False,NORMAL
2014-10-08,8989.99,9038.61,8955.18,8955.18,213847332.0,213889480.0,0.09382656937444889,-0.056354175667388096,0.007117411325667122,0.9748524393549639,0.9952152782693976,False,NORMAL
2014-10-09,9021.31,9054.67,8946.16,8966.44,213266546.0,214069169.0,0.09126978331459057,-0.0625899100063565,0.0031553738613006033,0.975137211206,0.9952152782693976,False,NORMAL
2014-10-13,8767.42,8795.77,8711.39,8711.39,210349739.0,213274099.0,0.042154463082992866,-0.08260985863283299,-0.0017724623233057457,0.976118398460148,0.9952152782693976,False,NORMAL
2014-10-14,8691.83,8768.39,8684.19,8768.39,209626728.0,210347091.0,0.048279943332277364,-0.07897965400249995,-0.011274784642919644,0.9761870930382416,0.9952152782693976,False,NORMAL
2014-10-15,8769.39,8776.91,8635.41,8655.51,208014848.0,209235377.0,0.038620486076945904,-0.09547954524791591,-0.023868045089347145,0.976422731673988,0.9952152782693976,False,NORMAL
2014-10-16,8602.65,8676.46,8501.29,8633.69,206115488.0,208227442.0,0.03080835517243452,-0.08972738285644388,-0.03783644881914483,0.9764807211967489,0.9952152782693976,False,NORMAL
2014-10-17,8688.71,8699.77,8512.88,8512.88,204759474.0,206103104.0,0.020150442255171708,-0.09516764028128544,-0.048406955211245384,0.9772675340850566,0.9952152782693976,False,NORMAL
2014-10-20,8617.08,8679.85,8611.17,8663.14,204492279.0,205313778.0,0.03758008089233056,-0.07848445426376216,-0.0527255188199347,0.978601991686652,0.9952152782693976,False,NORMAL
2014-10-21,8676.32,8676.32,8636.67,8654.64,204263665.0,204491800.0,0.046009407828899285,-0.08328911118243143,-0.05306967135783891,0.9797378770272286,0.9952152782693976,False,NORMAL
2014-10-22,8744.91,8775.35,8729.77,8748.83,203868483.0,204263684.0,0.04552527043886867,-0.07900848057132281,-0.05366635068595316,0.9808378066676026,0.9952152782693976,False,NORMAL
2014-10-23,8735.38,8751.67,8714.88,8731.07,203809133.0,203870208.0,0.04787342568211428,-0.08359660520973944,-0.05881077369911836,0.9818097121566607,0.9952152782693976,False,NORMAL
2014-10-24,8740.28,8750.42,8629.24,8646.01,203973948.0,204210372.0,0.03239884986650243,-0.0840402191266505,-0.06147587210541172,0.9833133958762119,0.9952152782693976,False,NORMAL
2014-10-27,8671.51,8689.67,8607.23,8627.78,201025332.0,203973252.0,0.022104703246817126,-0.08411728862930423,-0.07798536642617304,0.9835814500189688,0.9952152782693976,False,NORMAL
2014-10-28,8692.52,8788.28,8692.52,8773.55,199594156.0,201022645.0,0.04207346911627052,-0.06583665890109325,-0.07715676639338565,0.9847853146079615,0.9952152782693976,False,NORMAL
2014-10-29,8821.85,8903.68,8821.85,8903.68,198685011.0,199593508.0,0.05766149101893858,-0.057514433122826,-0.08014739196811238,0.9857762150487364,0.9952152782693976,False,NORMAL
2014-10-30,8890.19,8892.99,8842.8,8888.07,199394307.0,198684975.0,0.05890783714297276,-0.04591958865803991,-0.08172299529732041,0.9867723857098027,0.9952152782693976,False,NORMAL
2014-10-31,8909.34,8974.76,8885.21,8974.76,199156223.0,199319167.0,0.06668156297095718,-0.03148434523893029,-0.07943394615925081,0.9877225887825188,0.9952152782693976,False,NORMAL
2014-11-03,9009.38,9029.71,8965.5,9004.86,198985879.0,199154224.0,0.07886306073596261,-0.034868528936709775,-0.08072201668459189,0.9888517882096252,0.9952152782693976,False,NORMAL
2014-11-04,9030.96,9046.22,8980.96,8989.18,199287658.0,198984404.0,0.06914388135821015,-0.016656019182973436,-0.0831672197508887,0.9899368601532632,0.9952152782693976,False,NORMAL
2014-11-05,8997.76,9013.06,8941.18,8962.6,200148693.0,199287604.0,0.06431792974214412,-0.019834929467178797,-0.06933760937714295,0.9898732454227817,0.9952152782693976,False,NORMAL
2014-11-06,8968.79,8979.97,8887.36,8891.02,199929788.0,200148625.0,0.050319785093076774,-0.026328815608491096,-0.06845411158759285,0.9903037284944374,0.9952152782693976,False,NORMAL
2014-11-07,8881.19,8925.62,8867.78,8912.62,199855918.0,199929780.0,0.05474043971285436,-0.0190777859466692,-0.0628435416660248,0.990486030432217,0.9952152782693976,False,NORMAL
2014-11-10,8937.59,9062.89,8937.59,9049.98,199287369.0,199855912.0,0.07889673326037339,-0.013401417870664845,-0.06421401791066084,0.9908070935176891,0.9952152782693976,False,NORMAL
2014-11-11,9067.54,9069.44,9021.54,9034.14,199445842.0,199282729.0,0.08139676854828859,-0.014075991583652914,-0.061035698603980726,0.9910104081136006,0.9952152782693976,False,NORMAL
2014-11-12,9030.13,9030.13,8894.11,8918.95,200178953.0,199445366.0,0.07948851395512091,-0.03383701771471204,-0.055244505445002035,0.9911177594257949,0.9952152782693976,False,NORMAL
2014-11-13,8947.97,8980.67,8927.09,8980.67,199707717.0,200092096.0,0.08436398586326699,-0.027077300416765593,-0.05748293738378063,0.9913199145268005,0.9952152782693976,False,NORMAL
2014-11-14,8992.4,8996.38,8950.23,8982.88,199583477.0,199793651.0,0.08440300300227799,-0.024322213665753933,-0.055920187166924484,0.9915321579432436,0.9952152782693976,False,NORMAL
2014-11-17,9003.37,9024.0,8878.38,8884.39,199474472.0,199582878.0,0.07956653976686567,-0.028105380957433868,-0.05054117297275029,0.9916052957936582,0.9952152782693976,False,NORMAL
2014-11-18,8916.08,8944.26,8828.15,8859.07,197763465.0,199474438.0,0.08267705950216064,-0.04161825573520794,-0.053900405683804276,0.991743445213734,0.9952152782693976,False,NORMAL
2014-11-19,8896.16,8988.64,8879.29,8963.24,196217924.0,197431966.0,0.09371026666634119,-0.03497074197490313,-0.05699877925177166,0.9919042334817714,0.9952152782693976,False,NORMAL
2014-11-20,8984.93,9078.87,8984.93,9078.87,196000712.0,196207981.0,0.12025897490949222,-0.01885905474540095,-0.05656886857622723,0.9920633175330946,0.9952152782693976,False,NORMAL
2014-11-21,9104.34,9111.18,9071.86,9091.53,196257277.0,196002016.0,0.1175944171478236,-0.030764064348994147,-0.05534176960873516,0.9922399294969008,0.9952152782693976,False,NORMAL
2014-11-24,9144.42,9165.71,9104.54,9122.33,196415620.0,196257533.0,0.11559204218600194,-0.02856999857304421,-0.05619858739540817,0.9923724512027517,0.9952152782693976,False,NORMAL
2014-11-25,9125.27,9153.55,9098.32,9116.24,196503161.0,196415504.0,0.11289562544406007,-0.029563677086127615,-0.05602073715658451,0.9924985695787034,0.9952152782693976,False,NORMAL
2014-11-26,9125.08,9146.04,9112.19,9122.39,196124768.0,196593218.0,0.10437749161340948,-0.03828965831329423,-0.05585291443349838,0.9926222374791339,0.9952152782693976,False,NORMAL
2014-11-27,9153.49,9217.73,9153.49,9165.31,195162918.0,195972822.0,0.11711313115061817,-0.03302888576833374,-0.06630146503845713,0.992631922586549,0.9952152782693976,False,NORMAL
2014-11-28,9163.19,9201.8,9158.28,9187.15,194947514.0,195158502.0,0.1342930692824822,-0.02640026196791745,-0.06916041080291724,0.99277572464846,0.9952152782693976,False,NORMAL
2014-12-01,9038.41,9164.54,8998.55,9117.71,195092000.0,194947270.0,0.12331614260827561,-0.041558657256445364,-0.06857334862896325,0.9929245655873332,0.9952152782693976,False,NORMAL
2014-12-02,9098.36,9104.84,9009.69,9034.79,196516014.0,195086691.0,0.10348445375944593,-0.03882349687011932,-0.06341964338803274,0.9929788360472883,0.9952152782693976,False,NORMAL
2014-12-03,9073.47,9188.32,9045.2,9175.26,197895153.0,196516476.0,0.11241970800264789,-0.029108974799875176,-0.05724706570966431,0.9929910159028493,0.9952152782693976,False,NORMAL
2014-12-04,9212.85,9251.85,9195.15,9225.11,197433899.0,197895204.0,0.11201102233879978,-0.021612300069255075,-0.06132166560932928,0.9930970600969021,0.9952152782693976,False,NORMAL
2014-12-05,9220.25,9240.51,9192.29,9206.57,198487028.0,197433810.0,0.10094434273291375,-0.021404260656424312,-0.0585219141922535,0.9931902230185404,0.9952152782693976,False,NORMAL
2014-12-08,9231.24,9241.63,9174.51,9187.29,199549119.0,198486897.0,0.09283641991095348,-0.026230634133105446,-0.05408127312699729,0.9932234419919809,0.9952152782693976,False,NORMAL
2014-12-09,9163.43,9177.14,9127.12,9128.9,200186985.0,199549035.0,0.08488688126960131,-0.024441069888572087,-0.05563275334580242,0.9933065373854346,0.9952152782693976,False,NORMAL
2014-12-10,9115.33,9140.49,9015.52,9032.16,201192934.0,200347256.0,0.07621164008555215,-0.031190771161488717,-0.05032771948267156,0.9933084114366686,0.9952152782693976,False,NORMAL
2014-12-11,9003.84,9046.4,8971.53,9013.07,201510268.0,201192802.0,0.07069018769303859,-0.022780646154580197,-0.049947069897051666,0.9933768140160223,0.9952152782693976,False,NORMAL
2014-12-12,9041.54,9084.27,9022.56,9027.33,201796789.0,201510309.0,0.07782065395186444,-0.020627157590051848,-0.04751123990021344,0.9934041794889663,0.9952152782693976,False,NORMAL
2014-12-15,8987.95,8997.08,8943.04,8985.63,202850828.0,201796842.0,0.07384448810428657,-0.016179078984824957,-0.04234546026839725,0.9934395220601552,0.9952152782693976,False,NORMAL
2014-12-16,8967.82,9031.07,8950.91,8950.91,203865420.0,202850740.0,0.059954148321653244,-0.02656394607168766,-0.03925056184392639,0.9935272232781024,0.9952152782693976,False,NORMAL
2014-12-17,8961.64,8972.12,8826.03,8828.36,205280989.0,203865504.0,0.04559424591307537,-0.04424257580629276,-0.03554309151141488,0.9935262623822669,0.9952152782693976,False,NORMAL
2014-12-18,8912.78,8946.42,8876.88,8878.63,205443885.0,205280937.0,0.0527474664355323,-0.03915610170500372,-0.034812917168669744,0.9936035832924478,0.9952152782693976,False,NORMAL
2014-12-19,8981.85,9035.77,8953.17,8999.52,203304752.0,205442465.0,0.07632637391419794,-0.014793122889218413,-0.0490968181423147,0.9935001658995416,0.9952152782693976,False,NORMAL
2014-12-22,9032.42,9099.85,9024.01,9095.0,203090052.0,203024257.0,0.08571865144074087,0.0011117348567404317,-0.05201486535907207,0.9935233271247369,0.9952152782693976,False,NORMAL
2014-12-23,9123.78,9138.15,9093.43,9097.71,203347139.0,203127416.0,0.09428100270992901,-8.572851099475365e-05,-0.05442981752884579,0.9936093627160276,0.9952152782693976,False,NORMAL
2014-12-24,9096.48,9186.18,9096.48,9186.18,203836872.0,203214497.0,0.0997554151656963,0.019373939560055398,-0.04956822113201487,0.9936254116010486,0.9952152782693976,False,NORMAL
2014-12-25,9186.83,9198.04,9153.77,9158.7,204293949.0,203820612.0,0.09697641884575958,0.018785693150697336,-0.044135919270391066,0.9936212570894741,0.9952152782693976,False,NORMAL
2014-12-26,9171.91,9214.07,9158.39,9214.07,204331717.0,204293973.0,0.09594761757499337,0.02826880755650185,-0.04668330200356863,0.993642947317562,0.9952152782693976,False,NORMAL
2014-12-27,9222.47,9228.65,9197.13,9218.5,204454046.0,204331867.0,0.09632718204014257,0.028056456397514307,-0.04385086729451415,0.993636819841886,0.9952152782693976,False,NORMAL
2014-12-29,9216.43,9313.33,9216.43,9286.28,203765534.0,204455124.0,0.09812853132398214,0.03292674516643568,-0.04707637986535118,0.9938229662311514,0.9952152782693976,False,NORMAL
2014-12-30,9299.1,9338.06,9262.7,9268.43,204084260.0,203939458.0,0.09679202034438239,0.03267228883176854,-0.04707677712292391,0.9938132200636207,0.9952152782693976,False,NORMAL
2014-12-31,9260.46,9307.26,9252.31,9307.26,203961709.0,204084182.0,0.09914074088070524,0.022070483226959814,-0.04567960232853352,0.9937953993064568,0.9952152782693976,False,NORMAL
2015-01-05,9292.31,9292.31,9182.02,9274.11,205346257.0,204246599.0,0.09288595539183286,0.019677542071919962,-0.042742644013242015,0.9937789064139999,0.9952152782693976,False,NORMAL
2015-01-06,9209.93,9209.93,9043.44,9048.34,206939417.0,205348622.0,0.06014031568686251,0.0008328899733542894,-0.03291949626562829,0.9936025430323866,0.9952152782693976,False,NORMAL
2015-01-07,9051.94,9108.66,9050.54,9080.09,207902074.0,206939315.0,0.052955726433681294,0.013948351680256543,-0.02780141301926553,0.9935227415772124,0.9952152782693976,False,NORMAL
2015-01-08,9154.03,9246.62,9154.03,9238.03,206834414.0,207902274.0,0.0727537911469649,0.030289613269034232,-0.030160060828293256,0.9935008076066553,0.9952152782693976,False,NORMAL
2015-01-09,9247.4,9284.57,9215.58,9215.58,207314904.0,206679015.0,0.0700188330039686,0.05787710112852262,-0.014427567224126636,0.9934315704248755,0.9952152782693976,False,NORMAL
2015-01-12,9198.02,9229.65,9178.3,9178.3,207833651.0,207334403.0,0.07391997229288094,0.046748604932034254,-0.008553665923746179,0.9934808471196954,0.9952152782693976,False,NORMAL
2015-01-13,9162.77,9253.82,9161.71,9231.8,208616855.0,207833513.0,0.08609283989077654,0.066580709859962,0.002894057831871688,0.993299337416827,0.9952152782693976,False,NORMAL
2015-01-14,9235.9,9242.2,9161.71,9180.23,209860858.0,208615936.0,0.07846645442477351,0.0633031762780456,0.01817122059260301,0.9927511397792325,0.9952152782693976,False,NORMAL
2015-01-15,9197.32,9219.43,9149.1,9165.09,210457997.0,209860541.0,0.07118738757902343,0.07661449474208504,0.027830326424847174,0.9924525647226352,0.9952152782693976,False,NORMAL
2015-01-16,9245.77,9256.86,9109.46,9138.29,210784114.0,210459623.0,0.07323939361197374,0.05484731863966208,0.03076808097972239,0.9922805984021514,0.9952152782693976,False,NORMAL
2015-01-19,9183.76,9247.09,9151.82,9174.06,209180131.0,210796919.0,0.07558723701102643,0.060016361165802445,0.024069214659396154,0.992060334909517,0.9952152782693976,False,NORMAL
2015-01-20,9188.76,9259.31,9177.48,9251.69,209184381.0,209180209.0,0.0800226471480936,0.05747739983517808,0.026075133938187056,0.9920385891443615,0.9952152782693976,False,NORMAL
2015-01-21,9283.79,9319.71,9275.68,9319.71,208474345.0,209184257.0,0.09026174115070651,0.06741899904593596,0.022890102770811493,0.9918267430644041,0.9952152782693976,False,NORMAL
2015-01-22,9336.81,9386.56,9336.81,9369.51,208146031.0,208474395.0,0.08915495986655131,0.08368021781145285,0.020453999350936725,0.9926411539547144,0.9952152782693976,False,NORMAL
2015-01-23,9422.0,9471.8,9422.0,9470.94,207640101.0,208380725.0,0.09972352884484748,0.09772618216968909,0.032905151476133376,0.9919330121064001,0.9952152782693976,False,NORMAL
2015-01-26,9474.56,9478.53,9436.47,9477.67,207953007.0,207640051.0,0.10256747324336901,0.08025485692792556,0.04187923718568198,0.9914194835422274,0.9952152782693976,False,NORMAL
2015-01-27,9505.56,9523.73,9471.19,9521.59,208278687.0,207953220.0,0.10439294048872827,0.0693993944077056,0.04828585685308684,0.9910338049638718,0.9952152782693976,False,NORMAL
2015-01-28,9503.2,9515.29,9471.31,9510.92,208597167.0,208278617.0,0.1059337899277899,0.07007708085107356,0.04615407600378485,0.9907243895746727,0.9952152782693976,False,NORMAL
2015-01-29,9479.36,9482.13,9403.75,9426.9,209113289.0,208596680.0,0.09293589788181289,0.05037906306129636,0.04999625846489364,0.9904469372881166,0.9952152782693976,False,NORMAL
2015-01-30,9452.85,9466.65,9361.91,9361.91,209097458.0,209113492.0,0.0892147851682934,0.03965081078439847,0.05081556063583781,0.9901968328651156,0.9952152782693976,False,NORMAL
2015-02-02,9368.83,9410.43,9352.19,9386.99,209117982.0,209097434.0,0.09172500177360443,0.04425431463159035,0.04932730957177478,0.9903908366097923,0.9952152782693976,False,NORMAL
2015-02-03,9394.47,9460.17,9394.47,9448.73,208610928.0,209117986.0,0.11653197551098549,0.05423984111753266,0.04227974149199176,0.9902258194699963,0.9952152782693976,False,NORMAL
2015-02-04,9477.52,9533.88,9477.52,9513.92,208441735.0,208607736.0,0.15118192554159493,0.07005945324608431,0.042574681267605774,0.9902679836242168,0.9952152782693976,False,NORMAL
2015-02-05,9511.06,9517.42,9472.42,9512.05,208772045.0,208445011.0,0.1445119185273509,0.06725631744649707,0.04461277448886958,0.9902078536197497,0.9952152782693976,False,NORMAL
2015-02-06,9521.88,9521.88,9448.65,9456.18,208582866.0,208772206.0,0.12743357556319923,0.044884077091883245,0.04664368367470395,0.9901569418278731,0.9952152782693976,False,NORMAL
2015-02-09,9465.12,9465.12,9413.18,9421.5,207866021.0,208582894.0,0.12268304744427683,0.04287735191174824,0.04221787185716308,0.9900684905541022,0.9952152782693976,False,NORMAL
2015-02-10,9405.59,9435.07,9390.13,9393.7,207416398.0,207865931.0,0.11424389364407594,0.053229359958291145,0.03615487488337488,0.9899185612751469,0.9952152782693976,False,NORMAL
2015-02-11,9430.17,9488.72,9430.17,9462.22,206800835.0,207416317.0,0.11178058177366101,0.05362072094843695,0.035517495801126175,0.9898467140893011,0.9952152782693976,False,NORMAL
2015-02-12,9496.39,9500.35,9447.19,9496.31,205554922.0,206800715.0,0.12147454444536288,0.057156502146304966,0.029919535874204595,0.9899359888018933,0.9952152782693976,False,NORMAL
2015-02-13,9500.04,9542.09,9499.97,9529.51,202770889.0,205555152.0,0.11931738096804212,0.07261275112866517,0.016525508086067342,0.9895039557500731,0.9952152782693976,False,NORMAL
2015-02-24,9582.39,9638.48,9582.39,9629.37,202475469.0,202482967.0,0.1302674437030127,0.0869504361067246,0.02382646359882501,0.9894344962866101,0.9952152782693976,False,NORMAL
2015-02-25,9655.72,9699.54,9653.77,9699.54,203329559.0,202483061.0,0.13362310269826794,0.0821466344759263,0.03624355438598981,0.9891446462465645,0.9952152782693976,False,NORMAL
2015-02-26,9687.48,9688.07,9610.59,9622.1,204109199.0,203329579.0,0.12184782342564593,0.05983453887983847,0.041369681350953424,0.9892153634737602,0.9952152782693976,False,NORMAL
2015-03-02,9665.11,9690.43,9588.36,9601.36,204984712.0,204112653.0,0.12630944253233567,0.05607746990880513,0.04446935743432334,0.9893659161121685,0.9952152782693976,False,NORMAL
2015-03-03,9628.06,9642.95,9571.64,9605.77,205031326.0,204984718.0,0.11670847932888928,0.05299523257764194,0.043864668196959,0.9895123988631278,0.9952152782693976,False,NORMAL
2015-03-04,9596.24,9635.18,9580.78,9621.73,205078374.0,205031348.0,0.12395378366728527,0.05544939580353292,0.04363905881391905,0.9896725496844587,0.9952152782693976,False,NORMAL
2015-03-05,9627.04,9631.04,9564.44,9595.09,206354730.0,205078345.0,0.11888003432987926,0.05181756096812351,0.05216047980232674,0.9897062089051282,0.9952152782693976,False,NORMAL
2015-03-06,9587.59,9645.77,9574.55,9645.77,206366608.0,206354156.0,0.12148901388930877,0.05242157657515145,0.05740685840739479,0.9898591623231368,0.9952152782693976,False,NORMAL
2015-03-09,9617.04,9617.04,9549.76,9562.98,207662976.0,206365044.0,0.10688019556506223,0.040908225075241056,0.06522505334435813,0.9900073655729011,0.9952152782693976,False,NORMAL
2015-03-10,9566.25,9583.78,9520.33,9536.53,208185259.0,207662972.0,0.10864359135919877,0.04593477967603721,0.06711325425952874,0.9903105302758949,0.9952152782693976,False,NORMAL
2015-03-11,9503.28,9561.81,9472.54,9523.18,209306128.0,208185313.0,0.11323110301664374,0.05405659677756747,0.06508433455199225,0.9905709077587308,0.9952152782693976,False,NORMAL
2015-03-12,9537.23,9608.02,9530.74,9596.0,209258731.0,209306128.0,0.11155772142250653,0.0458559212490981,0.057422214883656064,0.9906116600319526,0.9952152782693976,False,NORMAL
2015-03-13,9608.44,9633.51,9579.35,9579.35,209854236.0,209258978.0,0.09933220791412234,0.03839954211928087,0.06290883714959206,0.9907817583484436,0.9952152782693976,False,NORMAL
2015-03-16,9583.45,9590.76,9512.91,9512.91,210833515.0,209854007.0,0.09168621384537001,0.03327406406511879,0.06220299192549761,0.9909826881848054,0.9952152782693976,False,NORMAL
2015-03-17,9555.1,9629.8,9539.44,9539.44,210922834.0,210833434.0,0.10088583813027685,0.03833012781788758,0.05699706947841743,0.9910810936186646,0.9952152782693976,False,NORMAL
2015-03-18,9563.74,9653.43,9561.5,9653.43,211043660.0,210922676.0,0.10929256877181182,0.05745818225635069,0.054232671519579556,0.991245000137847,0.9952152782693976,False,NORMAL
2015-03-19,9668.01,9745.59,9668.01,9736.73,211486183.0,211043596.0,0.12113214803453887,0.07800681121680753,0.05116108600513769,0.9913593314637963,0.9952152782693976,False,NORMAL
2015-03-20,9706.35,9749.69,9705.32,9749.69,212078764.0,211486089.0,0.11453178459931013,0.08172797947869048,0.05244643910651736,0.9915425161322966,0.9952152782693976,False,NORMAL
2015-03-23,9759.88,9775.63,9729.81,9758.09,212550597.0,212078765.0,0.12321657344983628,0.08094973818393703,0.05329028302823979,0.9916921136313492,0.9952152782693976,False,NORMAL
2015-03-24,9759.96,9768.71,9701.33,9731.66,213007865.0,212550459.0,0.11856875208330941,0.08302478512914524,0.05007145940759972,0.9918782202503347,0.9952152782693976,False,NORMAL
2015-03-25,9739.25,9743.58,9653.47,9667.83,213324062.0,213008072.0,0.10718007682141639,0.08009464959428714,0.04639650020096586,0.9919437230415001,0.9952152782693976,False,NORMAL
2015-03-26,9579.63,9619.12,9540.03,9619.12,214019807.0,213324498.0,0.10698708550358726,0.08957042984200925,0.04257003068121423,0.9919942688764585,0.9952152782693976,False,NORMAL
2015-03-27,9593.07,9608.44,9503.72,9503.72,214628530.0,214019804.0,0.1054269174266893,0.07040387987786412,0.04470634402187246,0.9923461010963088,0.9952152782693976,False,NORMAL
2015-03-30,9533.38,9556.25,9503.53,9521.87,214176335.0,214628850.0,0.110141223736967,0.058041984461393525,0.053474318199901116,0.9923142519912969,0.9952152782693976,False,NORMAL
2015-03-31,9568.38,9594.75,9527.87,9586.44,214050754.0,214176301.0,0.11400542451350226,0.05403408466190229,0.05396966464905928,0.9924045219688614,0.9952152782693976,False,NORMAL
2015-04-01,9575.11,9575.11,9503.53,9507.66,214041250.0,214050663.0,0.09418019863510296,0.0450607900229838,0.052590417807648615,0.992598067741822,0.9952152782693976,False,NORMAL
2015-04-02,9535.98,9628.95,9535.98,9600.32,213888993.0,214041264.0,0.09877799358380823,0.045082939807406186,0.04931453716577838,0.9926714410409588,0.9952152782693976,False,NORMAL
2015-04-07,9619.97,9653.97,9613.33,9641.9,213838793.0,213888854.0,0.09822007228144436,0.052758579274351014,0.04672112926849348,0.9927418443393271,0.9952152782693976,False,NORMAL
2015-04-08,9646.07,9654.67,9562.0,9571.97,214687147.0,213838727.0,0.09086754556312271,0.03884276980747914,0.050679503662174996,0.9928110597052344,0.9952152782693976,False,NORMAL
2015-04-09,9597.21,9663.05,9559.71,9568.04,214379957.0,214694384.0,0.08122242713531502,0.03791723165373995,0.04854837159837855,0.9929220890287582,0.9952152782693976,False,NORMAL
2015-04-10,9626.88,9648.34,9582.84,9617.7,213987248.0,214372430.0,0.08391044893865218,0.03568921031887906,0.05016409693702184,0.9930358989909427,0.9952152782693976,False,NORMAL
2015-04-13,9622.64,9666.52,9622.59,9666.52,213569724.0,213987071.0,0.0854611501945437,0.042951179433841524,0.046478175239971886,0.9930843223279167,0.9952152782693976,False,NORMAL
2015-04-14,9646.28,9664.1,9631.19,9642.22,214606537.0,213569826.0,0.0847923280988776,0.035989109576824774,0.052190325587044395,0.9931611547269658,0.9952152782693976,False,NORMAL
2015-04-15,9629.7,9654.15,9508.14,9540.06,216533238.0,214606556.0,0.07476195411674036,0.028676606164904195,0.05447862144377913,0.9932426259062876,0.9952152782693976,False,NORMAL
2015-04-16,9578.71,9656.87,9578.71,9656.87,215839218.0,216532694.0,0.08647596546001757,0.06725321992763322,0.04300679459244838,0.9931039481605062,0.9952152782693976,False,NORMAL
2015-04-17,9608.6,9615.52,9570.93,9570.93,216116656.0,215839225.0,0.07170426971626687,0.05405673291784563,0.03951178476459072,0.99315471834437,0.9952152782693976,False,NORMAL
2015-04-20,9541.83,9572.65,9508.57,9552.85,215759189.0,216116623.0,0.06758417988176268,0.034078694267067666,0.043149371651469925,0.9932296784464677,0.9952152782693976,False,NORMAL
2015-04-21,9554.8,9598.86,9512.64,9533.98,214448358.0,215756934.0,0.07026565858970257,0.03455018566384305,0.034408785197614256,0.9932896616713823,0.9952152782693976,False,NORMAL
2015-04-22,9549.61,9630.79,9549.61,9613.0,214119874.0,214448146.0,0.08530475014168903,0.04736171186385296,0.030246415677892324,0.9935427443262794,0.9952152782693976,False,NORMAL
2015-04-23,9655.3,9814.88,9655.3,9797.49,214827740.0,214120191.0,0.09877858537509909,0.06127624081977512,0.029771731531471834,0.9938736642476101,0.9952152782693976,False,NORMAL
2015-04-24,9839.71,9961.31,9839.71,9913.28,213699444.0,214827669.0,0.11087852511592589,0.07985094055377706,0.018291100287029183,0.9938301843030041,0.9952152782693976,False,NORMAL
2015-04-27,9941.18,10002.58,9937.04,9973.12,215255619.0,213699421.0,0.11504266471082825,0.08816389146205883,0.02279610215999539,0.9938133370172616,0.9952152782693976,False,NORMAL
2015-04-28,9998.08,10014.28,9918.01,9956.83,216736397.0,215255679.0,0.11042796314346703,0.08957255679125953,0.028238764710702968,0.9937456388798247,0.9952152782693976,False,NORMAL
2015-04-29,9934.82,9978.87,9842.5,9853.83,216747449.0,216736374.0,0.10084022347866584,0.07409696470265081,0.03617608404691164,0.9936369402956866,0.9952152782693976,False,NORMAL
2015-04-30,9841.15,9894.9,9820.05,9820.05,216869913.0,216746937.0,0.09419134434427412,0.06143310033085836,0.03674046773119266,0.9936636038455029,0.9952152782693976,False,NORMAL
2015-05-04,9853.51,9871.65,9800.48,9845.04,216114850.0,216868549.0,0.09915462011495024,0.056367633756844615,0.036649617486506525,0.9936417017168604,0.9952152782693976,False,NORMAL
2015-05-05,9849.13,9855.64,9788.13,9820.13,214512595.0,216114407.0,0.09777931797729544,0.04809429735386361,0.03058700648488455,0.9940008426434137,0.9952152782693976,False,NORMAL
2015-05-06,9780.39,9829.43,9735.94,9818.2,214738698.0,214512141.0,0.11899540922622442,0.036665843094771944,0.0341870234401398,0.993886422122796,0.9952152782693976,False,NORMAL
2015-05-07,9789.82,9789.82,9704.11,9704.11,214178760.0,214738106.0,0.10152434075582528,0.02389194812649098,0.02993826869740812,0.9937700715971506,0.9952152782693976,False,NORMAL
2015-05-08,9724.29,9760.51,9692.0,9692.0,213048695.0,214177881.0,0.09241206432291738,0.017897220947341808,0.02290204566154186,0.9935541465266567,0.9952152782693976,False,NORMAL
2015-05-11,9763.94,9797.19,9635.88,9663.72,209291537.0,213046037.0,0.0992192405339738,0.01606574337708655,0.0033287604524370185,0.9926876228880751,0.9952152782693976,False,NORMAL
2015-05-12,9637.71,9702.67,9637.21,9680.73,207649040.0,209289585.0,0.09173121078296487,0.026926136906087805,-0.007002180526174073,0.9923022329560489,0.9952152782693976,False,NORMAL
2015-05-13,9697.17,9743.33,9687.66,9724.11,206881477.0,207647601.0,0.0962388520060471,0.0386886863898499,-0.010597838066496279,0.9920926908349736,0.9952152782693976,False,NORMAL
2015-05-14,9730.33,9734.55,9600.24,9610.83,207192363.0,206881164.0,0.07836730663716462,0.0238457695171721,-0.009208289892544963,0.9921866663193839,0.9952152782693976,False,NORMAL
2015-05-15,9638.06,9644.83,9552.86,9579.48,206387389.0,207189878.0,0.07716665054951988,0.013837838524330737,-0.010658784855220982,0.9920192589326167,0.9952152782693976,False,NORMAL
2015-05-18,9603.75,9612.44,9550.76,9606.1,204317014.0,206384919.0,0.07560268282032045,0.009688961017120246,-0.01978836435994935,0.9917291488924125,0.9952152782693976,False,NORMAL
2015-05-19,9623.95,9722.8,9623.95,9716.77,203320385.0,204315256.0,0.09303811493989111,0.02152217450497007,-0.026112978871285164,0.9915129567719806,0.9952152782693976,False,NORMAL
2015-05-20,9726.02,9736.09,9662.86,9685.31,204140119.0,203319124.0,0.09952762127055226,0.02423071472835736,-0.021299673770903138,0.9913542296437926,0.9952152782693976,False,NORMAL
2015-05-21,9647.53,9647.53,9536.16,9578.56,205287340.0,204435259.0,0.08625824172085528,0.0166703815740592,-0.012405495557159862,0.99113095518315,0.9952152782693976,False,NORMAL
2015-05-22,9606.51,9674.77,9606.51,9638.8,204299742.0,205284638.0,0.08604239247517786,0.02609195524660124,-0.015026082942583896,0.9909966619802347,0.9952152782693976,False,NORMAL
2015-05-25,9654.28,9654.28,9589.32,9645.17,204966830.0,204299190.0,0.08608829308665467,0.019334786128413883,-0.008868460323189664,0.9907874510365524,0.9952152782693976,False,NORMAL
2015-05-26,9688.31,9724.36,9649.62,9669.41,204343517.0,204966946.0,0.08786233820294864,0.018228132822117216,-0.005893339785850493,0.990679364565871,0.9952152782693976,False,NORMAL
2015-05-27,9666.89,9710.29,9648.71,9693.54,204591815.0,204343419.0,0.08917403566332216,0.017212847250278385,0.008980214117422003,0.9901219175709652,0.9952152782693976,False,NORMAL
2015-05-28,9741.57,9766.21,9704.93,9712.84,204192344.0,204591740.0,0.09282960105943094,0.008668272171491909,0.008479422265222691,0.9899767490444049,0.9952152782693976,False,NORMAL
2015-05-29,9727.59,9747.27,9693.0,9701.07,203907500.0,204191666.0,0.09462990921215653,0.00015773943918984124,0.0028423855480845805,0.9896937350472073,0.9952152782693976,False,NORMAL
2015-06-01,9688.13,9692.34,9589.09,9625.69,203601736.0,203890273.0,0.07314237042107652,0.00037309942735985757,-0.002486232871846239,0.9894127753756152,0.9952152782693976,False,NORMAL
2015-06-02,9619.88,9657.02,9584.56,9614.26,203440025.0,203600050.0,0.06727633206116201,0.0013435596623811996,-0.007535620510079832,0.9891417700116892,0.9952152782693976,False,NORMAL
2015-06-03,9617.75,9645.48,9550.44,9556.52,202952209.0,203440268.0,0.057591089981098076,-0.00512712671654636,-0.01014048458136585,0.9889067012027027,0.9952152782693976,False,NORMAL
2015-06-04,9537.09,9558.77,9325.01,9348.63,201361853.0,202951624.0,0.03239432420165422,-0.028383669049121152,-0.018122442301010233,0.9885215495898123,0.9952152782693976,False,NORMAL
2015-06-05,9328.02,9371.41,9272.94,9340.13,199319765.0,201359226.0,0.023945071702564658,-0.02657192376517581,-0.03409161011235362,0.9879417056235446,0.9952152782693976,False,NORMAL
2015-06-08,9324.22,9419.22,9258.98,9368.43,197508597.0,199318688.0,0.02848062355911729,-0.02875249980043071,-0.042923664278089024,0.9875178300795738,0.9952152782693976,False,NORMAL
2015-06-09,9346.11,9363.52,9191.87,9191.87,192127611.0,197503112.0,0.012776680244735994,-0.038806940932638034,-0.07481047078897685,0.9847922821917305,0.9952152782693976,False,NORMAL
2015-06-10,9246.66,9334.5,9246.66,9298.5,190513862.0,192119511.0,0.01918570366944139,-0.024959812426532557,-0.08488303679560716,0.9848324730352702,0.9952152782693976,False,NORMAL
2015-06-11,9330.99,9358.48,9251.18,9302.49,190366948.0,190510788.0,0.020014342168167554,-0.02317398180019703,-0.09048554947230214,0.9852665566553723,0.9952152782693976,False,NORMAL
2015-06-12,9304.75,9339.33,9263.41,9301.93,189916745.0,190364076.0,0.017636466273991624,-0.03064506044185078,-0.09243096289253516,0.9856805311809118,0.9952152782693976,False,NORMAL
2015-06-15,9304.66,9324.94,9252.34,9259.48,189429209.0,189916086.0,0.013686632816827693,-0.033391618429225445,-0.0973295911930031,0.9861106505938753,0.9952152782693976,False,NORMAL
2015-06-16,9272.7,9272.7,9177.95,9212.78,189131911.0,189427600.0,0.005461248491172022,-0.03154975711953534,-0.10293242039815165,0.9866537226418424,0.9952152782693976,False,NORMAL
2015-06-17,9232.81,9242.22,9170.09,9189.83,189578053.0,189174262.0,-0.003528377195883614,-0.03664890182232927,-0.10119710889149158,0.98710140739133,0.9952152782693976,False,NORMAL
2015-06-18,9189.44,9243.84,9187.87,9218.37,189429800.0,189576628.0,-0.0012383800299029524,-0.04506791886407213,-0.1024141639696734,0.9876555812481883,0.9952152782693976,False,NORMAL
2015-06-22,9247.76,9371.48,9247.76,9341.77,188407925.0,189430868.0,0.014896818455889305,-0.04056392649277518,-0.10912418803265267,0.9881151303274238,0.9952152782693976,False,NORMAL
2015-06-23,9375.78,9438.39,9375.78,9391.14,188286716.0,188407130.0,0.021176787848275147,-0.036775528247564915,-0.11218496162114566,0.9886513534431667,0.9952152782693976,False,NORMAL
2015-06-24,9390.27,9409.44,9364.38,9397.31,188186348.0,188294202.0,0.02112153412011164,-0.03697239931175067,-0.11462799608132834,0.9892390788205278,0.9952152782693976,False,NORMAL
2015-06-25,9415.78,9500.57,9415.78,9476.34,187318140.0,188185637.0,0.02551133043308873,-0.02623601728790359,-0.12060458424856757,0.9897762415908306,0.9952152782693976,False,NORMAL
2015-06-26,9481.95,9489.91,9442.94,9462.57,187382516.0,187317500.0,0.019681182939957464,-0.021231238033767696,-0.12160628180800348,0.9903072447553347,0.9952152782693976,False,NORMAL
2015-06-29,9358.96,9358.96,9227.11,9236.1,186089438.0,187382424.0,-0.008662836314146105,-0.039818611265895476,-0.13050366408376401,0.9907687238338948,0.9952152782693976,False,NORMAL
2015-06-30,9223.27,9323.02,9204.45,9323.02,186222580.0,186086698.0,0.005308509250263382,-0.019013607303245306,-0.13234936660098262,0.9914492867702503,0.9952152782693976,False,NORMAL
2015-07-01,9311.76,9404.76,9298.36,9375.23,186033937.0,186219492.0,0.015916171363244747,-0.015400336278483251,-0.13139826115709752,0.9918039362192134,0.9952152782693976,False,NORMAL
2015-07-02,9372.46,9400.68,9350.05,9379.24,187082723.0,186033912.0,0.014388613700763386,-0.021613862914700466,-0.1259889558716527,0.9920265136554653,0.9952152782693976,False,NORMAL
2015-07-03,9369.5,9369.5,9265.14,9358.23,188111726.0,187082548.0,0.012558752499415737,-0.015716800979420853,-0.1211426489052928,0.9922821212283477,0.9952152782693976,False,NORMAL
2015-07-06,9309.86,9347.54,9255.96,9255.96,188187544.0,188111602.0,-0.006971399880269735,-0.03586963767874407,-0.1201625602117824,0.9925812903354725,0.9952152782693976,False,NORMAL
2015-07-07,9278.33,9332.97,9244.46,9250.16,187743288.0,188185899.0,-0.006089076516923586,-0.04062892168555987,-0.12203354047177029,0.9928231226609876,0.9952152782693976,False,NORMAL
2015-07-08,9225.91,9225.91,8946.75,8976.11,184787988.0,187742870.0,-0.04439017275502033,-0.06225050851601066,-0.13926850963276338,0.9928756681022877,0.9952152782693976,False,NORMAL
2015-07-09,8861.28,8946.24,8750.92,8914.13,182927475.0,184783307.0,-0.055898588422693796,-0.0683431507393365,-0.146713724735004,0.9931692823016958,0.9952152782693976,False,NORMAL
2015-07-13,8946.72,9041.88,8946.72,9033.92,181971796.0,182922824.0,-0.0475531789274809,-0.060698503800284964,-0.1496138311942775,0.993469607714518,0.9952152782693976,False,NORMAL
2015-07-14,9061.58,9124.76,9041.76,9041.76,181451319.0,181969126.0,-0.050856424839626935,-0.06463132544079986,-0.15038838089241524,0.9937480115011909,0.9952152782693976,False,NORMAL
2015-07-15,9063.54,9089.47,9005.1,9054.2,181689852.0,181450791.0,-0.047933501926908706,-0.06098388130534238,-0.1533815579904726,0.9940323671882052,0.9952152782693976,False,NORMAL
2015-07-16,9062.76,9085.31,9021.82,9042.21,181498427.0,181689627.0,-0.05020797882397443,-0.0521852063823498,-0.16179876735598442,0.9944098610013852,0.9952152782693976,False,NORMAL
2015-07-17,9060.92,9079.23,9018.0,9045.98,181155334.0,181497851.0,-0.050886687413046694,-0.06325962760190429,-0.16069315076929158,0.9946716916570995,0.9952152782693976,False,NORMAL
2015-07-20,9085.0,9124.88,8952.64,8975.0,179686565.0,181154823.0,-0.054265657040373116,-0.06226458661801937,-0.1685667901505935,0.9948992716637591,0.9952152782693976,False,NORMAL
2015-07-21,8997.56,9010.71,8940.38,9005.96,178483475.0,179681077.0,-0.05845823157472163,-0.05724888384094806,-0.17276536018125277,0.9953816036756252,0.9952152782693976,True,DELEVERAGING_RISK
2015-07-22,8955.59,8968.39,8896.1,8918.7,178231920.0,178481681.0,-0.060778193398372315,-0.06453548255817598,-0.16888186199122124,0.9955622472587599,0.9952152782693976,True,DELEVERAGING_RISK
2015-07-23,8865.36,8895.88,8751.71,8791.12,175852769.0,178226520.0,-0.07659212419776673,-0.08549672318735035,-0.17871813711229811,0.995856011675545,0.9952152782693976,True,DELEVERAGING_RISK
2015-07-24,8809.65,8811.76,8733.43,8767.86,174612548.0,175843519.0,-0.08373871506097175,-0.1050912019302902,-0.18719738894055304,0.9962277969865659,0.9952152782693976,True,DELEVERAGING_RISK
2015-07-27,8733.24,8733.24,8553.09,8556.68,168622116.0,174610448.0,-0.09784674945939409,-0.13684673488492205,-0.21093797511237322,0.9962778553667844,0.9952152782693976,True,DELEVERAGING_RISK
2015-07-28,8566.42,8635.88,8532.0,8582.49,165463751.0,168607044.0,-0.08776880691819089,-0.13943780883013546,-0.23131506732003126,0.9963898586234227,0.9952152782693976,True,DELEVERAGING_RISK
2015-07-29,8587.7,8619.41,8516.23,8563.48,164553279.0,165461973.0,-0.08908548798687799,-0.1399391171688178,-0.2407676731841214,0.9966229823466385,0.9952152782693976,True,DELEVERAGING_RISK
2015-07-30,8567.23,8697.18,8567.23,8651.49,163607591.0,164546389.0,-0.08362276333893648,-0.1220175302395109,-0.24516947371316,0.996811670148977,0.9952152782693976,True,DELEVERAGING_RISK
2015-07-31,8670.92,8676.29,8591.37,8665.34,162962723.0,163606070.0,-0.08779749372589318,-0.11758697766304649,-0.24856924252097612,0.9969758317635116,0.9952152782693976,True,DELEVERAGING_RISK
2015-08-03,8636.53,8636.53,8482.92,8524.41,162112410.0,162959861.0,-0.10528740892192534,-0.1341416591501915,-0.24987843269446774,0.9971102838822413,0.9952152782693976,True,DELEVERAGING_RISK
2015-08-04,8538.44,8590.3,8433.92,8510.86,157595260.0,162104728.0,-0.09835803328428305,-0.1333251189139043,-0.26533330129170274,0.9973258759276419,0.9952152782693976,True,DELEVERAGING_RISK
2015-08-05,8504.94,8563.01,8486.27,8542.27,156423419.0,157587769.0,-0.0931946098694505,-0.12995559267482837,-0.2715639032141286,0.997505731287938,0.9952152782693976,True,DELEVERAGING_RISK
2015-08-06,8564.55,8586.24,8404.67,8449.56,154879437.0,156421999.0,-0.10033347955893812,-0.12928027402822118,-0.27686836453810826,0.9976461747400467,0.9952152782693976,True,DELEVERAGING_RISK
2015-08-07,8409.01,8458.04,8368.4,8442.29,153749158.0,154867344.0,-0.10635417306198136,-0.12894242674370604,-0.27833794992266914,0.9977360885120822,0.9952152782693976,True,DELEVERAGING_RISK
2015-08-10,8410.63,8484.18,8374.08,8466.84,153645358.0,153748305.0,-0.09113607453962869,-0.1238529262023319,-0.2658787822844456,0.9976740690645246,0.9952152782693976,True,DELEVERAGING_RISK
2015-08-11,8542.13,8586.22,8393.08,8394.14,153587845.0,153630639.0,-0.0941422390954092,-0.13290216750183093,-0.2603488800140853,0.9976990324946041,0.9952152782693976,True,DELEVERAGING_RISK
2015-08-12,8365.15,8376.59,8235.95,8283.38,153449724.0,153587096.0,-0.112196000295814,-0.14816060287265376,-0.2582722908537626,0.9977463944358123,0.9952152782693976,True,DELEVERAGING_RISK
2015-08-13,8284.96,8348.39,8271.69,8311.74,153145431.0,153445945.0,-0.09076250568838173,-0.13516938703525083,-0.2608538809898123,0.9978231092715163,0.9952152782693976,True,DELEVERAGING_RISK
2015-08-14,8315.14,8343.98,8283.35,8305.64,152893584.0,153144622.0,-0.09168118443083251,-0.1329759026585995,-0.2591912483567491,0.9978673328174114,0.9952152782693976,True,DELEVERAGING_RISK
2015-08-17,8307.9,8308.54,8213.42,8213.42,152661784.0,152893432.0,-0.1005339793066592,-0.14497871144377017,-0.25281903346531875,0.9978792025952686,0.9952152782693976,True,DELEVERAGING_RISK
2015-08-18,8237.08,8277.22,8166.77,8177.22,152004626.0,152658790.0,-0.10001584862799295,-0.1584425688783413,-0.2523886574383577,0.9979220452028925,0.9952152782693976,True,DELEVERAGING_RISK
2015-08-19,8182.81,8182.81,7987.57,8021.84,150284197.0,152001459.0,-0.12548580548593624,-0.17175185925902214,-0.2638184119016801,0.9979582081182813,0.9952152782693976,True,DELEVERAGING_RISK
2015-08-20,8008.68,8063.8,7951.72,8029.81,149519450.0,150275034.0,-0.12368167174499523,-0.16168923094911958,-0.27165771644758996,0.9980135530955313,0.9952152782693976,True,DELEVERAGING_RISK
2015-08-21,7941.95,7941.95,7786.92,7786.92,145562668.0,149518069.0,-0.15646641700907016,-0.1921276507449059,-0.28750439635895375,0.9980330822806013,0.9952152782693976,True,DELEVERAGING_RISK
2015-08-24,7719.63,7719.63,7203.07,7410.34,132524780.0,145539941.0,-0.19719931835490834,-0.23170457337714112,-0.3534330408486095,0.9970800452593027,0.9952152782693976,True,DELEVERAGING_RISK
2015-08-25,7427.36,7677.93,7368.47,7675.64,127782640.0,132489237.0,-0.16630841735628288,-0.20619355265729755,-0.37466751147284993,0.9972371511855932,0.9952152782693976,True,DELEVERAGING_RISK
2015-08-26,7636.12,7762.45,7547.61,7715.59,127789806.0,127774382.0,-0.15596451712063142,-0.20404826307004464,-0.3753914055652715,0.997363756511451,0.9952152782693976,True,DELEVERAGING_RISK
2015-08-27,7762.63,7856.4,7762.63,7824.55,127209128.0,127786760.0,-0.1535335111826548,-0.19441172715704158,-0.3770132341494645,0.9975105051156007,0.9952152782693976,True,DELEVERAGING_RISK
2015-08-28,7923.77,8039.76,7923.77,8019.18,126159988.0,127144676.0,-0.13661317499367454,-0.17337159715371597,-0.3812881429079362,0.9976166172031349,0.9952152782693976,True,DELEVERAGING_RISK
2015-08-31,8026.62,8174.92,7961.77,8174.92,126287458.0,126159436.0,-0.1165476831168718,-0.15071854589125566,-0.37973290168802887,0.9976842713082958,0.9952152782693976,True,DELEVERAGING_RISK
2015-09-01,8117.5,8119.9,8002.18,8017.56,126795141.0,126287322.0,-0.14525857933284292,-0.1660762242751912,-0.3767443697473002,0.997733970283519,0.9952152782693976,True,DELEVERAGING_RISK
2015-09-02,7970.4,8068.06,7907.31,8035.29,127368848.0,126794619.0,-0.144328063535741,-0.1591824220532161,-0.3724195039434136,0.9977718470683936,0.9952152782693976,True,DELEVERAGING_RISK
2015-09-03,8071.37,8101.13,8007.48,8095.95,126856693.0,127230133.0,-0.13817495497106647,-0.13399610424201192,-0.37000632885514817,0.9978358171763152,0.9952152782693976,True,DELEVERAGING_RISK
2015-09-04,8087.62,8128.23,7990.86,8000.6,127158877.0,126754361.0,-0.1565522018134876,-0.14341663338732957,-0.36203578706808126,0.9978520995893899,0.9952152782693976,True,DELEVERAGING_RISK
2015-09-07,7990.76,8053.2,7957.8,7986.56,127649704.0,127156791.0,-0.1573909860028676,-0.14750283665459418,-0.35370051765392263,0.997871347492605,0.9952152782693976,True,DELEVERAGING_RISK
2015-09-08,7993.1,8031.26,7978.78,8001.5,128177635.0,127940814.0,-0.152048425914053,-0.12950248426054767,-0.33285156499447655,0.9977662915929023,0.9952152782693976,True,DELEVERAGING_RISK
2015-09-09,8097.22,8296.13,8097.22,8286.92,125920079.0,128178840.0,-0.12889017834429717,-0.10878958971877184,-0.33905030490642196,0.9977934828460245,0.9952152782693976,True,DELEVERAGING_RISK
2015-09-10,8247.64,8274.82,8214.5,8268.68,126969668.0,125920169.0,-0.1203269884634861,-0.11113261073110525,-0.3330267184826643,0.9978028833597892,0.9952152782693976,True,DELEVERAGING_RISK
2015-09-11,8271.25,8313.18,8233.14,8305.82,127159200.0,126713866.0,-0.12110980016613149,-0.10708637884826055,-0.33044766537042325,0.9978277357587925,0.9952152782693976,True,DELEVERAGING_RISK
2015-09-14,8332.57,8360.03,8259.31,8307.29,127316067.0,127152685.0,-0.1189535565692249,-0.10283406843580833,-0.327896327751651,0.9978375622828769,0.9952152782693976,True,DELEVERAGING_RISK
2015-09-15,8320.22,8327.95,8226.07,8259.99,127699363.0,127316063.0,-0.12201927308209881,-0.10342046591799658,-0.32481323577384036,0.9978449389252984,0.9952152782693976,True,DELEVERAGING_RISK
2015-09-16,8298.13,8342.36,8276.94,8333.29,127880495.0,127699197.0,-0.11674688413178058,-0.09320520618988593,-0.325446733013974,0.9978570464317341,0.9952152782693976,True,DELEVERAGING_RISK
2015-09-17,8377.31,8467.15,8377.31,8445.5,126768050.0,128040221.0,-0.09747253839388481,-0.08384020168424577,-0.33079140663190265,0.9978703551656488,0.9952152782693976,True,DELEVERAGING_RISK
2015-09-18,8427.52,8488.53,8399.71,8462.14,127387776.0,126787083.0,-0.09233236261054723,-0.09416095664954294,-0.3238725175705852,0.9978634466976907,0.9952152782693976,True,DELEVERAGING_RISK
2015-09-21,8404.5,8404.5,8285.43,8307.04,128621052.0,127386275.0,-0.09933016595143973,-0.11543859424947334,-0.3168872731308352,0.9978525312858835,0.9952152782693976,True,DELEVERAGING_RISK
2015-09-22,8331.44,8365.92,8325.78,8365.92,128633066.0,128620932.0,-0.09238336808621883,-0.10975374867914323,-0.31645909829760865,0.9978546179858214,0.9952152782693976,True,DELEVERAGING_RISK
2015-09-23,8310.82,8310.82,8186.22,8193.42,129944201.0,128541260.0,-0.10291676703089758,-0.1353813814194088,-0.3062914195069415,0.99782369257987,0.9952152782693976,True,DELEVERAGING_RISK
2015-09-24,8224.23,8257.14,8101.9,8123.1,129779461.0,129942225.0,-0.1165905578689681,-0.14155456709963565,-0.30740891001805104,0.9978235290245637,0.9952152782693976,True,DELEVERAGING_RISK
2015-09-25,8131.49,8152.5,8061.87,8132.35,130473971.0,130103479.0,-0.11959255301758254,-0.1195039031625903,-0.29886417841726187,0.9978017908332972,0.9952152782693976,True,DELEVERAGING_RISK
2015-09-30,8097.15,8181.24,8059.68,8181.24,130832901.0,130473862.0,-0.11462753437332607,-0.12246889956258811,-0.2974380389316913,0.9978188471075108,0.9952152782693976,True,DELEVERAGING_RISK
2015-10-01,8194.3,8317.79,8170.78,8295.94,130744496.0,130832708.0,-0.09181632574866028,-0.1151214423539475,-0.2972008327706358,0.9978098419157956,0.9952152782693976,True,DELEVERAGING_RISK
2015-10-02,8290.43,8320.66,8253.75,8305.03,130816367.0,130754025.0,-0.08584244185406542,-0.11453060162657092,-0.30075655890469377,0.9977987662509499,0.9952152782693976,True,DELEVERAGING_RISK
2015-10-05,8342.99,8364.59,8316.83,8352.36,132065681.0,130907312.0,-0.08200591526725853,-0.10748506929194934,-0.2979401985817727,0.9977809939819726,0.9952152782693976,True,DELEVERAGING_RISK
2015-10-06,8409.31,8482.83,8390.89,8394.1,132075546.0,132067494.0,-0.0685217592012064,-0.09311405840128939,-0.2981706270633937,0.9977665391258687,0.9952152782693976,True,DELEVERAGING_RISK
2015-10-07,8398.53,8495.23,8385.04,8495.23,132617150.0,131964712.0,-0.05501667441617297,-0.0816126423759157,-0.29362508022124334,0.9977520235533597,0.9952152782693976,True,DELEVERAGING_RISK
2015-10-08,8528.46,8544.93,8434.5,8445.96,133018683.0,132613641.0,-0.057450484110722844,-0.059062333237895004,-0.2801551419024054,0.997683027980081,0.9952152782693976,True,DELEVERAGING_RISK
2015-10-12,8478.34,8578.22,8478.34,8573.72,132918816.0,133018600.0,-0.04385006222872523,-0.03818768629131497,-0.2733797041696443,0.9976476198343155,0.9952152782693976,True,DELEVERAGING_RISK
2015-10-13,8571.57,8574.11,8518.41,8567.92,134216813.0,132896650.0,-0.04697750676843604,-0.051583365803549275,-0.2624306845880666,0.9975842823221418,0.9952152782693976,True,DELEVERAGING_RISK
2015-10-14,8545.14,8553.87,8515.53,8522.51,135027710.0,134213824.0,-0.05043681526519217,-0.057427978623630804,-0.2558460817802046,0.9975544928222776,0.9952152782693976,True,DELEVERAGING_RISK
2015-10-15,8573.38,8652.47,8573.38,8601.52,135140314.0,135084083.0,-0.05542987916031572,-0.04999668662057388,-0.25620329086954174,0.9975233039919161,0.9952152782693976,True,DELEVERAGING_RISK
2015-10-16,8596.43,8627.83,8574.64,8604.95,135404819.0,135137959.0,-0.05389581688682077,-0.04835764707964074,-0.25396147372671174,0.997490812727195,0.9952152782693976,True,DELEVERAGING_RISK
2015-10-19,8628.79,8670.32,8603.08,8631.5,135730032.0,135404709.0,-0.04527359827272104,-0.04581924788690661,-0.2507533231121972,0.9974452478612622,0.9952152782693976,True,DELEVERAGING_RISK
2015-10-20,8651.08,8663.12,8618.48,8653.6,136906487.0,135730032.0,-0.03367659834866521,-0.035810584958217206,-0.238081672939766,0.9973681930725122,0.9952152782693976,True,DELEVERAGING_RISK
2015-10-21,8668.08,8690.39,8591.42,8609.23,136819087.0,136906793.0,-0.039838553539643495,-0.04405193893821424,-0.233435549145376,0.9973154225653967,0.9952152782693976,True,DELEVERAGING_RISK
2015-10-22,8600.4,8631.17,8594.21,8608.46,137695284.0,136933095.0,-0.011815565598601419,-0.03478533867043421,-0.2274375768380883,0.9972526749289093,0.9952152782693976,True,DELEVERAGING_RISK
2015-10-23,8671.52,8740.08,8662.03,8673.81,137541474.0,137695284.0,-0.010786472773222866,-0.013344147275887619,-0.21786006110600398,0.997173520810337,0.9952152782693976,True,DELEVERAGING_RISK
2015-10-26,8706.81,8757.14,8706.81,8745.36,137376591.0,137565832.0,0.010380670809692294,-0.002566190609795349,-0.21324903293891573,0.9971243095122999,0.9952152782693976,True,DELEVERAGING_RISK
2015-10-27,8724.0,8733.53,8662.77,8701.32,139214181.0,137376591.0,0.007833267119852438,0.01690375238994557,-0.17440141125971875,0.9966841370561078,0.9952152782693976,True,NORMAL
2015-10-28,8679.24,8714.01,8632.38,8665.99,139594390.0,139016097.0,0.01798568756989427,0.00972911124860043,-0.1563445820831174,0.9965364633880137,0.9952152782693976,True,NORMAL
2015-10-29,8682.58,8704.59,8568.13,8571.08,140387575.0,139555274.0,-0.010626631914063434,0.0008874896654165187,-0.14685641116881054,0.9964589480726308,0.9952152782693976,True,NORMAL
2015-10-30,8578.25,8586.9,8503.69,8554.31,140679165.0,140387168.0,-0.011592625458713424,-0.011232747191524228,-0.14014280058680162,0.9963570563850249,0.9952152782693976,True,DELEVERAGING_RISK
2015-11-02,8571.53,8614.77,8524.01,8614.77,140784031.0,140679165.0,-0.015323191786787427,-0.005835893340595977,-0.13609671949332858,0.9962586078283997,0.9952152782693976,True,DELEVERAGING_RISK
2015-11-03,8643.21,8728.06,8643.21,8713.19,140423184.0,140784063.0,-0.0020478589680301695,0.02214581419711159,-0.13379127483207487,0.9961588748348493,0.9952152782693976,True,NORMAL
2015-11-04,8759.94,8864.17,8754.18,8857.02,140071934.0,140423152.0,0.024405477208562232,0.0406727404751106,-0.11119196097649131,0.9959062806690011,0.9952152782693976,True,NORMAL
2015-11-05,8858.73,8871.87,8828.04,8850.18,139382955.0,140003079.0,0.025777198769555865,0.036045453960130036,-0.1089380612502786,0.9957985434853275,0.9952152782693976,True,NORMAL
2015-11-06,8857.61,8857.61,8671.89,8693.57,141755877.0,139381291.0,-0.009116036268101202,0.02887842680565611,-0.08473403735319618,0.9955024441162339,0.9952152782693976,True,NORMAL
2015-11-09,8702.67,8746.28,8623.7,8642.48,141941643.0,141953302.0,-0.02933618458884424,0.02371276040031778,-0.07679726610275162,0.9954802860971523,0.9952152782693976,True,NORMAL
2015-11-10,8614.55,8614.55,8529.54,8536.9,143066740.0,141978585.0,-0.039510264883152346,0.00827463374765558,-0.06885087930869993,0.9954145635163525,0.9952152782693976,True,NORMAL
2015-11-11,8543.63,8557.69,8415.01,8415.01,143653057.0,143066708.0,-0.06236935583792769,0.002486258270650854,-0.06468472814368875,0.9953559032977096,0.9952152782693976,True,NORMAL
2015-11-12,8426.76,8467.31,8374.07,8428.09,143713171.0,143653031.0,-0.06405096803281785,0.017469921698630486,-0.06345109490063339,0.9953072004875376,0.9952152782693976,True,NORMAL
2015-11-13,8402.11,8453.04,8329.5,8329.5,144110180.0,143712521.0,-0.07338600406266205,0.002136736712168519,-0.058997848913951656,0.9952491952892903,0.9952152782693976,True,NORMAL
2015-11-16,8278.12,8312.06,8217.34,8295.4,144061722.0,144108227.0,-0.07444268404257703,-0.0012328971638548847,-0.0577647653285438,0.9952267761111737,0.9952152782693976,True,DELEVERAGING_RISK
2015-11-17,8369.14,8471.89,8369.14,8419.42,143821489.0,144130813.0,-0.05304228311262382,0.025080904178770735,-0.057907714480789796,0.995203092728116,0.9952152782693976,False,NORMAL
2015-11-18,8432.25,8455.14,8326.72,8340.47,145018135.0,143821457.0,-0.0641954890929941,0.019963997544397705,-0.045962357750875316,0.9951344603373498,0.9952152782693976,False,NORMAL
2015-11-19,8382.09,8477.2,8357.2,8477.2,145363264.0,145001426.0,-0.063290747603862,0.056765031464103055,-0.03274418134596013,0.9950785302604028,0.9952152782693976,False,NORMAL
2015-11-20,8472.65,8484.06,8434.33,8465.45,145637236.0,145363150.0,-0.06294899127089004,0.054252840353632426,-0.025964608617808582,0.9950457995289618,0.9952152782693976,False,NORMAL
2015-11-23,8480.59,8503.08,8450.01,8485.73,145831482.0,145637181.0,-0.048572982245668084,0.08974151525892138,0.0018467235019352657,0.9948071281585057,0.9952152782693976,False,NORMAL
2015-11-24,8472.24,8497.83,8397.44,8400.14,146207967.0,145831409.0,-0.06464217035031916,0.13357011958965437,0.10325002614605361,0.991794794343588,0.9952152782693976,False,NORMAL
2015-11-25,8407.54,8426.62,8352.17,8386.13,146569332.0,146208039.0,-0.06643192383734398,0.09256426825645803,0.14702069076049762,0.9917419416253628,0.9952152782693976,False,NORMAL
2015-11-26,8411.16,8510.7,8411.16,8484.9,146076886.0,146569200.0,-0.044965383104523804,0.09970851224598509,0.14310280743363823,0.9920649260381555,0.9952152782693976,False,NORMAL
2015-11-27,8493.18,8505.08,8397.49,8398.4,146670671.0,146077132.0,-0.051999814878988415,0.07333968087621656,0.15298857327282356,0.9924412807907735,0.9952152782693976,False,NORMAL
2015-11-30,8339.83,8339.83,8239.0,8320.61,147455925.0,146670313.0,-0.07169617236624248,0.03758863125656253,0.16880103856699802,0.9928186119356367,0.9952152782693976,False,NORMAL
2015-12-01,8359.27,8463.3,8339.5,8463.3,147290940.0,147472269.0,-0.06780249083861778,0.035276186188977876,0.16631486873383738,0.9931517847319513,0.9952152782693976,False,NORMAL
2015-12-02,8475.96,8497.19,8441.28,8457.4,147451140.0,147290746.0,-0.069749536106684,0.0548595832148433,0.16290844299782758,0.9934357921801943,0.9952152782693976,False,NORMAL
2015-12-03,8424.54,8484.52,8393.29,8456.06,147371590.0,147093994.0,-0.07303726131372146,0.05236525377428802,0.15704579505971505,0.9937027087782241,0.9952152782693976,False,NORMAL
2015-12-04,8423.7,8423.7,8355.75,8398.6,148965255.0,147360256.0,-0.07872105166164989,0.037382888975352024,0.17427982298103895,0.9940629543306567,0.9952152782693976,False,NORMAL
2015-12-07,8432.47,8535.36,8432.47,8454.27,149036021.0,148965243.0,-0.07323957866304764,0.056704497162712864,0.17204574714827037,0.9943416224045508,0.9952152782693976,False,NORMAL
2015-12-08,8442.06,8453.63,8335.67,8343.86,149523648.0,149036019.0,-0.08962599191953124,0.04473765926756945,0.1713591439271962,0.9948432985417779,0.9952152782693976,False,NORMAL
2015-12-09,8329.86,8343.37,8229.62,8229.62,148467913.0,149523588.0,-0.10422492285420382,0.028509654439792698,0.158298114955858,0.9950033954426314,0.9952152782693976,False,NORMAL
2015-12-10,8214.27,8228.43,8133.42,8216.17,148377720.0,148467623.0,-0.09887789806870351,-0.008537550742616085,0.1783483712712728,0.9952085754070511,0.9952152782693976,False,NORMAL
2015-12-11,8217.33,8253.11,8108.68,8115.89,147378807.0,148377694.0,-0.10170684653434114,-0.018478160964023327,0.16074027223572807,0.9952792771191861,0.9952152782693976,True,NORMAL
2015-12-14,8058.67,8068.98,7980.59,8040.16,146597637.0,147378517.0,-0.12371311548664565,-0.03198480101904444,0.1528669337334616,0.9954163515429781,0.9952152782693976,True,NORMAL
2015-12-15,8074.48,8140.06,8073.35,8073.35,147034596.0,146960687.0,-0.12485054378755378,-0.028160808157654316,0.15487855904314096,0.9955790795986911,0.9952152782693976,True,NORMAL
2015-12-16,8144.03,8204.2,8121.06,8184.66,147006320.0,147034481.0,-0.11099790692950795,-0.009119865762549306,0.15119070719248606,0.9957025095045808,0.9952152782693976,True,NORMAL
2015-12-17,8214.62,8319.67,8214.62,8319.67,146185302.0,146997990.0,-0.09443698849170978,-0.0016344084989242669,0.14313994483677916,0.9957991097556171,0.9952152782693976,True,NORMAL
2015-12-18,8272.41,8317.48,8241.32,8257.32,146392278.0,146184971.0,-0.09547481076580966,-0.022281688473151373,0.1548042113134973,0.9959318380522166,0.9952152782693976,True,NORMAL
2015-12-21,8228.05,8289.59,8191.53,8282.17,146897766.0,146392207.0,-0.08303550867123699,-0.021267669880195683,0.15315433405478407,0.9960448094552374,0.9952152782693976,True,NORMAL
2015-12-22,8283.03,8316.44,8261.72,8292.74,146915015.0,146897766.0,-0.07992060418924962,-0.001721431460544487,0.14223148322562307,0.996112552593317,0.9952152782693976,True,NORMAL
2015-12-23,8296.58,8359.25,8296.58,8315.7,146338779.0,146915015.0,-0.07883061769094513,-0.006002926157553379,0.13764511373770727,0.9962038367699049,0.9952152782693976,True,NORMAL
2015-12-24,8351.2,8393.41,8324.36,8324.36,145869695.0,146253110.0,-0.07359194625195997,0.015981116554503627,0.12255640403683743,0.9962337650357959,0.9952152782693976,True,HOT_LEVERAGE_MOMENTUM
2015-12-25,8328.94,8364.3,8320.1,8363.28,145691255.0,145864186.0,-0.06565030818095585,0.02956752963769982,0.1226064115029728,0.9963250062172664,0.9952152782693976,True,HOT_LEVERAGE_MOMENTUM
2015-12-28,8374.18,8394.6,8358.49,8358.49,145685120.0,145691459.0,-0.05322279562682097,0.027807460328195255,0.11658378206332043,0.9963840054402524,0.9952152782693976,True,HOT_LEVERAGE_MOMENTUM
2015-12-29,8349.27,8351.16,8286.84,8293.91,145544967.0,145685012.0,-0.06585700721845589,0.013771750981513842,0.11244928368591323,0.9964407726609325,0.9952152782693976,True,HOT_LEVERAGE_MOMENTUM
2015-12-30,8313.37,8342.34,8262.52,8279.99,146001766.0,145553063.0,-0.07995204188667848,-0.0019226272128295419,0.11669531388915977,0.9965050017487586,0.9952152782693976,True,NORMAL
2015-12-31,8273.77,8338.06,8258.73,8338.06,145719683.0,146001679.0,-0.08322594832325458,0.003977107849098438,0.11392546928015523,0.9965599002277509,0.9952152782693976,True,HOT_LEVERAGE_MOMENTUM
2016-01-04,8315.79,8326.33,8109.09,8114.26,146187697.0,145719670.0,-0.10809863141383924,-0.02850691301620145,0.10693176223427803,0.996600563702233,0.9952152782693976,True,NORMAL
2016-01-05,8105.0,8142.64,8055.96,8075.11,145854961.0,146277108.0,-0.12095016644568257,-0.038001691664383386,0.10432979773560813,0.9966485374652124,0.9952152782693976,True,NORMAL
2016-01-06,8064.25,8076.54,7948.43,7990.39,144332193.0,145854892.0,-0.1275628637252012,-0.05942628981204734,0.08833731534722311,0.9966926692394592,0.9952152782693976,True,NORMAL
2016-01-07,7963.24,7980.5,7770.16,7852.06,142389899.0,144331318.0,-0.14781849931680568,-0.07031764299144194,0.07045037425306644,0.9966889561736787,0.9952152782693976,True,NORMAL
2016-01-08,7811.2,7906.55,7788.71,7893.97,141651703.0,142387338.0,-0.14368172696208703,-0.0792829716855693,0.0657009087411673,0.9967179430004155,0.9952152782693976,True,NORMAL
2016-01-11,7855.8,7855.8,7726.22,7788.42,141444601.0,141651041.0,-0.16129817321898543,-0.09097890736608183,0.0538515841528735,0.9967240445303055,0.9952152782693976,True,NORMAL
2016-01-12,7807.93,7851.81,7732.11,7768.45,139426273.0,141442653.0,-0.16183754961735708,-0.088478628948514,0.03257526177404624,0.996687067228649,0.9952152782693976,True,NORMAL
2016-01-13,7799.56,7865.98,7786.33,7824.61,138870398.0,139423784.0,-0.15930037411654996,-0.09032240813251624,0.027601563808709262,0.9967126002730845,0.9952152782693976,True,NORMAL
2016-01-14,7752.09,7752.09,7662.34,7742.88,137548781.0,138869650.0,-0.16510802653839562,-0.10018303418381291,0.015833720068707535,0.9967087780630796,0.9952152782693976,True,NORMAL
2016-01-15,7809.0,7842.34,7708.66,7762.01,136781284.0,137547980.0,-0.14216198772371502,-0.10073451891328267,0.007745168733180652,0.9967219214211348,0.9952152782693976,True,NORMAL
2016-01-18,7678.67,7834.25,7627.89,7811.18,136792835.0,136780995.0,-0.13974641220516537,-0.09734908015161325,-0.0008301432787476415,0.9967255616174073,0.9952152782693976,True,DELEVERAGING_RISK
2016-01-19,7816.45,7854.88,7786.77,7854.88,137417250.0,136792839.0,-0.14972348000601865,-0.08762107644934558,0.004371926557293904,0.9967360436171685,0.9952152782693976,True,NORMAL
2016-01-20,7835.17,7835.17,7687.6,7699.12,137991674.0,137417531.0,-0.16455394017522496,-0.1056332956184961,0.0021525065448138037,0.9967591720200542,0.9952152782693976,True,NORMAL
2016-01-21,7713.17,7748.37,7664.01,7664.01,137559281.0,137974240.0,-0.16498589063334157,-0.11641942814057482,0.0001294664037116977,0.9967777917994717,0.9952152782693976,True,NORMAL
2016-01-22,7729.01,7774.12,7706.14,7756.18,137685715.0,137575839.0,-0.159840984423406,-0.11310912300923004,0.0022501941396988467,0.9968558716849518,0.9952152782693976,True,NORMAL
2016-01-25,7813.73,7899.66,7813.73,7894.15,136720539.0,137685668.0,-0.1400923506273808,-0.09276408636850497,-0.017912270015078446,0.9968589486951879,0.9952152782693976,True,DELEVERAGING_RISK
2016-01-26,7832.1,7848.63,7799.58,7828.67,137041614.0,136720480.0,-0.14581635314001284,-0.09662139005468495,-0.018287095921261542,0.99687058977549,0.9952152782693976,True,DELEVERAGING_RISK
2016-01-27,7863.66,7888.63,7830.33,7849.83,136853106.0,137041564.0,-0.1409957442803852,-0.08414925540305307,-0.025176508676070464,0.996862655544023,0.9952152782693976,True,DELEVERAGING_RISK
2016-01-28,7825.22,7921.06,7821.12,7905.1,136385972.0,136852805.0,-0.13832043827923501,-0.07589273711146771,-0.030517617871843372,0.9968541733762102,0.9952152782693976,True,DELEVERAGING_RISK
2016-01-29,7880.78,8080.6,7876.82,8080.6,135211537.0,136385907.0,-0.12658119759741193,-0.06200629848504369,-0.039581861383128025,0.9968346117703678,0.9952152782693976,True,DELEVERAGING_RISK
2016-01-30,8107.23,8149.5,8106.63,8145.21,134636920.0,135211459.0,-0.12602323462854526,-0.0651862291537314,-0.041205902296019725,0.9968566823142787,0.9952152782693976,True,DELEVERAGING_RISK
2016-02-01,8164.24,8166.8,8110.87,8156.96,134836456.0,134637015.0,-0.12941445176962296,-0.07904012862113896,-0.03737706655781592,0.9968505559018298,0.9952152782693976,True,DELEVERAGING_RISK
2016-02-02,8141.52,8156.25,8091.14,8131.24,133862527.0,134836440.0,-0.14145375221466938,-0.08123450596485049,-0.03960619144571875,0.9968398311964606,0.9952152782693976,True,DELEVERAGING_RISK
2016-02-03,8117.22,8117.22,8036.6,8063.0,132926274.0,133862315.0,-0.14926347931506379,-0.07253291800721684,-0.06228738579917925,0.9967559280997016,0.9952152782693976,True,DELEVERAGING_RISK
2016-02-15,7976.65,8074.8,7953.99,8066.51,133492185.0,132605086.0,-0.1528190144713225,-0.06664406512945353,-0.05952768913630235,0.996749101652006,0.9952152782693976,True,DELEVERAGING_RISK
2016-02-16,8090.91,8227.19,8090.91,8212.07,133239752.0,133491906.0,-0.13656407582021513,-0.03805011186730545,-0.06868813813748742,0.9967200524575974,0.9952152782693976,True,DELEVERAGING_RISK
2016-02-17,8240.73,8253.8,8196.13,8214.25,133690502.0,133239732.0,-0.1286371978062777,-0.023857369153453156,-0.0693515001215742,0.9967020145035607,0.9952152782693976,True,DELEVERAGING_RISK
2016-02-18,8261.74,8337.97,8261.74,8314.67,133711074.0,133690502.0,-0.11186178888709675,-0.013457378836723377,-0.06959763625283866,0.9966858232399958,0.9952152782693976,True,DELEVERAGING_RISK
2016-02-19,8291.83,8325.04,8280.39,8325.04,134214644.0,133711073.0,-0.11312998096301363,-0.0005354463053003355,-0.06866646062061676,0.9966668077815132,0.9952152782693976,True,DELEVERAGING_RISK
2016-02-22,8315.79,8396.62,8296.18,8326.68,134203010.0,134214365.0,-0.11875140891950553,0.0037707645200955042,-0.06843394527798297,0.9966503192985805,0.9952152782693976,True,NORMAL
2016-02-23,8333.59,8361.79,8311.94,8334.64,135053715.0,134202988.0,-0.12395311291244837,-0.010069577239287364,-0.06096289268705879,0.996628006132621,0.9952152782693976,True,DELEVERAGING_RISK
2016-02-24,8332.66,8382.25,8264.39,8282.86,135394181.0,135053703.0,-0.12922450996367751,-0.006907284601467167,-0.06636379650034807,0.9966236947991887,0.9952152782693976,True,DELEVERAGING_RISK
2016-02-25,8304.18,8388.63,8304.18,8365.86,135215237.0,135394181.0,-0.11530237368578011,-0.0131340536969754,-0.06981149652776097,0.9966090450846108,0.9952152782693976,True,DELEVERAGING_RISK
2016-02-26,8380.53,8432.74,8347.8,8411.16,135118075.0,135215217.0,-0.10723770100302499,-0.006413126295708005,-0.072228513043189,0.9966192483552511,0.9952152782693976,True,DELEVERAGING_RISK
2016-03-01,8381.38,8489.01,8378.06,8485.69,135386875.0,135118118.0,-0.09666159234380489,-4.7137959844345545e-06,-0.07162107150498542,0.9971649140243907,0.9952152782693976,True,DELEVERAGING_RISK
2016-03-02,8544.66,8586.25,8540.17,8544.05,135076002.0,135386825.0,-0.09703536802145796,0.017131857326187383,-0.07613788241785757,0.9971909351610577,0.9952152782693976,True,NORMAL
2016-03-03,8569.05,8630.77,8561.74,8611.79,135226767.0,135076002.0,-0.09314354733575447,0.026908717131740367,-0.07738702800392105,0.9971345289715363,0.9952152782693976,True,NORMAL
2016-03-04,8611.37,8648.94,8584.06,8643.55,135488660.0,135226747.0,-0.09297015271509246,0.01869792219118671,-0.0724839246641662,0.9970767617801928,0.9952152782693976,True,NORMAL
2016-03-07,8656.74,8727.88,8632.21,8659.55,136012740.0,135489803.0,-0.10071479234882463,0.031095208611163994,-0.07266572742412836,0.9970207436267701,0.9952152782693976,True,NORMAL
2016-03-08,8655.86,8668.51,8575.7,8664.31,137353706.0,136012740.0,-0.10672980368141183,0.041307067630858674,-0.06851009208344794,0.9969492646144281,0.9952152782693976,True,NORMAL
2016-03-09,8649.1,8657.17,8588.41,8634.11,138181695.0,137353452.0,-0.10267924881262924,0.020182434747675337,-0.06184524995223739,0.996870480525646,0.9952152782693976,True,NORMAL
2016-03-10,8633.66,8680.43,8614.97,8660.7,138248994.0,138169965.0,-0.09797153736553987,0.024038120462553714,-0.06240810345718584,0.9967886904522035,0.9952152782693976,True,NORMAL
2016-03-11,8663.29,8707.97,8640.96,8706.14,138451756.0,138246465.0,-0.09365516767526194,0.0295740569485079,-0.06052614347175056,0.9967059647468499,0.9952152782693976,True,NORMAL
2016-03-14,8746.48,8777.05,8739.57,8747.9,138908859.0,138451773.0,-0.09081838712996515,0.04159026504417396,-0.067508332731683,0.9966052203717696,0.9952152782693976,True,NORMAL
2016-03-15,8745.57,8759.94,8589.41,8611.18,138745243.0,138908854.0,-0.10254307150844855,0.018559852003780408,-0.06904893146603797,0.9965141699456916,0.9952152782693976,True,NORMAL
2016-03-16,8637.63,8699.14,8637.63,8699.14,138224005.0,138745211.0,-0.09813939167116792,0.04257981317999082,-0.07557094246389706,0.9964527487848124,0.9952152782693976,True,NORMAL
2016-03-17,8763.51,8826.84,8716.88,8734.54,137770974.0,138224005.0,-0.08662989988476377,0.06135398718288321,-0.07204882714287231,0.9963878259791059,0.9952152782693976,True,NORMAL
2016-03-18,8747.05,8810.71,8747.05,8810.71,137882621.0,137770973.0,-0.07610944442055978,0.07236218335307076,-0.0707323107539326,0.9962958765771643,0.9952152782693976,True,NORMAL
2016-03-21,8826.16,8840.75,8747.59,8812.7,138424070.0,137882621.0,-0.07460533141240633,0.08585749683645294,-0.06076000465928588,0.9961919847500423,0.9952152782693976,True,NORMAL
2016-03-22,8806.02,8814.37,8713.24,8785.68,139005136.0,138436996.0,-0.08444351813255524,0.09272452289506683,-0.05179142826156191,0.9960854898947479,0.9952152782693976,True,NORMAL
2016-03-23,8777.88,8814.5,8734.55,8766.09,139705486.0,139004412.0,-0.084897200749529,0.08580576836133691,-0.049846160015293295,0.9959815805343613,0.9952152782693976,True,NORMAL
2016-03-24,8745.42,8765.96,8676.87,8743.38,139925290.0,139705111.0,-0.08089322825507661,0.06826428953676755,-0.048168201203866556,0.9958777460692445,0.9952152782693976,True,NORMAL
2016-03-25,8758.14,8765.62,8699.89,8704.97,139870449.0,139926206.0,-0.0874757847420814,0.04631193304542114,-0.043197591779781,0.9957796874187663,0.9952152782693976,True,NORMAL
2016-03-28,8713.72,8737.86,8676.03,8690.45,139615665.0,139870390.0,-0.09975521653961328,0.05245406499929772,-0.04629078181295876,0.9956432352908318,0.9952152782693976,True,NORMAL
2016-03-29,8687.06,8711.11,8585.71,8617.35,138709263.0,139615654.0,-0.11496467499869045,0.04047007004203018,-0.05574286950013929,0.9954809280039447,0.9952152782693976,True,NORMAL
2016-03-30,8624.93,8744.47,8624.93,8737.04,138031031.0,138709254.0,-0.10386484083083658,0.053576984205461864,-0.06047022491200105,0.9953358356263604,0.9952152782693976,True,NORMAL
2016-03-31,8757.22,8803.91,8695.08,8744.83,138047760.0,138030838.0,-0.10383794369594868,0.0516047957478023,-0.05665633577549534,0.9951913267694004,0.9952152782693976,False,NORMAL
2016-04-01,8700.38,8704.53,8628.94,8657.55,138750445.0,138047737.0,-0.11037274216320758,0.040025899889000405,-0.048805545250505955,0.9950422763845341,0.9952152782693976,False,NORMAL
2016-04-06,8605.16,8605.16,8496.89,8513.3,139342699.0,138750427.0,-0.1194197663798392,0.01793793822519385,-0.04357540883287747,0.9948789273485942,0.9952152782693976,False,NORMAL
2016-04-07,8523.25,8529.44,8436.54,8490.25,140050208.0,139300240.0,-0.11735688919568532,0.015763612805662186,-0.03867870651443328,0.9947132940379572,0.9952152782693976,False,NORMAL
2016-04-08,8464.78,8546.31,8452.05,8541.5,140088051.0,140049965.0,-0.10124666972511809,0.029852023954926032,-0.03749299005303286,0.9945400429130955,0.9952152782693976,False,NORMAL
2016-04-11,8518.96,8568.44,8476.57,8562.59,139919565.0,140087869.0,-0.10074491670228647,0.03413047600299035,-0.041658407063377534,0.9943563513574145,0.9952152782693976,False,NORMAL
2016-04-12,8561.21,8613.56,8520.14,8531.18,139324649.0,139919508.0,-0.11007840241007094,0.023161262931665316,-0.04388586269433481,0.9941362929015164,0.9952152782693976,False,NORMAL
2016-04-13,8562.79,8653.08,8561.9,8652.08,138277361.0,139324546.0,-0.08998849348840832,0.06628084384774446,-0.05411081891521963,0.9938701944768329,0.9952152782693976,False,NORMAL
2016-04-14,8684.93,8719.15,8653.84,8667.71,139222394.0,138277045.0,-0.09714363687877081,0.07338599721861372,-0.04547371549466872,0.9936036845771025,0.9952152782693976,False,NORMAL
2016-04-15,8634.23,8700.39,8613.25,8700.39,139061615.0,139222381.0,-0.09764776651904705,0.08885673915791337,-0.03651699520702223,0.9933343643489815,0.9952152782693976,False,NORMAL
2016-04-18,8681.8,8686.98,8650.13,8666.01,138782751.0,139061569.0,-0.0946471833906708,0.10366069540986689,-0.02533289246872772,0.9930357472519517,0.9952152782693976,False,NORMAL
2016-04-19,8701.75,8743.35,8627.29,8633.72,139153903.0,138781855.0,-0.09765009343606434,0.09371076910603904,-0.017633391954348765,0.9927488257931661,0.9952152782693976,False,NORMAL
2016-04-20,8649.09,8695.22,8502.55,8514.48,138896726.0,139153499.0,-0.11470725849215524,0.09322301570793545,-0.01801323615031447,0.9924582970262305,0.9952152782693976,False,NORMAL
2016-04-21,8549.14,8568.65,8508.92,8568.65,138449821.0,138896685.0,-0.1135744818197243,0.10300639123634703,-0.007003357251039732,0.9921375593223644,0.9952152782693976,False,NORMAL
2016-04-22,8560.21,8580.33,8501.03,8535.75,137527965.0,138449701.0,-0.11475261921009883,0.09088504091577732,-0.009666804584228195,0.9917991392257224,0.9952152782693976,False,NORMAL
2016-04-25,8541.14,8560.28,8513.73,8560.28,137275953.0,137527964.0,-0.10270166015727356,0.10556795404294017,-0.00198349994828384,0.9914248786233179,0.9952152782693976,False,NORMAL
2016-04-26,8556.37,8622.42,8554.55,8581.57,137086939.0,137275608.0,-0.11135077928977,0.10558605309707136,0.0022346259010115332,0.9910535930689618,0.9952152782693976,False,NORMAL
2016-04-27,8561.37,8597.64,8537.03,8563.05,136719669.0,137086801.0,-0.1053063808846163,0.09625562335012106,-0.0005348671953468997,0.9906549402614502,0.9952152782693976,False,NORMAL
2016-04-28,8586.92,8595.99,8456.38,8473.87,136666161.0,136719641.0,-0.11294849181134425,0.07880324078789247,-0.005465754845188631,0.9902202008055087,0.9952152782693976,False,NORMAL
2016-04-29,8424.04,8424.04,8352.23,8377.9,135811175.0,136666183.0,-0.12125890761256053,0.08816332256153947,-0.01580167075877348,0.9897279802653506,0.9952152782693976,False,NORMAL
2016-05-03,8362.35,8363.59,8268.41,8294.12,135178639.0,135810939.0,-0.13719754499115777,0.08221675076102475,-0.017306298656795116,0.9892777628039475,0.9952152782693976,False,NORMAL
2016-05-04,8282.52,8285.96,8153.57,8185.47,135113930.0,135178473.0,-0.164533977579972,0.05534812240045994,-0.01867866248869754,0.9894444656643564,0.9952152782693976,False,NORMAL
2016-05-05,8182.05,8207.98,8122.34,8167.96,135040051.0,135113657.0,-0.1760587817553827,0.03468517826491779,-0.012291408535187287,0.9892447829081698,0.9952152782693976,False,NORMAL
2016-05-06,8169.54,8170.68,8104.16,8146.43,134814479.0,135039777.0,-0.18316133767567222,0.04058926995262291,-0.016251523424118508,0.9889904928798802,0.9952152782693976,False,NORMAL
2016-05-09,8156.65,8177.36,8106.13,8131.83,134124960.0,134814398.0,-0.18329126840570742,0.03592434485842366,-0.019934848975952324,0.9887391495182621,0.9952152782693976,False,NORMAL
2016-05-10,8119.71,8168.13,8075.58,8156.29,133687334.0,134124723.0,-0.17227210130477189,0.031775689112092165,-0.019786771032434314,0.9884986400014832,0.9952152782693976,False,NORMAL
2016-05-11,8182.92,8204.51,8115.44,8135.56,133384757.0,133683733.0,-0.17153578647766554,0.0068014751379847915,-0.013510533498335975,0.9882393284988251,0.9952152782693976,False,NORMAL
2016-05-12,8122.78,8162.44,8105.49,8108.05,132038234.0,133384460.0,-0.17643300585878785,-0.004562190538979327,-0.019301436782719006,0.9882376882755028,0.9952152782693976,False,NORMAL
2016-05-13,8095.93,8095.93,7999.98,8053.69,131109787.0,132037919.0,-0.17987949243034462,-0.01266035385731945,-0.02763843778273145,0.9880169496073022,0.9952152782693976,False,NORMAL
2016-05-16,8035.21,8091.48,8003.93,8067.6,130835681.0,131108910.0,-0.17830152166384883,-0.007826604552319094,-0.02261160063114598,0.9881752950068571,0.9952152782693976,False,NORMAL
2016-05-17,8081.89,8151.2,8047.31,8140.48,130913084.0,130835617.0,-0.16113069616894293,0.009609326553392084,-0.015145162347663499,0.9880777340119798,0.9952152782693976,False,NORMAL
2016-05-18,8115.61,8159.68,8061.26,8159.68,130989491.0,130924980.0,-0.15810152703260416,0.011550224322538494,-0.01874786902319414,0.9880141397536681,0.9952152782693976,False,NORMAL
2016-05-19,8159.93,8166.96,8067.33,8095.98,130682961.0,130990416.0,-0.16222945201226857,-0.014136508821770866,-0.01918940077282638,0.987950617739364,0.9952152782693976,False,NORMAL
2016-05-20,8108.68,8165.98,8080.65,8131.26,130128848.0,130682894.0,-0.16005714445088326,-0.010103174361627665,-0.026641039914712894,0.9878518512816936,0.9952152782693976,False,NORMAL
2016-05-23,8150.38,8356.96,8119.71,8344.44,129097295.0,130128787.0,-0.14188136497838877,0.0035804187057333348,-0.03450558627627209,0.987772306766693,0.9952152782693976,False,NORMAL
2016-05-24,8329.69,8354.62,8298.0,8300.66,129895531.0,129097298.0,-0.13632225312486024,-0.0029285144575883493,-0.03218063894726719,0.9877293123785201,0.9952152782693976,False,NORMAL
2016-05-25,8352.84,8417.27,8352.84,8396.2,129680221.0,129895542.0,-0.12352236238292669,0.008349065894210028,-0.033701099550598745,0.9876866871138005,0.9952152782693976,False,NORMAL
2016-05-26,8400.89,8410.74,8376.6,8394.12,130028605.0,129680160.0,-0.1261677475770604,0.007136480999779371,-0.03720823229483172,0.9877347490836333,0.9952152782693976,False,NORMAL
2016-05-27,8415.59,8463.61,8415.59,8463.61,130123312.0,130028605.0,-0.12896878283627167,0.02182217253460772,-0.038929804523873845,0.9878355209360795,0.9952152782693976,False,NORMAL
2016-05-30,8476.62,8563.4,8462.15,8535.87,129544032.0,130123221.0,-0.11867870001063452,0.020321879639391582,-0.04194205568711162,0.9878736337041112,0.9952152782693976,False,NORMAL
2016-05-31,8532.21,8545.73,8488.9,8535.59,129518194.0,129543899.0,-0.10888588681388423,0.014793441094926196,-0.04144435154216042,0.988375879484823,0.9952152782693976,False,NORMAL
2016-06-01,8516.08,8603.63,8514.12,8597.16,129240527.0,129518024.0,-0.10806739428144574,0.013136232881474585,-0.045398403648802765,0.9946349059592091,0.9952152782693976,False,NORMAL
2016-06-02,8598.47,8635.03,8553.54,8556.02,129733620.0,129240580.0,-0.11292180438499266,0.0014009749474781508,-0.0395509337032347,0.9958181951598907,0.9952152782693976,True,NORMAL
2016-06-03,8565.18,8601.05,8559.77,8587.36,129661499.0,129733607.0,-0.11190444918562759,-0.002836808607734276,-0.04115507693828102,0.995731425588361,0.9952152782693976,True,DELEVERAGING_RISK
2016-06-04,8582.6,8594.35,8570.69,8591.57,129949943.0,129661449.0,-0.1136808637504979,-0.00601373278340489,-0.0408795614334071,0.9957399256634232,0.9952152782693976,True,DELEVERAGING_RISK
2016-06-06,8605.15,8664.12,8557.68,8597.11,129675393.0,129949926.0,-0.11487165442857084,-0.00721053634426716,-0.04659377496549222,0.9958549453123977,0.9952152782693976,True,DELEVERAGING_RISK
2016-06-07,8622.21,8692.73,8621.46,8679.9,129352080.0,129675398.0,-0.10526364617511264,0.001799335434673921,-0.05825562507938442,0.9956426013847989,0.9952152782693976,True,NORMAL
2016-06-08,8704.66,8754.82,8690.59,8715.48,129457301.0,129351860.0,-0.09456049384511667,0.009424248706583427,-0.06313711812552303,0.9954909763127472,0.9952152782693976,True,NORMAL
2016-06-13,8634.24,8634.24,8520.21,8536.22,129254617.0,129456738.0,-0.11212927463996203,-0.014372972161603714,-0.06505925822505443,0.9953487617284928,0.9952152782693976,True,DELEVERAGING_RISK
2016-06-14,8513.51,8577.31,8503.42,8576.12,129467844.0,129254477.0,-0.10258964560321115,-0.014934287755537845,-0.06488839332597562,0.9955428791903275,0.9952152782693976,True,DELEVERAGING_RISK
2016-06-15,8566.43,8608.29,8524.55,8606.37,129999627.0,129467797.0,-0.07939772993476035,-0.01617874004046671,-0.06413724843856072,0.9953551165098564,0.9952152782693976,True,DELEVERAGING_RISK
2016-06-16,8583.19,8584.67,8476.84,8494.14,130161036.0,129999411.0,-0.0905758271030489,-0.013591633202418407,-0.06187027976159154,0.9951533759563544,0.9952152782693976,False,NORMAL
2016-06-17,8538.28,8607.16,8538.28,8568.08,129882368.0,130161128.0,-0.08543053638656639,-0.0150658570847233,-0.06034868545445493,0.9949685637121277,0.9952152782693976,False,NORMAL
2016-06-20,8612.26,8642.15,8604.81,8625.92,130080294.0,129882368.0,-0.061570714120195436,-0.012435686366998211,-0.05582220823959627,0.9953097898385284,0.9952152782693976,True,DELEVERAGING_RISK
2016-06-21,8633.21,8684.85,8627.4,8684.85,129756315.0,130080271.0,-0.06599451524439426,-0.014284887370030197,-0.05893640504556408,0.9951324032726049,0.9952152782693976,False,NORMAL
2016-06-22,8675.12,8716.25,8653.04,8716.25,130139755.0,129756305.0,-0.06301968612704767,-0.010944432466781007,-0.059847358916697124,0.9948691477385745,0.9952152782693976,False,NORMAL
2016-06-23,8706.08,8711.21,8662.78,8676.68,130423439.0,130139832.0,-0.06721723341285091,-0.012406552480855204,-0.061736546194954944,0.9946502882301632,0.9952152782693976,False,NORMAL
2016-06-24,8684.53,8691.3,8374.26,8476.99,129112720.0,130423414.0,-0.0845069053553763,-0.03297935567624799,-0.07582211911134251,0.9941273264168423,0.9952152782693976,False,NORMAL
2016-06-27,8406.29,8468.66,8386.27,8458.87,129572011.0,129112743.0,-0.0818330623329766,-0.0325400474416071,-0.0739914778808034,0.993780565072892,0.9952152782693976,False,NORMAL
2016-06-28,8438.76,8505.51,8396.01,8505.51,130091756.0,129571977.0,-0.07446492481362543,-0.02291334720280469,-0.06991250167503216,0.9937978061702256,0.9952152782693976,False,NORMAL
2016-06-29,8530.37,8609.23,8530.37,8586.56,130071390.0,130091772.0,-0.06853814719955931,-0.011954501780690463,-0.06836106106001782,0.9933636417894124,0.9952152782693976,False,NORMAL
2016-06-30,8615.46,8666.58,8583.77,8666.58,130049765.0,130071390.0,-0.07227645296341068,0.005712893174815825,-0.06242912558766889,0.9927643062365936,0.9952152782693976,False,NORMAL
2016-07-01,8692.48,8755.62,8680.53,8738.24,130181057.0,130049935.0,-0.06952297591133771,0.00013734628661410397,-0.056871081401978385,0.9921135873072281,0.9952152782693976,False,NORMAL
2016-07-04,8728.32,8782.38,8712.12,8760.58,129851162.0,130181053.0,-0.067756623970051,0.0018010641716306175,-0.059375088737405046,0.9915324760165475,0.9952152782693976,False,NORMAL
2016-07-05,8738.41,8747.06,8693.76,8716.07,130414380.0,129877625.0,-0.08022823157463754,0.006759418080172885,-0.06007955506016571,0.9909296345202461,0.9952152782693976,False,NORMAL
2016-07-06,8673.53,8673.53,8569.15,8575.75,131059956.0,130403855.0,-0.0937187254625329,0.007335580797105834,-0.05944152840042238,0.9901178050209433,0.9952152782693976,False,NORMAL
2016-07-07,8605.38,8653.7,8605.38,8640.91,131164646.0,131059734.0,-0.06444170158400198,0.017745060510585553,-0.06344554661425428,0.989191080849339,0.9952152782693976,False,NORMAL
2016-07-11,8728.23,8795.8,8728.23,8786.47,130522761.0,131164595.0,-0.05755109395882463,0.028679974243399853,-0.06828055591979076,0.9884213124939294,0.9952152782693976,False,NORMAL
2016-07-12,8794.73,8841.46,8794.3,8841.46,130200312.0,130522733.0,-0.05693406988415217,0.03256841679912248,-0.06946314477178372,0.9871650033995171,0.9952152782693976,False,NORMAL
2016-07-13,8847.04,8865.42,8800.17,8857.75,130218339.0,130200314.0,-0.05560045376810907,0.038279581488141146,-0.06536036563063585,0.9854805437396552,0.9952152782693976,False,NORMAL
2016-07-14,8837.76,8877.31,8818.26,8866.36,130710058.0,130218342.0,-0.05256015293490324,0.02476629897088345,-0.05472553818842407,0.9832200088558145,0.9952152782693976,False,NORMAL
2016-07-15,8857.15,8949.85,8857.15,8949.85,130695883.0,130709983.0,-0.03307166409535034,0.03255069678150302,-0.06124381828975012,0.9806330433534143,0.9952152782693976,False,NORMAL
2016-07-18,8952.61,9008.21,8952.61,9008.21,130541684.0,130706381.0,-0.026156304323384783,0.03538002319436262,-0.06126730945847281,0.9785078863494391,0.9952152782693976,False,NORMAL
2016-07-19,9018.8,9034.87,8972.83,9034.87,130733497.0,130541879.0,0.006546265587208833,0.04256399427187385,-0.05799895118090004,0.9758269071034529,0.9952152782693976,False,NORMAL
2016-07-20,9013.52,9034.13,8969.19,9007.68,131046220.0,130733496.0,0.010494574344327656,0.04331389018870202,-0.058264143694194526,0.9730484201630304,0.9952152782693976,False,NORMAL
2016-07-21,9010.22,9075.89,9009.79,9056.56,130745768.0,131046001.0,0.0025061103042753885,0.06366566132048002,-0.05868358624954195,0.9722789469171438,0.9952152782693976,False,NORMAL
2016-07-22,9055.17,9060.15,9004.24,9013.14,131523483.0,130746308.0,-0.0031653129479217723,0.051873982482654846,-0.05002778587918866,0.9696495894808252,0.9952152782693976,False,NORMAL
2016-07-25,9030.36,9085.91,8916.05,8991.67,131364344.0,131523478.0,-0.0069061871838485,0.053412998271973766,-0.04481721953785911,0.9680376770819998,0.9952152782693976,False,NORMAL
2016-07-26,8983.55,9024.79,8960.48,9024.79,131364021.0,131364242.0,-0.001926520175930202,0.05426341194446915,-0.043066042309682584,0.966679493156404,0.9952152782693976,False,NORMAL
2016-07-27,9058.19,9084.9,9042.14,9063.39,131532232.0,131364298.0,0.0019246118165194837,0.056145903371993766,-0.04051959319042053,0.9657415935759391,0.9952152782693976,False,NORMAL
2016-07-28,9060.48,9081.4,9015.35,9076.64,131367925.0,131532086.0,0.011324791086350983,0.05997746130175585,-0.039143921566983875,0.9647625477496302,0.9952152782693976,False,NORMAL
2016-07-29,9066.37,9071.51,8984.41,8984.41,132002816.0,131367925.0,-0.0023928598394840073,0.060248741130085604,-0.03412216283736835,0.9630416762361276,0.9952152782693976,False,NORMAL
2016-08-01,9008.74,9080.71,9008.74,9080.71,131855136.0,132002793.0,0.01816520344893302,0.08388856395994226,-0.029128965271083218,0.9613906042359871,0.9952152782693976,False,NORMAL
2016-08-02,9081.06,9086.42,9052.71,9068.76,132420445.0,131855154.0,0.03158186897687654,0.09339628556133728,-0.020404066947293353,0.9593525247387242,0.9952152782693976,False,NORMAL
2016-08-03,9000.82,9033.95,8948.4,9001.71,133212183.0,132366047.0,0.02667127440447259,0.09971815912830895,-0.014075136442260217,0.9621435186951178,0.9952152782693976,False,NORMAL
2016-08-04,9009.29,9035.25,8972.31,9024.71,133675280.0,133212020.0,0.05469761636522552,0.10489155186852028,-0.010106416503056548,0.9622862334460045,0.9952152782693976,False,NORMAL
2016-08-05,9025.76,9101.71,9023.23,9092.12,133785462.0,133675280.0,0.05938020318112813,0.11608643295283949,-0.00763283741948817,0.9632946222378193,0.9952152782693976,False,NORMAL
2016-08-08,9123.07,9153.99,9104.43,9150.26,134207058.0,133785080.0,0.06852120866750444,0.12523995213869443,0.0006121008349229129,0.9641047275656229,0.9952152782693976,False,NORMAL
2016-08-09,9154.0,9168.34,9127.63,9155.08,133983240.0,134206173.0,0.058208470448442906,0.12245641094173942,0.0022134183631785653,0.9662542877133177,0.9952152782693976,False,NORMAL
2016-08-10,9160.94,9200.42,9131.63,9200.42,134189859.0,133983240.0,0.061749452416177464,0.1308895761324358,0.006035937074878817,0.9676536794885179,0.9952152782693976,False,NORMAL
2016-08-11,9168.7,9187.18,9063.81,9131.83,133257525.0,134189858.0,0.07125654444119878,0.12626710491425186,0.00923437827864304,0.9691767086624057,0.9952152782693976,False,NORMAL
2016-08-12,9135.34,9173.72,9135.34,9150.39,133235222.0,133258164.0,0.07514281752960317,0.1361736048941542,0.01621110863371311,0.9706029912303916,0.9952152782693976,False,NORMAL
2016-08-15,9152.36,9162.02,9117.26,9148.51,132605362.0,133285491.0,0.07096942615955704,0.13398160543408189,0.013525981494298955,0.9757596557110452,0.9952152782693976,False,NORMAL
2016-08-16,9146.09,9165.58,9082.34,9110.36,133378800.0,132604743.0,0.07820525565828285,0.11914285152718285,0.018834756043177414,0.9768604120984115,0.9952152782693976,False,NORMAL
2016-08-17,9121.18,9133.07,9073.27,9117.7,133928456.0,133378612.0,0.08000317449412431,0.11740901603984466,0.022436647226913742,0.9785443291536517,0.9952152782693976,False,NORMAL
2016-08-18,9104.88,9128.8,9093.51,9122.5,134611074.0,133928255.0,0.0774385721237203,0.12679379148663905,0.03005834096458826,0.9794845290112213,0.9952152782693976,False,NORMAL
2016-08-19,9139.69,9175.13,9034.27,9034.27,134299939.0,133849783.0,0.0762591522180951,0.11105412937232373,0.032053545882462675,0.9805948691991909,0.9952152782693976,False,NORMAL
2016-08-22,9004.68,9012.72,8928.33,8981.81,134185251.0,134291775.0,0.08431703000466007,0.07638259727435259,0.039411794027132796,0.9816113091666158,0.9952152782693976,False,NORMAL
2016-08-23,8987.07,9046.3,8986.76,9030.93,134425032.0,134185096.0,0.08652700878516417,0.08797734156079162,0.03487033745602841,0.9823227616424423,0.9952152782693976,False,NORMAL
2016-08-24,9043.13,9054.76,9016.39,9017.38,134789915.0,134424922.0,0.08569357689473667,0.0739834687120362,0.039402261660241855,0.9835013328759125,0.9952152782693976,False,NORMAL
2016-08-25,9034.47,9115.47,9031.34,9115.47,134947860.0,134789856.0,0.10982635735174862,0.08593515460822565,0.03783209856015923,0.9843954061563819,0.9952152782693976,False,NORMAL
2016-08-26,9097.02,9131.72,9092.08,9131.72,135186322.0,134947771.0,0.11672671152298686,0.07893912881146448,0.038909323181076205,0.9851374733341323,0.9952152782693976,False,NORMAL
2016-08-29,9117.53,9136.42,9027.35,9110.17,135220178.0,135040508.0,0.13567086852891608,0.0672807809865894,0.0438163450092397,0.9857856145135931,0.9952152782693976,False,NORMAL
2016-08-30,9113.34,9134.37,9093.87,9110.56,135173745.0,135218313.0,0.13459222571891472,0.06736148292033706,0.04366607366375108,0.9863550907353004,0.9952152782693976,False,NORMAL
2016-08-31,9122.19,9130.76,9044.5,9068.85,135955608.0,135935922.0,0.16462606524787726,0.054865792889745135,0.05195801313933046,0.986903763229689,0.9952152782693976,False,NORMAL
2016-09-01,9055.73,9069.13,8980.21,9001.15,136450263.0,135955954.0,0.2146743604207093,0.05202535758448423,0.05177257059503937,0.9874313101906482,0.9952152782693976,False,NORMAL
2016-09-02,9015.63,9038.48,8958.81,8987.55,135139886.0,136450206.0,0.1709186465232866,0.04660221534907105,0.04225145507534189,0.9874250412764153,0.9952152782693976,False,NORMAL
2016-09-05,9032.38,9100.05,9032.38,9090.13,134461872.0,135139733.0,0.17815099039736415,0.05802897491378167,0.03472051542184973,0.9874223627815198,0.9952152782693976,False,NORMAL
2016-09-06,9102.83,9181.85,9098.6,9181.85,134448975.0,134461859.0,0.17346684473867513,0.06801587975494083,0.03681177970287708,0.9877308963165315,0.9952152782693976,False,NORMAL
2016-09-07,9202.23,9278.88,9202.23,9259.07,134236744.0,134448886.0,0.15461555919682546,0.06672542310395291,0.03776254699576542,0.9881480406287737,0.9952152782693976,False,NORMAL
2016-09-08,9241.95,9273.57,9224.89,9262.89,134881699.0,134236737.0,0.1330863176642707,0.06280893307081192,0.04190105894452412,0.9884307391574381,0.9952152782693976,False,NORMAL
2016-09-09,9217.37,9217.37,9142.13,9164.88,135099961.0,134881686.0,0.14310089353868238,0.07364618062795936,0.045223483196735526,0.9887452155401671,0.9952152782693976,False,NORMAL
2016-09-10,9084.81,9084.81,9025.53,9053.69,135069425.0,135126261.0,0.12674091414248911,0.05568602118440502,0.04326619511791674,0.9891540783715824,0.9952152782693976,False,NORMAL
2016-09-12,9031.51,9031.51,8947.06,8947.06,135085336.0,135063883.0,0.1051278725782645,0.039585795172645266,0.03912095070857391,0.9892684144114992,0.9952152782693976,False,NORMAL
2016-09-13,8983.95,9014.75,8885.55,8940.83,134028531.0,134873187.0,0.1175199360047996,0.05258801950521197,0.02971315471090752,0.9891865835087876,0.9952152782693976,False,NORMAL
2016-09-14,8913.11,8965.32,8895.85,8902.3,133323968.0,133996385.0,0.11466012901674794,0.039007572291575254,0.026497823014745236,0.9891930929580677,0.9952152782693976,False,NORMAL
2016-09-19,9003.41,9155.38,9003.41,9152.88,133158872.0,133323804.0,0.14389551959007685,0.06109029529603793,0.023666751552698706,0.9891722214873616,0.9952152782693976,False,NORMAL
2016-09-20,9141.21,9173.46,9130.9,9161.58,133526414.0,133158608.0,0.10554705487684202,0.054892139760617464,0.02905522555877149,0.9894250978761748,0.9952152782693976,False,NORMAL
2016-09-21,9141.92,9228.5,9133.16,9228.5,133113309.0,133471676.0,0.11607898721440413,0.05876953965294707,0.022848928830394577,0.9895741056585178,0.9952152782693976,False,NORMAL
2016-09-22,9265.28,9290.76,9207.41,9235.26,133416994.0,133104616.0,0.11190225649002761,0.06437715808350664,0.02295258446604831,0.9896585576639402,0.9952152782693976,False,NORMAL
2016-09-23,9240.25,9284.62,9228.66,9284.62,133681282.0,133523767.0,0.11764727125211705,0.09527320428595543,0.03538429056408998,0.9893859747807847,0.9952152782693976,False,NORMAL
2016-09-26,9229.34,9229.34,9189.49,9194.52,133770953.0,133681423.0,0.11313936215419163,0.08696788105267017,0.03240624242530288,0.9895509216133267,0.9952152782693976,False,NORMAL
2016-09-29,9241.61,9303.13,9238.49,9270.9,132931517.0,133295383.0,0.11251378507168219,0.08998754924748775,0.021828908205374642,0.9893160507211199,0.9952152782693976,False,NORMAL
2016-09-30,9240.44,9240.65,9160.91,9166.85,133336369.0,132875168.0,0.08541234977206802,0.06758119666082818,0.02510143852541291,0.9896405777511824,0.9952152782693976,False,NORMAL
2016-10-03,9219.52,9256.58,9212.38,9234.2,133332579.0,133353076.0,0.09123696842642648,0.06549527033731883,0.02524275226487327,0.989751100422048,0.9952152782693976,False,NORMAL
2016-10-04,9228.66,9287.77,9224.45,9287.77,133430498.0,133328052.0,0.11806010323773575,0.06288794997619673,0.02496093575273406,0.9897977208685448,0.9952152782693976,False,NORMAL
2016-10-05,9260.69,9276.13,9244.41,9272.28,133499741.0,133429975.0,0.108339549027483,0.058409374721765106,0.02809816210963123,0.9899794659909025,0.9952152782693976,False,NORMAL
2016-10-06,9263.4,9284.31,9242.83,9284.31,133823173.0,133500632.0,0.13314220435422564,0.06519452000729675,0.02613816819893633,0.9900892797804361,0.9952152782693976,False,NORMAL
2016-10-07,9289.66,9289.95,9249.06,9265.81,134467088.0,134498271.0,0.1406741268727456,0.08046643150744837,0.02599674304789179,0.9902138286195391,0.9952152782693976,False,NORMAL
2016-10-11,9311.79,9327.71,9167.72,9219.82,132974483.0,134455259.0,0.13372149501681552,0.06699641588675265,0.013798207483440406,0.9898083439767698,0.9952152782693976,False,NORMAL
2016-10-12,9201.55,9258.69,9166.58,9252.6,132750047.0,132972819.0,0.13095325402995162,0.05305088391583901,0.017064349412590163,0.9898699008480888,0.9952152782693976,False,NORMAL
2016-10-13,9268.22,9285.05,9187.78,9219.17,132642091.0,132735197.0,0.11128696687777384,0.04272031994715819,0.0187540180395267,0.9899076822496783,0.9952152782693976,False,NORMAL
2016-10-14,9198.26,9216.63,9149.87,9165.17,131069001.0,132773304.0,0.1035685602580605,0.034706330614433734,0.006532582173391033,0.9897599173037364,0.9952152782693976,False,NORMAL
2016-10-17,9150.67,9182.67,9074.99,9176.22,130636148.0,131069008.0,0.09863798974182125,0.03494782526312923,-0.0005654499824336856,0.989734840111228,0.9952152782693976,False,NORMAL
2016-10-18,9175.07,9222.58,9157.4,9222.58,130720075.0,130635846.0,0.09869789495002435,0.03047313642128069,0.0001851014694931319,0.9899114810946847,0.9952152782693976,False,NORMAL
2016-10-19,9227.98,9298.87,9226.46,9283.99,130358169.0,130720193.0,0.0928473978926998,0.03061429518183978,-0.0014057961746533065,0.9902319126469987,0.9952152782693976,False,NORMAL
2016-10-20,9288.49,9331.89,9279.15,9317.24,130824754.0,130358079.0,0.10315938034279126,0.03125335505657523,0.0006980383917978283,0.9903874609637623,0.9952152782693976,False,NORMAL
2016-10-21,9322.55,9348.09,9292.53,9306.57,130896066.0,130746837.0,0.08547631599818994,0.03318168496216556,-0.0011458094708874933,0.9903858324364654,0.9952152782693976,False,NORMAL
2016-10-24,9333.94,9343.57,9308.53,9322.5,130261650.0,130893156.0,0.08807038347696983,0.02936435026102635,-0.0037027431740658256,0.9907079421720915,0.9952152782693976,False,NORMAL
2016-10-25,9338.09,9399.97,9334.8,9385.65,130480566.0,130261891.0,0.10127767523886733,0.04132965869830052,-0.007929511720732085,0.9906792173629669,0.9952152782693976,False,NORMAL
2016-10-26,9355.66,9372.74,9338.84,9362.25,130602725.0,130483044.0,0.08844134525060676,0.0412137011255973,-0.005797760463828738,0.9908316020052566,0.9952152782693976,False,NORMAL
2016-10-27,9363.9,9370.32,9286.86,9299.55,130950541.0,130617717.0,0.08072098036595188,0.030445029745844288,-0.0031475893996880666,0.9908568506008787,0.9952152782693976,False,NORMAL
2016-10-28,9307.39,9320.57,9276.71,9306.92,130429633.0,130950388.0,0.07825059375543075,0.026869637078400066,-0.008382728577129295,0.9907945856255042,0.9952152782693976,False,NORMAL
2016-10-31,9283.2,9314.34,9194.48,9290.12,130377857.0,130429564.0,0.07355551446796715,0.023519716547092395,-0.00753660377904275,0.9908553956915422,0.9952152782693976,False,NORMAL
2016-11-01,9272.3,9289.12,9236.82,9272.7,130357365.0,130377791.0,0.07706496399794194,0.03208780543185363,-0.01246527195298619,0.991087819054258,0.9952152782693976,False,NORMAL
2016-11-02,9230.23,9230.23,9139.04,9139.04,129044433.0,130357304.0,0.06163471747559979,0.006423506531978429,-0.021316598543419607,0.9908741408496521,0.9952152782693976,False,NORMAL
2016-11-03,9126.29,9154.19,9067.27,9067.27,127874207.0,128984558.0,0.04536184214318739,-0.00016430030125391681,-0.034331843545760576,0.9904190118919609,0.9952152782693976,False,NORMAL
2016-11-04,9065.11,9098.88,9048.21,9068.15,127706699.0,127983633.0,0.03690985848495654,0.007380819866447563,-0.04132868237734677,0.9904422739629365,0.9952152782693976,False,NORMAL
2016-11-07,9102.97,9191.67,9102.97,9189.84,127417888.0,127701310.0,0.056143205858421474,0.018297540862808992,-0.0468103900736172,0.9904550218292659,0.9952152782693976,False,NORMAL
2016-11-08,9214.95,9230.2,9165.0,9217.43,126866140.0,127418783.0,0.06363266055003525,0.013782264202408134,-0.051719535864068744,0.990494799719434,0.9952152782693976,False,NORMAL
2016-11-09,9252.27,9296.86,8926.6,8943.2,124753086.0,126867813.0,0.04341576557446669,-0.02262886519071583,-0.07044318041753062,0.9897116499572147,0.9952152782693976,False,NORMAL
2016-11-10,9070.64,9179.18,9070.64,9152.18,125040152.0,124752211.0,0.06989108414354872,-0.00031676402609259746,-0.06674781114414008,0.9899377451526084,0.9952152782693976,False,NORMAL
2016-11-11,9067.65,9067.65,8949.38,8957.76,125364776.0,125040190.0,0.03981417960084821,-0.02637488288578127,-0.06576564776031246,0.9901460004476907,0.9952152782693976,False,NORMAL
2016-11-14,8955.27,8991.94,8879.69,8940.4,125694681.0,125364018.0,0.02607655749501614,-0.02096293952033712,-0.05675359796754442,0.9901789597400394,0.9952152782693976,False,NORMAL
2016-11-15,8927.92,8981.05,8923.36,8931.03,126349406.0,125694420.0,0.00835608364890228,-0.0239727487025142,-0.05168164916631435,0.9902459160655508,0.9952152782693976,False,NORMAL
2016-11-16,8955.76,9032.31,8955.76,8962.22,126474418.0,126349231.0,0.012659629521659443,-0.020362878763864334,-0.046234510486838354,0.9903679409569762,0.9952152782693976,False,NORMAL
2016-11-17,8984.57,8998.23,8936.3,8995.26,126565590.0,126534758.0,0.03470265955182983,-0.012633968361294268,-0.051081656155251065,0.9903964943515886,0.9952152782693976,False,NORMAL
2016-11-18,8991.5,9025.98,8958.22,9008.79,126586395.0,126565252.0,0.04238482472623617,-0.011944898384461,-0.054820769381527135,0.9904328377347236,0.9952152782693976,False,NORMAL
2016-11-21,9009.78,9049.76,8986.4,9041.11,126527923.0,126594307.0,0.059062423127833386,-0.008921896409975316,-0.060048187417329424,0.99058286868377,0.9952152782693976,False,NORMAL
2016-11-22,9058.58,9161.19,9058.58,9133.39,126318387.0,126527784.0,0.08536888250875507,0.01097155608588185,-0.05943079393356987,0.9908024865416591,0.9952152782693976,False,NORMAL
2016-11-23,9146.72,9202.72,9146.72,9178.23,126570885.0,126318432.0,0.08900474484729037,0.0218686434026103,-0.05674517835048798,0.9908610121687045,0.9952152782693976,False,NORMAL
2016-11-24,9164.84,9183.16,9137.56,9152.11,127356684.0,126570822.0,0.09875862896932586,0.013418330116610422,-0.052582081587304375,0.9908682185190533,0.9952152782693976,False,NORMAL
2016-11-25,9149.35,9191.34,9148.63,9159.07,127541344.0,127252500.0,0.10411432842298152,0.015712989804133937,-0.053776805186055654,0.990936022216903,0.9952152782693976,False,NORMAL
2016-11-28,9167.33,9241.54,9167.33,9222.24,127674302.0,127528604.0,0.09535336163298647,0.0117130548397395,-0.053899024408390006,0.9909816882838919,0.9952152782693976,False,NORMAL
2016-11-29,9220.95,9249.06,9192.38,9192.38,128109870.0,127675250.0,0.10214172582600267,0.006642779235456198,-0.05234591706696479,0.9910271795347729,0.9952152782693976,False,NORMAL
2016-11-30,9196.09,9240.71,9189.62,9240.71,128625259.0,128109807.0,0.09006629547492073,0.01432904106070465,-0.04877170772545503,0.9910167845277646,0.9952152782693976,False,NORMAL
2016-12-01,9245.55,9278.96,9241.78,9263.53,128937140.0,128621853.0,0.09427496470949559,0.016790405858696067,-0.046137694860788225,0.9910462788072414,0.9952152782693976,False,NORMAL
2016-12-02,9214.56,9214.56,9165.9,9189.49,129624299.0,128937073.0,0.08293452655222366,0.013302678950473323,-0.04656894329802119,0.9911396273930793,0.9952152782693976,False,NORMAL
2016-12-05,9194.46,9212.19,9138.64,9160.66,130065151.0,129624180.0,0.09053658629499028,0.01772106897451997,-0.046794427944781614,0.991159257302798,0.9952152782693976,False,NORMAL
2016-12-06,9209.8,9280.65,9209.8,9250.77,129807486.0,130065151.0,0.10310357697770023,0.02928718059982982,-0.039458372785663,0.9910317814753858,0.9952152782693976,False,NORMAL
2016-12-07,9279.0,9299.92,9247.5,9263.89,130040177.0,129807460.0,0.09180897830263168,0.019115238175911653,-0.032884377810833976,0.9909961567725406,0.9952152782693976,False,NORMAL
2016-12-08,9308.9,9376.41,9308.9,9375.86,130175370.0,130040177.0,0.11638645456277397,0.021129728758365607,-0.03178607348996154,0.9912987281719603,0.9952152782693976,False,NORMAL
2016-12-09,9383.07,9399.25,9366.86,9392.68,130003493.0,130291072.0,0.12884512073033094,0.014430174952775987,-0.03153570977555897,0.9912968249095806,0.9952152782693976,False,NORMAL
2016-12-12,9402.05,9430.34,9336.45,9349.94,129910873.0,130004284.0,0.10476291753807643,0.009397714968006898,-0.03685322795348245,0.9911493878436699,0.9952152782693976,False,NORMAL
2016-12-13,9361.97,9382.14,9342.56,9382.14,130207611.0,129910873.0,0.10934093220138585,0.02370571136774302,-0.0362128157831223,0.9910642864521726,0.9952152782693976,False,NORMAL
2016-12-14,9395.6,9413.13,9353.25,9368.52,130550472.0,130207557.0,0.10790604607819732,0.03477366686953043,-0.03345652060042459,0.9909612421740461,0.9952152782693976,False,NORMAL
2016-12-15,9337.21,9370.51,9309.79,9360.35,131272532.0,130550268.0,0.1145131331412379,0.046192827588056984,-0.028225150951987854,0.9908174320168747,0.9952152782693976,False,NORMAL
2016-12-16,9352.27,9379.75,9326.78,9326.78,131763223.0,131272532.0,0.10320346996251595,0.04316713325272947,-0.016901684910655357,0.9904135293351216,0.9952152782693976,False,NORMAL
2016-12-19,9316.06,9317.03,9237.98,9239.32,131901311.0,131763201.0,0.10731963383853516,0.03785763229727146,-0.010670677008353113,0.9902764962832851,0.9952152782693976,False,NORMAL
2016-12-20,9229.74,9258.69,9199.84,9242.41,132198940.0,131901395.0,0.12306643563129271,0.009781620648364298,-0.007208922586848021,0.9902007101133645,0.9952152782693976,False,NORMAL
2016-12-21,9234.94,9263.5,9204.26,9204.26,132594024.0,132198920.0,0.12026163041903959,0.0046585850912179705,-0.00698281315335858,0.9901096545787494,0.9952152782693976,False,NORMAL
2016-12-22,9204.29,9209.72,9118.75,9118.75,132746527.0,132654824.0,0.12356747072717833,-0.011892506907948186,-0.002755411932551355,0.9899816059632585,0.9952152782693976,False,NORMAL
2016-12-23,9112.33,9128.83,9078.64,9078.64,132983010.0,132746536.0,0.12916160872420446,-0.016958916153957837,-0.0032528389899115773,0.9904439515263992,0.9952152782693976,False,NORMAL
2016-12-26,9088.99,9127.74,9083.28,9110.54,133032757.0,132982926.0,0.1284708330494777,-0.018749286454372904,-0.004851277533379772,0.9902398846044942,0.9952152782693976,False,NORMAL
2016-12-27,9120.88,9132.05,9100.83,9109.27,132862193.0,133032757.0,0.1129686511107364,-0.009271827131813293,-0.006793403049165647,0.9900615614242515,0.9952152782693976,False,NORMAL
2016-12-28,9120.9,9203.56,9120.9,9201.4,132609570.0,132862189.0,0.10598136704941408,-0.007496575305525943,-0.002421901195936882,0.9898391073627164,0.9952152782693976,False,NORMAL
2016-12-29,9172.39,9196.02,9149.16,9153.09,132992870.0,132609557.0,0.10848192876138985,-0.0015010608878731624,-0.0025761838467343035,0.9897496413543374,0.9952152782693976,False,NORMAL
2016-12-30,9186.3,9259.09,9186.3,9253.5,132336087.0,132992870.0,0.11727965013999953,0.0020900565289900808,-0.007473732282640366,0.9895985782768022,0.9952152782693976,False,NORMAL
2017-01-03,9252.56,9273.65,9235.95,9272.88,132283582.0,132336254.0,0.11819253949840447,-0.0016031835413669038,-0.008595606081002516,0.9894867748284165,0.9952152782693976,False,NORMAL
2017-01-04,9279.52,9299.62,9266.03,9286.96,132114193.0,132283582.0,0.11679834529865185,0.0015832136216764603,-0.010378656839491573,0.9893262359419127,0.9952152782693976,False,NORMAL
2017-01-05,9282.56,9358.42,9282.45,9358.14,131974422.0,132114191.0,0.12418732491146445,0.007952125683007072,-0.013814879430485427,0.9891206213606852,0.9952152782693976,False,NORMAL
2017-01-06,9371.41,9381.11,9351.25,9372.22,132209997.0,131974415.0,0.12063927071675207,0.011484155189886325,-0.01678545310656243,0.9889784660066687,0.9952152782693976,False,NORMAL
2017-01-09,9376.48,9404.9,9328.19,9342.42,131922915.0,132209820.0,0.11771623822006139,0.013297439646327236,-0.007908043530426845,0.9886358236089842,0.9952152782693976,False,NORMAL
2017-01-10,9344.19,9353.6,9319.45,9349.64,131696694.0,131922914.0,0.12728978250306544,0.010487862870976805,-0.007934859714211595,0.9883880058145927,0.9952152782693976,False,NORMAL
2017-01-11,9370.17,9384.0,9333.49,9345.74,131545630.0,131696694.0,0.12871392356754052,0.013729001634637417,-0.008266312689536814,0.9881472325930502,0.9952152782693976,False,NORMAL
2017-01-12,9356.12,9430.58,9356.12,9410.18,131173434.0,131545630.0,0.12858146859101538,0.026732728361830826,0.0007967787898222056,0.9879999208609342,0.9952152782693976,False,NORMAL
2017-01-13,9373.7,9387.68,9352.08,9378.83,131433030.0,131173299.0,0.15584538824242755,0.022079897822850914,0.006100011460840049,0.987909883209325,0.9952152782693976,False,NORMAL
2017-01-16,9356.54,9359.01,9281.21,9292.33,131279971.0,131432991.0,0.1507372654985506,0.007562959605663444,0.004283167677191058,0.987661408897916,0.9952152782693976,False,NORMAL
2017-01-17,9301.96,9354.53,9294.68,9354.53,131019180.0,131279826.0,0.17072258049982536,0.007598026279649339,0.005070729399398122,0.9874433327658367,0.9952152782693976,False,NORMAL
2017-01-18,9344.74,9350.95,9322.44,9341.97,131203075.0,131019179.0,0.18974765857622056,0.0026542194898917515,0.0028918151071011255,0.9871868344896406,0.9952152782693976,False,NORMAL
2017-01-19,9324.83,9337.64,9287.54,9318.12,131282427.0,131203022.0,0.18040985714412394,0.0012410587359252823,0.0029516624281129555,0.9869353145165644,0.9952152782693976,False,NORMAL
2017-01-20,9326.8,9350.07,9317.62,9331.46,130655216.0,131282427.0,0.19811977268817027,0.0009611155805844263,0.0030213497218867236,0.986934637000173,0.9952152782693976,False,NORMAL
2017-01-23,9363.66,9427.46,9363.66,9424.05,130092055.0,130655209.0,0.21311844705185723,0.00409135222387369,-0.002977539199209178,0.9866789309674576,0.9952152782693976,False,NORMAL
2017-01-24,9423.05,9468.34,9416.06,9447.95,128515578.0,130091974.0,0.2074659312093512,0.009153782477502759,-0.015980884012948393,0.9858290214137523,0.9952152782693976,False,NORMAL
2017-02-02,9502.25,9521.34,9413.77,9428.97,129194793.0,128386427.0,0.2177600582728907,0.013916802425923747,-0.013407718567577387,0.9856809989622054,0.9952152782693976,False,NORMAL
2017-02-03,9450.06,9478.01,9423.93,9455.56,130447512.0,129194577.0,0.21818446510633183,0.015970911966579626,0.00013707774520832494,0.9848327794842403,0.9952152782693976,False,NORMAL
2017-02-06,9467.67,9548.68,9467.67,9538.01,131783242.0,130447872.0,0.22107159225622763,0.026683186008361615,0.010779322749567832,0.9843648792547618,0.9952152782693976,False,NORMAL
2017-02-07,9527.42,9555.8,9512.56,9554.56,132032714.0,131783320.0,0.21638522803658344,0.03039675606889025,0.012851970427601112,0.9843695133935607,0.9952152782693976,False,NORMAL
2017-02-08,9540.77,9564.07,9505.79,9543.25,133316457.0,132032721.0,0.23952477685761497,0.04422893433008279,0.03310506234701349,0.9830898269895485,0.9952152782693976,False,NORMAL
2017-02-09,9555.52,9600.09,9540.51,9590.18,133703448.0,133316378.0,0.251326655367099,0.05767005945560233,0.045585745059596006,0.9828968412042512,0.9952152782693976,False,NORMAL
2017-02-10,9612.67,9688.15,9612.67,9665.59,134145421.0,133703248.0,0.2461791758314016,0.06588333893903386,0.05041804424057661,0.983221465799472,0.9952152782693976,False,NORMAL
2017-02-13,9690.39,9711.43,9681.1,9710.32,134528924.0,134145402.0,0.23006530152074633,0.05663645939428763,0.05580877309785581,0.9835563318030437,0.9952152782693976,False,NORMAL
2017-02-14,9726.74,9760.01,9698.29,9718.78,134450231.0,134528855.0,0.2414343688008309,0.0543915169412732,0.05978026130534131,0.9841896869276792,0.9952152782693976,False,NORMAL
2017-02-15,9724.13,9813.98,9723.04,9799.76,135641232.0,134449994.0,0.2484041055666173,0.09577779765631989,0.08727756842824719,0.9825243197483021,0.9952152782693976,False,NORMAL
2017-02-16,9826.89,9869.59,9753.16,9771.25,136700281.0,135641232.0,0.2360691199352316,0.06764180774416584,0.09325107826164514,0.9835048435127964,0.9952152782693976,False,NORMAL
2017-02-17,9779.16,9791.59,9754.54,9759.76,137385280.0,136700263.0,0.20780140088607268,0.08953131139927839,0.09588422189658763,0.9844546627179873,0.9952152782693976,False,NORMAL
2017-02-18,9771.21,9791.35,9770.75,9779.92,138331589.0,137385287.0,0.20069586910589177,0.09390183884389969,0.10053653742118174,0.9854341272963785,0.9952152782693976,False,NORMAL
2017-02-20,9795.81,9817.14,9743.36,9753.2,138062662.0,138331589.0,0.1956905513818874,0.09205769099420791,0.09270527160214748,0.9858708236254832,0.9952152782693976,False,NORMAL
2017-02-21,9761.27,9775.49,9721.36,9763.93,138205832.0,138062640.0,0.2007922530880899,0.08945439857535309,0.0927572088135642,0.9865253923006007,0.9952152782693976,False,NORMAL
2017-02-22,9786.25,9820.07,9770.1,9778.78,138592497.0,138205786.0,0.21279672578444764,0.08710365236802509,0.09502509331327724,0.9871085992788039,0.9952152782693976,False,NORMAL
2017-02-23,9774.08,9810.56,9748.94,9769.31,138700065.0,138592487.0,0.21109500887000698,0.08441977224466313,0.09569488095462386,0.987727059733408,0.9952152782693976,False,NORMAL
2017-02-24,9757.67,9784.39,9740.18,9750.47,139452499.0,138700087.0,0.18733400957371282,0.07845939270731117,0.10214801360487047,0.9881837090316867,0.9952152782693976,False,NORMAL
2017-03-01,9751.12,9758.78,9674.78,9674.78,139837216.0,139452499.0,0.17780442523663154,0.05927590960202078,0.10702186214584897,0.9887560083695013,0.9952152782693976,False,NORMAL
2017-03-02,9727.6,9774.6,9646.34,9691.8,140172578.0,139830142.0,0.1656265371926966,0.055955233198557774,0.10746304728769185,0.9892894263009102,0.9952152782693976,False,NORMAL
2017-03-03,9672.26,9679.82,9633.88,9648.21,140857726.0,140172718.0,0.15893857567050707,0.05420607925385501,0.1060096853652377,0.9897012488980326,0.9952152782693976,False,NORMAL
2017-03-06,9647.0,9688.5,9647.0,9682.63,141187755.0,140854804.0,0.1628440146613055,0.05716300890810966,0.10699597928025595,0.9900942700824418,0.9952152782693976,False,NORMAL
2017-03-07,9690.26,9738.07,9690.2,9738.07,141409770.0,141187672.0,0.1683851972010788,0.05593326567081314,0.1075820880540237,0.9904459365052484,0.9952152782693976,False,NORMAL
2017-03-08,9744.26,9773.49,9712.5,9753.45,141709806.0,141409790.0,0.17754616159152747,0.06103642364654216,0.10615837796104244,0.9907691460922885,0.9952152782693976,False,NORMAL
2017-03-09,9740.05,9743.78,9650.32,9658.61,142200567.0,141762686.0,0.15452685079597317,0.04522379773848573,0.10554154063938559,0.991044441389847,0.9952152782693976,False,NORMAL
2017-03-10,9653.79,9656.65,9562.75,9627.89,142012082.0,142125651.0,0.14465662286771375,0.039332738167847436,0.101405553124569,0.9913211567331096,0.9952152782693976,False,NORMAL
2017-03-13,9656.56,9697.34,9656.56,9697.34,141518524.0,142012508.0,0.14278744568797586,0.05526422032125833,0.09175922332278152,0.9912925043098079,0.9952152782693976,False,NORMAL
2017-03-14,9720.53,9767.66,9720.53,9744.21,141550109.0,141518375.0,0.14046734277070017,0.06370174201422163,0.08830157741484501,0.9915924527178225,0.9952152782693976,False,NORMAL
2017-03-15,9741.29,9749.01,9714.58,9740.31,142035784.0,141550108.0,0.1310436041752061,0.05291883810753051,0.09420333431309191,0.9918387297929101,0.9952152782693976,False,NORMAL
2017-03-16,9768.85,9842.17,9768.85,9837.83,141704750.0,142035654.0,0.1381700805803172,0.06195453529780681,0.08969976255876677,0.9919515121275038,0.9952152782693976,False,NORMAL
2017-03-17,9845.59,9908.69,9835.51,9908.69,141878773.0,141704750.0,0.14424998989554894,0.05682998679587792,0.0899048952194259,0.9920977877256196,0.9952152782693976,False,NORMAL
2017-03-20,9905.81,9916.18,9869.35,9912.97,142392504.0,141878740.0,0.14411534213341848,0.05539313593138484,0.09529752404421932,0.9922374883437809,0.9952152782693976,False,NORMAL
2017-03-21,9923.18,9976.61,9918.39,9972.49,142121099.0,142392481.0,0.1550107654407924,0.06658331497314407,0.09398925369395372,0.9923835033306048,0.9952152782693976,False,NORMAL
2017-03-22,9911.96,9922.66,9843.07,9922.66,142965837.0,142120927.0,0.14571108570900715,0.05761158967996649,0.09798371924664218,0.9925256572729537,0.9952152782693976,False,NORMAL
2017-03-23,9921.97,9945.24,9897.45,9930.74,143862494.0,142965857.0,0.14065935075705194,0.06001161336048799,0.10196839426210569,0.9927083431382057,0.9952152782693976,False,NORMAL
2017-03-24,9914.12,9932.68,9892.31,9902.98,144118112.0,143938992.0,0.13204083265698063,0.05797112287467865,0.09785428683587827,0.9929703773011029,0.9952152782693976,False,NORMAL
2017-03-27,9907.6,9917.85,9859.53,9876.77,143199264.0,144117890.0,0.1469705661709546,0.058968904595154914,0.08679235935204765,0.9928970499978031,0.9952152782693976,False,NORMAL
2017-03-28,9909.99,9924.14,9799.28,9876.45,142292282.0,143199174.0,0.13533636658336357,0.06895853807423058,0.07877837544768607,0.9928940264299864,0.9952152782693976,False,NORMAL
2017-03-29,9887.0,9906.76,9831.63,9856.25,142915333.0,142292013.0,0.1284223324868854,0.06641557775515272,0.081062624254022,0.9930096425127973,0.9952152782693976,False,NORMAL
2017-03-30,9869.28,9878.62,9836.33,9848.15,143405705.0,142915333.0,0.11774760490357772,0.06995565097031142,0.0815397306291874,0.9931579312751746,0.9952152782693976,False,NORMAL
2017-03-31,9846.38,9869.65,9811.52,9811.52,143442079.0,143405753.0,0.11333870436982996,0.07597203564084998,0.08057123784488907,0.9932355458756029,0.9952152782693976,False,NORMAL
2017-04-05,9856.44,9949.48,9856.44,9949.48,144141006.0,143441886.0,0.13246555758916778,0.09592185613704252,0.08390542521183719,0.9935008557143968,0.9952152782693976,False,NORMAL
2017-04-06,9946.66,9946.66,9879.85,9897.8,144440449.0,144140535.0,0.12910088762492733,0.08641200192304721,0.08575100040962091,0.9935942755040229,0.9952152782693976,False,NORMAL
2017-04-07,9892.98,9900.88,9788.52,9873.37,144535359.0,144440206.0,0.12923949319370798,0.0838815843640599,0.08785920009614778,0.9938409419213569,0.9952152782693976,False,NORMAL
2017-04-10,9880.29,9898.64,9859.03,9882.54,145389608.0,144535691.0,0.135275595435711,0.07402569174256102,0.0963734216165546,0.9938700615329777,0.9952152782693976,False,NORMAL
2017-04-11,9881.53,9896.59,9820.41,9832.42,144806934.0,145389580.0,0.13140516313884776,0.07421865184325727,0.08883231108554912,0.9938633132452132,0.9952152782693976,False,NORMAL
2017-04-12,9831.56,9837.19,9789.59,9817.68,144344711.0,144806919.0,0.13929224181447886,0.060969362943751104,0.09074338128193249,0.9939439403474746,0.9952152782693976,False,NORMAL
2017-04-13,9808.83,9868.45,9800.8,9836.68,144860723.0,144344473.0,0.12585955884372724,0.06080095935674801,0.09507711244166339,0.9940227885408934,0.9952152782693976,False,NORMAL
2017-04-14,9806.15,9808.33,9730.94,9732.93,142909149.0,144850838.0,0.11299247669766022,0.04802109624678064,0.08170928311994463,0.9938481921274179,0.9952152782693976,False,NORMAL
2017-04-17,9740.81,9762.47,9670.11,9716.4,142517596.0,142908958.0,0.12230365403607268,0.0382832485942719,0.07988801042068583,0.9938976297491361,0.9952152782693976,False,NORMAL
2017-04-18,9735.76,9771.07,9727.26,9746.56,142632833.0,142517505.0,0.1448627441767587,0.039941443969518486,0.07883546052875268,0.9941433211358859,0.9952152782693976,False,NORMAL
2017-04-19,9725.39,9725.39,9631.64,9639.94,143038458.0,142631746.0,0.1354129737051324,0.03184613836671879,0.08425786376839839,0.9941800049811349,0.9952152782693976,False,NORMAL
2017-04-20,9639.93,9664.24,9622.25,9632.69,142680404.0,143012000.0,0.12775156588421233,0.030273892898550203,0.08340156207717708,0.9942339229594633,0.9952152782693976,False,NORMAL
2017-04-21,9657.05,9718.82,9657.05,9717.41,142629978.0,142680040.0,0.13486807145968682,0.039768921455122896,0.08426238104602946,0.9944799893232104,0.9952152782693976,False,NORMAL
2017-04-24,9742.91,9772.96,9683.7,9717.95,142528850.0,142629978.0,0.1391097128415999,0.032706069384432546,0.08656795552062779,0.9945952132115498,0.9952152782693976,False,NORMAL
2017-04-25,9737.82,9841.71,9737.82,9841.71,142293231.0,142525681.0,0.1374964170465367,0.04935370403344552,0.0826291610259613,0.9946098747377475,0.9952152782693976,False,NORMAL
2017-04-26,9859.11,9865.88,9827.47,9856.45,142672178.0,142296216.0,0.1371457974482304,0.060708132405973725,0.08677795183242387,0.9946435453699907,0.9952152782693976,False,NORMAL
2017-04-27,9859.45,9863.52,9823.85,9860.62,143082710.0,142672108.0,0.13335379218632748,0.05410106119708846,0.09207453443076052,0.9946705870741752,0.9952152782693976,False,NORMAL
2017-04-28,9868.38,9897.04,9845.84,9872.0,143242962.0,143082497.0,0.1391632365990807,0.05673642711333904,0.09176528065367373,0.9947230771995746,0.9952152782693976,False,NORMAL
2017-05-02,9926.44,9951.14,9925.75,9941.27,143194755.0,143243265.0,0.15144688500437842,0.06687507780539415,0.09073817625263736,0.9947725437375253,0.9952152782693976,False,NORMAL
2017-05-03,9957.62,9979.91,9937.99,9955.33,142890556.0,143194787.0,0.16922348751773453,0.06685663336712588,0.09364601257097926,0.9948347229076021,0.9952152782693976,False,NORMAL
2017-05-04,9962.73,9973.76,9938.96,9967.64,143381281.0,142916648.0,0.16326842618148718,0.05768114557966064,0.1021524796422042,0.9948215478468293,0.9952152782693976,False,NORMAL
2017-05-05,9954.94,9960.99,9899.94,9899.94,143260869.0,143381272.0,0.15982075388805916,0.04784000762070084,0.11473543697558597,0.9947502467996676,0.9952152782693976,False,NORMAL
2017-05-08,9934.13,9964.86,9900.07,9937.25,142366260.0,143260618.0,0.16085571967272094,0.05390620608613683,0.10195044780171592,0.9946300004134091,0.9952152782693976,False,NORMAL
2017-05-09,9967.01,10001.94,9899.08,9915.48,141322366.0,142365893.0,0.1554389231807234,0.04864016515150871,0.08336574483689652,0.994245909989951,0.9952152782693976,False,NORMAL
2017-05-10,9935.22,9971.98,9932.17,9968.32,141571983.0,141321940.0,0.16410858280635998,0.045115280860472895,0.07427910295301432,0.9941844084721734,0.9952152782693976,False,NORMAL
2017-05-11,9968.51,10018.79,9964.3,10001.48,141540190.0,141571983.0,0.18027300395214918,0.046775571036238306,0.07200848722991493,0.9942677403076844,0.9952152782693976,False,NORMAL
2017-05-12,9981.77,10008.25,9961.37,9986.82,141121345.0,141540416.0,0.19204335215268742,0.046479972755612664,0.05854407006930895,0.9942311136619214,0.9952152782693976,False,NORMAL
2017-05-15,9978.28,10036.82,9978.28,10036.82,568395323.0,566968920.0,0.2101127063510051,0.046572639929594484,3.2511642856061576,0.24167359704421953,0.9952152782693976,False,NORMAL
2017-05-16,10037.58,10058.59,9991.08,10031.49,141861997.0,141534205.0,0.22552400778452553,0.037855940506477115,0.057523961253958866,0.0485327636666821,0.9952152782693976,False,NORMAL
2017-05-17,10019.62,10029.62,9967.97,10013.67,142368059.0,141861886.0,0.22596951992908876,0.0312399591362591,0.05827100051733103,0.04747787349021322,0.9952152782693976,False,NORMAL
2017-05-18,9952.64,9969.45,9895.65,9969.45,141698057.0,141438780.0,0.22378146009970012,0.025792331959361148,0.053907129397196885,0.04616851970888144,0.9952152782693976,False,NORMAL
2017-05-19,9970.4,9979.73,9947.14,9947.62,141948197.0,141697549.0,0.22329414166306982,0.015088124607133269,0.04649740279563375,0.044664318126046286,0.9952152782693976,False,NORMAL
2017-05-22,9965.08,9997.26,9960.94,9997.26,141778610.0,141948177.0,0.22571168999630964,0.023130101061788366,0.037149367673940725,0.04321433969392982,0.9952152782693976,False,NORMAL
2017-05-23,9994.68,10038.2,9992.58,10007.84,141306183.0,141778600.0,0.23013535638603844,0.0254186578358484,0.02853946943952068,0.04190260258050377,0.9952152782693976,False,NORMAL
2017-05-24,10014.15,10059.74,10014.15,10044.42,141439657.0,141306180.0,0.23882067821486053,0.027045211003770886,0.02246824476222864,0.04077616680334967,0.9952152782693976,False,NORMAL
2017-05-25,10059.91,10108.49,10059.2,10108.49,140864495.0,141439326.0,0.2551377070634704,0.036428044129106274,0.02029392276964792,0.039780643425720755,0.9952152782693976,False,NORMAL
2017-05-26,10090.18,10121.88,10072.84,10101.95,140835117.0,140864682.0,0.252162972879171,0.03461925679516353,0.01902441425192536,0.03879633423013101,0.9952152782693976,False,NORMAL
2017-05-31,10095.95,10116.13,10025.88,10040.72,140971670.0,140835093.0,0.23343095247454704,0.026786572558130883,0.01716667966520591,0.03772523658908784,0.9952152782693976,False,NORMAL
2017-06-01,10064.44,10100.37,10059.93,10087.42,141395826.0,140971606.0,0.23625191183967997,0.03256217685793583,0.019435902931984828,0.03654367068799355,0.9952152782693976,False,NORMAL
2017-06-02,10117.76,10152.53,10117.06,10152.53,141562849.0,141395890.0,0.2540211314751273,0.04123493534157863,0.015133109948786139,0.03530571445152988,0.9952152782693976,False,NORMAL
2017-06-03,10155.56,10164.98,10140.28,10158.15,142066273.0,141562997.0,0.2492713306424834,0.04996185959784083,0.01594037026595263,0.03411132529052552,0.9952152782693976,False,NORMAL
2017-06-05,10164.89,10226.84,10164.89,10226.84,142400061.0,142066652.0,0.22558733719698387,0.05520543139561296,0.015891004016491683,0.03298091363902522,0.9952152782693976,False,NORMAL
2017-06-06,10213.17,10221.64,10190.39,10206.18,142849487.0,142400060.0,0.22956246852659912,0.05783145267360479,0.014140232535061692,0.031882522739057194,0.9952152782693976,False,NORMAL
2017-06-07,10216.14,10242.39,10183.15,10209.99,186167953.0,185409523.0,0.21602510659584095,0.05446454114223109,0.3185842709943225,0.029095796129206063,0.9952152782693976,False,NORMAL
2017-06-08,10215.93,10235.7,10211.0,10225.78,142458109.0,142524413.0,0.21820750715977377,0.050082819285546476,0.007413483523804665,0.0260530436744335,0.9952152782693976,False,NORMAL
2017-06-09,10238.55,10268.37,10198.8,10199.65,142504053.0,142458106.0,0.20511814698456088,0.04574791484038965,0.005604742695082043,0.025056486980316758,0.9952152782693976,False,NORMAL
2017-06-12,10137.04,10158.64,10109.96,10109.96,142930663.0,142503285.0,0.18440885346191993,0.04673032662049703,0.005134269260684388,0.02413751805283362,0.9952152782693976,False,NORMAL
2017-06-13,10109.7,10146.67,10109.7,10128.15,143528620.0,142930538.0,0.18657878365760294,0.05195946360002046,0.010678936458378141,0.023205040989221166,0.9952152782693976,False,NORMAL
2017-06-14,10142.8,10165.31,10033.25,10072.46,142439321.0,143528620.0,0.1716031805852165,0.038682772801613474,0.006506547510345628,0.02225075627670659,0.9952152782693976,False,NORMAL
2017-06-15,10079.14,10089.07,10046.8,10088.35,142574346.0,142435491.0,0.17909378425950373,0.03531738334867596,0.0072358616127947695,0.021392202497753626,0.9952152782693976,False,NORMAL
2017-06-16,10078.69,10159.47,10073.12,10156.73,142919074.0,142644622.0,0.18275348884872633,0.04275223273181239,0.0062187849788613025,0.020678496893966877,0.9952152782693976,False,NORMAL
2017-06-19,10162.22,10250.6,10162.22,10250.6,143237613.0,142848715.0,0.19309974777601768,0.041957423537507754,0.010817301466605755,0.02001546164852549,0.9952152782693976,False,NORMAL
2017-06-20,10286.79,10354.37,10286.79,10324.46,143667951.0,143130002.0,0.2009221703572477,0.04196013802026277,0.012610610891031548,0.019323878308376688,0.9952152782693976,False,NORMAL
2017-06-21,10310.97,10379.82,10274.75,10349.72,144273868.0,143667214.0,0.19237779237087982,0.044058440608616856,0.01321252135575901,0.01856345891695067,0.9952152782693976,False,NORMAL
2017-06-22,10369.08,10403.36,10368.93,10399.06,144006177.0,144273867.0,0.19317123095916688,0.04277467312576899,0.013263885610679038,0.017744897154333777,0.9952152782693976,False,NORMAL
2017-06-23,10403.56,10422.33,10374.01,10377.7,144460504.0,144006177.0,0.2157254616211861,0.0458586709612141,0.010454714436428647,0.016973613512896297,0.9952152782693976,False,NORMAL
2017-06-26,10341.86,10513.96,10341.86,10513.96,144440225.0,144460336.0,0.2259576591745449,0.05872875535962074,0.004015855584986516,0.016338671515225625,0.9952152782693976,False,NORMAL
2017-06-27,10513.0,10545.7,10489.1,10512.06,144879659.0,144440216.0,0.22142784937203475,0.06150471878161934,0.005284186626036247,0.01590094223512045,0.9952152782693976,False,NORMAL
2017-06-28,10459.17,10459.17,10382.81,10390.55,145042443.0,144879644.0,0.2232609775680645,0.05201903051301171,0.012871427886668396,0.01555749693812365,0.9952152782693976,False,NORMAL
2017-06-29,10442.18,10476.51,10390.9,10421.65,145293425.0,145041909.0,0.2163343479519333,0.055202020969072674,0.02109139693184492,0.015197226706450628,0.9952152782693976,False,NORMAL
2017-06-30,10367.26,10395.07,10329.84,10395.07,145870140.0,145401279.0,0.20509696357026264,0.054667850348763425,0.020675227338972757,0.01482347598038866,0.9952152782693976,False,NORMAL
2017-07-03,10368.99,10412.79,10363.5,10412.79,146299940.0,145870144.0,0.19896025838097375,0.05733462630037134,0.0201821468678669,0.014488902589702857,0.9952152782693976,False,NORMAL
2017-07-04,10397.93,10421.72,10347.78,10347.78,146530180.0,146299940.0,0.1871825613079019,0.05465615929030365,0.0215285571816064,0.014177038594766997,0.9952152782693976,False,NORMAL
2017-07-05,10352.39,10404.79,10304.74,10404.79,146864990.0,146530180.0,0.19916719298164742,0.04576219058684483,0.018898050427093693,0.013854815454026994,0.9952152782693976,False,NORMAL
2017-07-06,10380.66,10381.2,10336.32,10368.2,146396135.0,146864990.0,0.22309923687535327,0.047525712784659335,0.013539739134984297,0.013548630944390063,0.9952152782693976,False,NORMAL
2017-07-07,10343.3,10343.3,10294.69,10297.25,146300719.0,146396135.0,0.21733162940203576,0.042931643400378805,0.01221403545965516,0.013302456088626931,0.9952152782693976,False,NORMAL
2017-07-10,10310.74,10331.11,10283.95,10289.91,145692025.0,146300606.0,0.20979341626780745,0.04122118402758801,0.002080045500913563,0.013160345906661139,0.9952152782693976,False,NORMAL
2017-07-11,10313.08,10415.57,10313.08,10415.57,384920473.0,382728165.0,0.21300846904930504,0.05930889852142185,1.658163268618062,0.0007737924247984706,0.9952152782693976,False,NORMAL
2017-07-12,10396.97,10450.87,10393.54,10420.68,144665381.0,144810364.0,0.20239817782793224,0.06141980590119056,0.0022215569782810807,-0.011009822977225282,0.9952152782693976,False,NORMAL
2017-07-13,10418.74,10485.28,10418.74,10460.15,145317729.0,144665312.0,0.19705455560845198,0.0633821573945681,0.003154795796511456,-0.011192489967906208,0.9952152782693976,False,NORMAL
2017-07-14,10450.92,10466.34,10423.4,10443.91,145481508.0,145317728.0,0.1921482367605798,0.07304891743801711,0.017999960240474122,-0.011527921652674784,0.9952152782693976,False,NORMAL
2017-07-17,10467.27,10490.05,10436.31,10457.54,145011620.0,145481526.0,0.19979990982174312,0.07627722201638476,0.017499761924134605,-0.012002256805029563,0.9952152782693976,False,NORMAL
2017-07-18,10447.47,10481.26,10429.85,10481.26,145741874.0,145011618.0,0.222197475439466,0.07538044192002102,0.021797512778842343,-0.012450052534044725,0.9952152782693976,False,NORMAL
2017-07-19,10472.81,10537.42,10472.81,10506.1,145086108.0,145741874.0,0.2158557374165453,0.08985118164635875,0.014315380832754743,-0.012811115125757196,0.9952152782693976,False,NORMAL
2017-07-20,10513.12,10534.52,10483.54,10499.36,145261606.0,145086124.0,0.19494632087744024,0.0899717524388306,0.018090795425558248,-0.013152980068434914,0.9952152782693976,False,NORMAL
2017-07-21,10468.47,10477.72,10428.56,10436.7,145827934.0,145261605.0,0.1804272145098209,0.0740207524432952,0.022421345392060532,-0.013474068349889822,0.9952152782693976,False,NORMAL
2017-07-24,10426.13,10461.28,10406.81,10461.28,146190920.0,145827783.0,0.18103130027377157,0.07649041207250495,0.02569353502817151,-0.01373348525366831,0.9952152782693976,False,NORMAL
2017-07-25,10455.14,10473.98,10442.85,10463.15,146139006.0,146190920.0,0.18009532660528094,0.06314349843675537,0.027027111359921197,-0.013994168557224552,0.9952152782693976,False,NORMAL
2017-07-26,10477.15,10500.11,10416.57,10419.11,146349961.0,146139006.0,0.1641658798750818,0.057085461804199156,0.025777856983440817,-0.014263329024909194,0.9952152782693976,False,NORMAL
2017-07-27,10427.83,10516.23,10427.83,10508.37,146883245.0,146349319.0,0.1665325297700655,0.06569059552036283,0.02656180470722136,-0.014540483726421395,0.9952152782693976,False,NORMAL
2017-07-28,10480.67,10480.67,10410.53,10423.05,146778519.0,146882981.0,0.15364692574436578,0.055819489465153804,0.02468223883837317,-0.014827896694543935,0.9952152782693976,False,NORMAL
2017-07-31,10396.76,10427.33,10366.17,10427.33,147046370.0,146778519.0,0.15760439980105856,0.04889314946681855,0.02689773797929962,-0.015117014385368966,0.9952152782693976,False,NORMAL
2017-08-01,10408.53,10470.03,10408.53,10437.29,147765699.0,147046383.0,0.15245634103898187,0.048412257554496074,0.03411802106781647,-0.015500673336806325,0.9952152782693976,False,NORMAL
2017-08-02,10479.26,10519.27,10479.26,10519.27,147830801.0,147765618.0,0.16710380622069576,0.055342086993511064,0.031032781747848848,-0.016053642785895172,0.9952152782693976,False,NORMAL
2017-08-03,10464.1,10478.62,10427.72,10469.88,148827264.0,147830357.0,0.16439771477378495,0.05757004587906578,0.03885495766467817,-0.016725932120427563,0.9952152782693976,False,NORMAL
2017-08-04,10470.96,10510.7,10466.25,10506.56,149680282.0,148826655.0,0.16418886201230154,0.057290497874160407,0.05137468667084466,-0.01735469027946034,0.9952152782693976,False,NORMAL
2017-08-07,10521.69,10592.31,10521.69,10579.38,150714260.0,149543782.0,0.16726522857341464,0.06695591136283863,0.06645723720759111,-0.017901182635309747,0.9952152782693976,False,NORMAL
2017-08-08,10598.59,10619.42,10533.72,10568.97,150703491.0,150708339.0,0.16441436478696958,0.06025589066161596,0.06450081298924792,-0.018396787554648044,0.9952152782693976,False,NORMAL
2017-08-09,10523.51,10536.19,10457.52,10470.38,150360650.0,150703482.0,0.1653942774205539,0.04688306130692643,0.062317706370183634,-0.01873611690896259,0.9952152782693976,False,NORMAL
2017-08-10,10470.03,10477.79,10303.47,10329.74,147902999.0,150360642.0,0.1375476146688972,0.03433725650407227,0.04805548019684758,-0.01886340770390607,0.9952152782693976,False,NORMAL
2017-08-11,10267.05,10338.06,10238.5,10329.57,147875311.0,147902778.0,0.13902782739867403,0.029167604878836073,-0.7398372136147926,-0.015413420043377264,0.9952152782693976,False,NORMAL
2017-08-14,10347.66,10365.22,10225.28,10225.28,146215852.0,147876631.0,0.13592639620694302,0.019318167091827876,0.03069077760127681,-0.01139794689533418,0.9952152782693976,False,NORMAL
2017-08-15,10271.03,10336.22,10271.03,10311.16,145874626.0,146214470.0,0.1425475167623116,0.029708388632738947,0.024630292950752475,-0.011180872593028062,0.9952152782693976,False,NORMAL
2017-08-16,10302.83,10322.38,10245.72,10290.39,146670324.0,145874306.0,0.1317921452862476,0.032192347621984974,0.035090579964692115,-0.010914565181960633,0.9952152782693976,False,NORMAL
2017-08-17,10302.54,10372.41,10302.54,10369.37,147351552.0,146669723.0,0.13323227973849927,0.04239707588347774,0.03806568251092335,-0.010699037709843352,0.9952152782693976,False,NORMAL
2017-08-18,10324.83,10330.39,10259.83,10321.33,147875160.0,147490540.0,0.12738829152776376,0.03241588195165468,0.0430004921052618,-0.010519986948268778,0.9952152782693976,False,NORMAL
2017-08-21,10316.09,10336.37,10282.72,10326.39,148442613.0,147874816.0,0.12238245645307488,0.03183004524452815,0.05050331024793153,-0.010391092986815509,0.9952152782693976,False,NORMAL
2017-08-22,10353.37,10410.47,10353.37,10392.07,149220025.0,148442474.0,0.1380051972058174,0.034611256797306256,0.055008391317012295,-0.010297064605810879,0.9952152782693976,False,NORMAL
2017-08-23,10418.32,10458.91,10378.01,10406.81,149307279.0,149219957.0,0.1373078087382067,0.029511826197582414,0.0599355004254265,-0.010226317348003684,0.9952152782693976,False,NORMAL
2017-08-24,10414.66,10488.96,10410.73,10488.96,149474291.0,149281899.0,0.14652112748414758,0.03831042521493355,0.06134247042944563,-0.010171198454234668,0.9952152782693976,False,NORMAL
2017-08-25,10497.86,10519.84,10478.72,10515.51,150053568.0,149473615.0,0.15423649559402697,0.04728644957732131,0.06442356822473627,-0.01012791969777623,0.9952152782693976,False,NORMAL
2017-08-28,10502.8,10542.37,10498.88,10525.98,151034219.0,150043693.0,0.15445561928995244,0.04347593339030187,0.06816603624494544,-0.01010200941746169,0.9952152782693976,False,NORMAL
2017-08-29,10518.69,10518.69,10463.22,10496.57,152436798.0,150909296.0,0.1506242806248288,0.033887119762266105,0.07681357839866587,-0.01010772352003266,0.9952152782693976,False,NORMAL
2017-08-30,10511.59,10574.53,10511.59,10569.4,153827491.0,152433219.0,0.1699229710867618,0.04048473393285201,0.08278684132158509,-0.010133910510846908,0.9952152782693976,False,NORMAL
2017-08-31,10586.65,10609.48,10551.95,10585.78,155092598.0,153824967.0,0.17857981854436922,0.03509784058418841,0.08913294636861147,-0.01016334350505692,0.9952152782693976,False,NORMAL
2017-09-01,10576.27,10619.52,10568.72,10594.82,156107144.0,155092598.0,0.17317042652307113,0.03807888945717197,0.09280857270421983,-0.010190919678622712,0.9952152782693976,False,NORMAL
2017-09-04,10585.44,10610.04,10555.34,10569.87,156230523.0,156107143.0,0.17216641640920116,0.035247830801009794,-0.1608087187809386,-0.010308172449405193,0.9952152782693976,False,NORMAL
2017-09-05,10584.1,10617.84,10564.26,10617.84,157469872.0,156251132.0,0.1648154181846906,0.03834035154286508,0.10537668305003267,-0.010695513952512399,0.9952152782693976,False,NORMAL
2017-09-06,10593.87,10604.92,10519.71,10547.86,157408063.0,157470034.0,0.15507921837288063,0.03413940674434923,0.1045865691974388,-0.010698198815822166,0.9952152782693976,False,NORMAL
2017-09-07,10564.79,10604.02,10509.91,10538.51,157560991.0,157267774.0,0.15678521915617383,0.04238889174635707,0.10235961754406753,-0.010697978612053499,0.9952152782693976,False,NORMAL
2017-09-08,10553.9,10609.95,10550.72,10609.95,159870544.0,158378956.0,0.16457715003248996,0.04757038550969339,0.11385829530026825,-0.010668387608968636,0.9952152782693976,False,NORMAL
2017-09-11,10630.16,10656.25,10565.78,10572.16,161078652.0,159870600.0,0.16576633200460922,0.04961052215645445,0.1308580444581029,-0.010570769425484742,0.9952152782693976,False,NORMAL
2017-09-12,10610.33,10646.55,10586.28,10610.35,162147860.0,161046413.0,0.17877715625225665,0.051742851903433085,0.13728636707195552,-0.010395847274124154,0.9952152782693976,False,NORMAL
2017-09-13,10596.36,10620.31,10532.88,10532.88,162585711.0,162147068.0,0.1719411853063404,0.03703455738214956,0.13760680397355496,-0.010198110233529211,0.9952152782693976,False,NORMAL
2017-09-14,10533.99,10572.71,10508.72,10553.57,163344206.0,162431989.0,0.16099219703128576,0.0295563186545178,0.1403722987201692,-0.009989972000869844,0.9952152782693976,False,NORMAL
2017-09-15,10556.82,10580.78,10520.15,10580.41,163599049.0,163336516.0,0.15231788800731882,0.024790642803594665,0.1387303003994258,-0.009781849233150097,0.9952152782693976,False,NORMAL
2017-09-18,10590.8,10642.4,10581.81,10631.57,164622171.0,163599317.0,0.14823302988313092,0.027232620785876405,0.14103942232975974,-0.009576260475128844,0.9952152782693976,False,NORMAL
2017-09-19,10653.34,10664.18,10561.21,10576.14,164640279.0,164583742.0,0.14177540702739644,0.017028462187928417,0.14328622861781826,-0.009356400095105277,0.9952152782693976,False,NORMAL
2017-09-20,10568.58,10589.19,10490.71,10519.17,164934249.0,164627753.0,0.1477695288972689,0.013632115015851154,0.14172555427329803,-0.009142526401729786,0.9952152782693976,False,NORMAL
2017-09-21,10506.85,10603.08,10493.95,10578.44,165949624.0,164934355.0,0.1684119955509853,0.006132798679089557,0.14891557389916832,-0.0089080459233837,0.9952152782693976,False,NORMAL
2017-09-22,10571.65,10579.02,10446.45,10449.68,164775470.0,165603070.0,0.16794567153903084,-0.005934136601198903,0.13732646209499988,-0.008685350515575818,0.9952152782693976,False,NORMAL
2017-09-25,10442.05,10447.09,10322.1,10335.89,163837479.0,164898073.0,0.156032493627549,-0.005260549249077262,0.12958300764418307,-0.00853824565235386,0.9952152782693976,False,NORMAL
2017-09-26,10333.44,10374.54,10257.02,10257.02,162269468.0,163836915.0,0.1521764038506903,-0.015796922752155274,0.11683971934724502,-0.00846022641795992,0.9952152782693976,False,NORMAL
2017-09-27,10322.44,10357.23,10315.97,10326.68,162583553.0,162268649.0,0.12824378774768164,-0.00657908027555365,0.11457734255962193,-0.008413124263226658,0.9952152782693976,False,NORMAL
2017-09-28,10351.42,10365.59,10288.24,10296.45,163450560.0,162602340.0,0.12387273810849231,-0.011172798068529222,0.11722916632775116,-0.008366943453822523,0.9952152782693976,False,NORMAL
2017-09-29,10319.69,10338.95,10273.6,10329.94,162570387.0,163440389.0,0.11935200736847817,-0.001724041291948586,0.10946691664474861,-0.008331033616896478,0.9952152782693976,False,NORMAL
2017-09-30,10362.55,10400.4,10362.55,10383.94,162795440.0,162570133.0,0.12437982254966284,-0.0020038847492357403,0.10847003087665752,-0.008306368078460774,0.9952152782693976,False,NORMAL
2017-10-02,10425.1,10472.81,10414.53,10465.16,163434622.0,162992385.0,0.12715006106873505,0.009351671456954813,0.11638618055046335,-0.008271659763627882,0.9952152782693976,False,NORMAL
2017-10-03,10462.7,10495.34,10445.86,10469.35,164134628.0,163434701.0,0.13865106606978927,0.01671320012624733,0.1218989839687663,-0.008209982745564372,0.9952152782693976,False,NORMAL
2017-10-05,10473.28,10530.93,10473.28,10518.27,164714573.0,164080318.0,0.13454680775329275,0.02219261392956806,0.13056684468487556,-0.008116666358662991,0.9952152782693976,False,NORMAL
2017-10-06,10538.21,10557.67,10511.5,10532.81,165051020.0,165096983.0,0.14901083796505876,0.011256225055373825,-0.5712074790056698,-0.009887232370266109,0.9952152782693976,False,NORMAL
2017-10-11,10576.12,10668.49,10576.12,10641.19,165338103.0,165070892.0,0.1523672868250634,0.021160807164215756,0.14290026996852823,-0.012413041733407832,0.9952152782693976,False,NORMAL
2017-10-12,10668.39,10711.44,10668.39,10711.44,165733989.0,165338102.0,0.15328437289037078,0.024023556067551688,0.14049393794201115,-0.012187164072144329,0.9952152782693976,False,NORMAL
2017-10-13,10712.48,10724.09,10675.83,10724.09,166063591.0,165733902.0,0.15657529755356814,0.026827117430157976,0.14147559564752377,-0.011975734807002156,0.9952152782693976,False,NORMAL
2017-10-16,10735.14,10774.21,10723.37,10774.21,166767950.0,166082149.0,0.16047503799420748,0.030281500238105608,0.15003163194783986,-0.011732703241183867,0.9952152782693976,False,NORMAL
2017-10-17,10790.35,10798.52,10723.15,10723.15,166388010.0,166768050.0,0.15728144652221454,0.02307833218525257,0.14166234750076012,-0.011491643595370981,0.9952152782693976,False,NORMAL
2017-10-18,10773.85,10790.31,10684.32,10720.28,165801968.0,166388182.0,0.16274287350512284,0.020386251796575383,0.1427832084378471,-0.011281691399604887,0.9952152782693976,False,NORMAL
2017-10-19,10745.77,10798.54,10745.77,10760.29,165510650.0,165697004.0,0.16294771199446645,0.024851990978497662,0.1393970819791157,-0.011084650661346711,0.9952152782693976,False,NORMAL
2017-10-20,10737.87,10753.77,10702.56,10728.88,165631191.0,165562343.0,0.1637576918529542,0.027995439171385472,0.13579879010011897,-0.010915578184603265,0.9952152782693976,False,NORMAL
2017-10-23,10759.47,10792.27,10731.9,10735.21,166245332.0,165631173.0,0.17130506035349025,0.026185132220913454,0.1371796004840793,-0.010757259457999236,0.9952152782693976,False,NORMAL
2017-10-24,10749.9,10766.64,10726.25,10743.78,166556810.0,166246950.0,0.1708285110862644,0.02682079488490574,0.13971495057247063,-0.01058879789547514,0.9952152782693976,False,NORMAL
2017-10-25,10771.4,10794.55,10740.07,10750.57,166876292.0,166570851.0,0.16567923509473492,0.0318126980135538,0.14025511766279175,-0.010410397669004309,0.9952152782693976,False,NORMAL
2017-10-26,10735.35,10756.51,10716.52,10734.76,166873547.0,166728953.0,0.15626578658529366,0.021543778911477185,0.13609654389103398,-0.010248271913680764,0.9952152782693976,False,NORMAL
2017-10-27,10757.35,10803.6,10701.08,10709.11,164919399.0,166869760.0,0.1493865136027408,0.027444941739702022,0.12359356207974814,-0.010142421006806124,0.9952152782693976,False,NORMAL
2017-10-30,10777.6,10842.25,10743.13,10756.87,164667398.0,165012545.0,0.1558361458625468,0.031603488141259684,0.11983313834948794,-0.010075834451214882,0.9952152782693976,False,NORMAL
2017-10-31,10768.9,10829.33,10747.37,10793.8,166087535.0,164666373.0,0.15782247251273795,0.03415733394396425,0.12399248353300174,-0.010011168580379592,0.9952152782693976,False,NORMAL
2017-11-01,10816.04,10843.41,10785.32,10806.36,166764260.0,166087281.0,0.15137044317655146,0.027291817778229976,0.12807519726555494,-0.009943949278655249,0.9952152782693976,False,NORMAL
2017-11-02,10797.63,10827.67,10788.51,10788.51,167303816.0,166764231.0,0.1523415845549949,0.030433013558894828,0.12414762929458956,-0.009876272990124323,0.9952152782693976,False,NORMAL
2017-11-03,10797.91,10835.7,10765.31,10800.77,167560667.0,167303816.0,0.16142931647230263,0.02800250510157465,0.11945718407986439,-0.009806422013368519,0.9952152782693976,False,NORMAL
2017-11-06,10856.56,10858.5,10769.19,10786.19,168150783.0,167560686.0,0.15894302304092012,0.0195484045378842,0.11569258940726646,-0.009771740754653422,0.9952152782693976,False,NORMAL
2017-11-07,10820.83,10842.61,10807.89,10840.34,167922599.0,168303749.0,0.16686759697398945,0.025676106564783696,0.11425818928109632,-0.009762382609977378,0.9952152782693976,False,NORMAL
2017-11-08,10839.44,10844.74,10806.01,10818.99,168552649.0,167922582.0,0.16675725516839734,0.0332948756396616,0.12098909521872914,-0.009770495334872719,0.9952152782693976,False,NORMAL
2017-11-09,10802.95,10831.38,10721.87,10743.27,167827633.0,168552392.0,0.17553594250599613,0.040032953394761206,0.13471419872966872,-0.0035155605640993237,0.9952152782693976,False,NORMAL
2017-11-10,10713.67,10742.61,10659.29,10732.67,168300872.0,167827546.0,0.18367160126476878,0.039023889668204914,0.138126918292669,0.0031840734143687576,0.9952152782693976,False,NORMAL
2017-11-13,10728.22,10749.39,10683.92,10683.92,167924065.0,168300727.0,0.17818077557164358,0.044853539462977876,0.14846689126429324,0.004508661489032051,0.9952152782693976,False,NORMAL
2017-11-14,10716.59,10735.08,10654.58,10687.18,167235513.0,167923117.0,0.1629342839483603,0.03646728399132604,0.1464331911980361,0.0059500653812492,0.9952152782693976,False,NORMAL
2017-11-15,10662.08,10669.59,10600.26,10630.65,167763071.0,167236684.0,0.15332039407947762,0.03306580217076327,0.14381059797754325,0.007219386137757726,0.9952152782693976,False,NORMAL
2017-11-16,10629.16,10666.66,10609.23,10625.04,168011654.0,167763116.0,0.1880579658287862,0.02465627130674286,0.1402095988781984,0.008237005641000163,0.9952152782693976,False,NORMAL
2017-11-17,10673.43,10729.45,10673.43,10701.64,167665702.0,168011713.0,0.16929955486015347,0.036846995493797774,0.1338327681268443,0.008892365471887638,0.9952152782693976,False,NORMAL
2017-11-20,10706.79,10728.39,10656.18,10664.55,167847142.0,167736774.0,0.19053758975458135,0.03274716527266541,0.13072074526200916,0.009203391591247372,0.9952152782693976,False,NORMAL
2017-11-21,10688.22,10787.58,10687.26,10779.24,168417830.0,167846970.0,0.20567759831774857,0.0372562925384452,0.1286543478330069,0.009293485630562965,0.9952152782693976,False,NORMAL
2017-11-22,10815.4,10882.65,10801.1,10822.59,169259359.0,168418082.0,0.2117963997433665,0.039952684828492124,0.13363099330207473,0.009330234839715429,0.9952152782693976,False,NORMAL
2017-11-23,10837.61,10872.29,10809.09,10854.57,170770283.0,169259310.0,0.21114746123170391,0.0348566492769542,0.14247260754693936,0.009469633567466992,0.9952152782693976,False,NORMAL
2017-11-24,10847.79,10873.91,10833.78,10854.09,172346917.0,170770289.0,0.20664549996331405,0.03219815301397655,0.14856926960910388,0.00979653198365402,0.9952152782693976,False,NORMAL
2017-11-27,10836.82,10856.0,10746.74,10750.93,172836934.0,172346917.0,0.19338224112228164,0.02137093173272242,0.14435612766667139,0.010062799663234354,0.9952152782693976,False,NORMAL
2017-11-28,10733.56,10752.58,10692.53,10707.07,173391589.0,172836923.0,0.18426498516222,0.02005417007651067,0.1374654366591983,0.01003153976636275,0.9952152782693976,False,NORMAL
2017-11-29,10735.24,10762.91,10697.62,10713.55,174375457.0,173391589.0,0.1730091455636955,0.013638427914545836,0.13357798314476832,0.009800486573588403,0.9952152782693976,False,NORMAL
2017-11-30,10623.2,10650.18,10560.44,10560.44,174570866.0,174375425.0,0.150596574720834,-0.0023937773125835005,0.12559121615849134,0.009332046109290153,0.9952152782693976,False,NORMAL
2017-12-01,10591.62,10665.92,10495.15,10600.37,174871221.0,174570876.0,0.1582432903450679,0.0005238408958341267,0.12019998905367202,0.013791243232097532,0.9952152782693976,False,NORMAL
2017-12-04,10617.27,10665.43,10565.68,10651.11,175541738.0,174870257.0,0.16290300216069986,0.007685998030250163,0.12360718398158332,0.0186635238875194,0.9952152782693976,False,NORMAL
2017-12-05,10607.62,10635.71,10540.74,10566.85,174359436.0,175542607.0,0.14580080327556,-0.004802295005387092,0.10725584383532105,0.017582546317428553,0.9952152782693976,False,NORMAL
2017-12-06,10541.03,10541.03,10376.65,10393.92,173451550.0,174358869.0,0.13071043625263545,-0.014594429580976676,0.10192290467356813,0.01627627491516194,0.9952152782693976,False,NORMAL
2017-12-07,10404.42,10418.97,10322.76,10355.76,172673236.0,173451148.0,0.1206671348846573,-0.017341161131886773,0.0959136198883137,0.014970851375829028,0.9952152782693976,False,NORMAL
2017-12-08,10406.35,10419.28,10336.26,10398.62,171622754.0,172672921.0,0.12253320278554725,-0.019918095749744347,0.07351079008025385,0.013564685009420116,0.9952152782693976,False,NORMAL
2017-12-11,10438.33,10504.67,10438.33,10473.09,172044970.0,171620547.0,0.1396813098441807,-0.009370838125794534,0.06808051758466416,0.012139159496947704,0.9952152782693976,False,NORMAL
2017-12-12,10488.73,10495.24,10408.06,10443.28,172094252.0,172044819.0,0.14001392912737742,-0.015745946175196868,0.061341494115309425,0.010737184593580279,0.9952152782693976,False,NORMAL
2017-12-13,10447.11,10489.17,10444.7,10470.7,172360170.0,172094120.0,0.13187334675924278,-0.005903418628143364,0.060118807119526,0.00943502693138308,0.9952152782693976,False,NORMAL
2017-12-14,10494.6,10577.53,10494.6,10538.01,172558779.0,172358186.0,0.13753617540795515,-0.0014743826022852735,0.056411997864191266,0.008268685817246177,0.9952152782693976,False,NORMAL
2017-12-15,10517.21,10520.66,10436.11,10491.44,172763720.0,172558779.0,0.11898428517490656,-0.008408936893749774,0.05601909703032559,0.0071649783086796875,0.9952152782693976,False,NORMAL
2017-12-18,10478.74,10526.41,10472.39,10506.52,172872121.0,172763233.0,0.11858596268583632,-0.011762138611700723,0.050114452688149846,0.006110253374643911,0.9952152782693976,False,NORMAL
2017-12-19,10508.33,10544.0,10452.08,10467.34,172726332.0,172872112.0,0.11950878829168943,-0.010287307089353881,0.04911345540176115,0.005059265791238496,0.9952152782693976,False,NORMAL
2017-12-20,10470.36,10514.31,10470.36,10504.52,172901420.0,172726317.0,0.11962942356434692,-0.0013926954312935003,0.048305134005248274,0.0038397752193864397,0.9952152782693976,False,NORMAL
2017-12-21,10526.97,10545.78,10488.97,10488.97,173422246.0,172901183.0,0.11959733234278191,-0.008457768820355427,0.045029460265604504,0.0025411381989560392,0.9952152782693976,False,NORMAL
2017-12-22,10503.1,10537.27,10486.52,10537.27,173799581.0,173421712.0,0.12573461462445312,0.008382074857794741,0.05476610687258243,0.001347370437726577,0.9952152782693976,False,NORMAL
2017-12-25,10546.64,10556.65,10514.54,10522.49,173923866.0,173793889.0,0.12820180169361772,0.018053597706632063,0.06156336792755468,0.0003065761303083314,0.9952152782693976,False,NORMAL
2017-12-26,10526.14,10528.92,10408.12,10421.91,172950215.0,173923428.0,0.12799535030716558,0.01607581929254298,0.06582105143772332,-0.0006841500240903546,0.9952152782693976,False,NORMAL
2017-12-27,10419.81,10497.77,10419.81,10486.67,172732439.0,172947810.0,0.13462505991402685,0.015492878640569918,0.062422587111256034,-0.0017052707815293426,0.9952152782693976,False,NORMAL
2017-12-28,10513.29,10592.04,10513.29,10567.64,172933376.0,172732446.0,0.14812488999658835,0.0263382039440776,0.058016417930902175,-0.002669376295394425,0.9952152782693976,False,NORMAL
2017-12-29,10590.95,10659.98,10590.95,10642.86,172997211.0,173003727.0,0.1671402330363263,0.030292528320590373,0.06413728965288135,-0.0036768205767126684,0.9952152782693976,False,NORMAL
2018-01-02,10664.82,10710.73,10650.77,10710.73,173231611.0,172997211.0,0.17977252099433394,0.0314707134286214,0.06410604007090126,-0.004876909967656284,0.9952152782693976,False,NORMAL
2018-01-03,10759.61,10813.16,10759.61,10801.57,173292462.0,173181100.0,0.18561248839256494,0.032145710146811,0.06031671795955207,-0.006195771583261222,0.9952152782693976,False,NORMAL
2018-01-04,10834.58,10853.46,10794.25,10848.63,174476811.0,173292462.0,0.1909439505031687,0.036227655012011084,0.06301036610019906,-0.007749732102551376,0.9952152782693976,False,NORMAL
2018-01-05,10856.92,10879.8,10815.68,10879.8,174968827.0,174476468.0,0.18240702501793193,0.03437162194923671,0.06225468586801974,0.046486838201440214,0.9952152782693976,False,NORMAL
2018-01-08,10899.09,10918.47,10869.12,10915.75,174872051.0,174968827.0,0.1925754034976166,0.036356869629282196,0.059503000950857476,0.16209164997504302,0.9952152782693976,False,NORMAL
2018-01-09,10922.35,10931.0,10860.77,10914.89,174861320.0,174872203.0,0.1795417949964877,0.025720807541261825,0.05759844117722812,0.15893159840843132,0.9952152782693976,False,NORMAL
2018-01-10,10915.32,10934.75,10819.25,10831.09,174871501.0,174861382.0,0.16803948719276018,0.011170300165057157,0.05513360328278827,0.15650128835685814,0.9952152782693976,False,NORMAL
2018-01-11,10824.54,10844.08,10770.1,10810.06,174679951.0,174871348.0,0.16400415205837016,0.008016531006360461,0.051885906766884204,0.15463771566686177,0.9952152782693976,False,NORMAL
2018-01-12,10818.24,10899.98,10818.24,10883.96,174371320.0,174679942.0,0.16304735770142353,0.01018636169148368,0.04559251342958892,0.15305216292876253,0.9952152782693976,False,NORMAL
2018-01-15,10932.37,10962.55,10911.89,10956.31,174270574.0,174371320.0,0.1690197199809651,0.021743610786009615,0.047374591474469874,0.1514394279535785,0.9952152782693976,False,NORMAL
2018-01-16,10955.81,10986.11,10920.5,10986.11,174918265.0,174270634.0,0.1759383543022044,0.024796926945938047,0.05498304459208825,0.14947352015267373,0.9952152782693976,False,NORMAL
2018-01-17,10976.13,11030.22,10942.95,11004.8,174899284.0,174918265.0,0.17702927599351415,0.022723365262460327,0.05672525604847789,0.14765421126073247,0.9952152782693976,False,NORMAL
2018-01-18,11048.06,11122.82,11048.06,11071.57,175345350.0,174899326.0,0.18466488474962928,0.031940892245975405,0.05864933374777226,0.14603257080252863,0.9952152782693976,False,NORMAL
2018-01-19,11123.58,11150.85,11095.85,11150.85,175183976.0,175345350.0,0.18497733305845365,0.038717454060051004,0.053767789401749866,0.1445876002235689,0.9952152782693976,False,NORMAL
2018-01-22,11169.79,11231.46,11142.38,11231.46,175448938.0,175184102.0,0.1975331677831882,0.045391845328180525,0.05338795813872754,0.14322138251303732,0.9952152782693976,False,NORMAL
2018-01-23,11243.49,11270.18,11201.52,11253.11,175017923.0,175448878.0,0.21101058615008306,0.04674542838193707,0.04878842226432023,0.14191084787614194,0.9952152782693976,False,NORMAL
2018-01-24,11228.71,11228.71,11107.32,11152.16,175823013.0,175017978.0,0.19216678977992463,0.03888303045433705,0.05363022576610055,0.1405489679807283,0.9952152782693976,False,NORMAL
2018-01-25,11154.36,11268.61,11131.85,11165.95,176626827.0,175822999.0,0.19524575651602416,0.04265900714438464,0.07098878646774609,0.13879060755405825,0.9952152782693976,False,NORMAL
2018-01-26,11152.53,11178.3,11089.48,11147.1,176897579.0,176626827.0,0.19628208265186542,0.03627728140248965,0.07427202438700098,0.13721459112106446,0.9952152782693976,False,NORMAL
2018-01-29,11202.27,11246.18,11161.83,11221.81,177231212.0,176897464.0,0.20257816033075216,0.03965331949823048,0.06709520374301414,0.13575464771721213,0.9952152782693976,False,NORMAL
2018-01-30,11189.57,11189.57,11076.78,11076.78,176629249.0,177230152.0,0.17537364508889497,0.025024152443561043,0.05915529502544481,0.13457438409542727,0.9952152782693976,False,NORMAL
2018-01-31,11054.36,11158.29,11007.89,11103.79,176408119.0,176629087.0,0.17525918320905598,0.029223683344595353,0.054417784469422914,0.1341387786279905,0.9952152782693976,False,NORMAL
2018-02-01,11139.4,11212.1,11139.4,11160.25,176495513.0,176408120.0,0.18361284424491764,0.03328281224394192,0.053323051047534875,0.13435159909327662,0.9952152782693976,False,NORMAL
2018-02-02,11151.65,11153.32,11070.43,11126.23,176131621.0,176495454.0,0.17668652094640613,0.031525496954902366,0.0474623897528923,0.13480853761034486,0.9952152782693976,False,NORMAL
2018-02-05,10970.3,10970.3,10855.43,10946.25,174927087.0,176131246.0,0.14764505384246807,0.009769988764189996,0.04171259879082734,0.13547071389371898,0.9952152782693976,False,NORMAL
2018-02-06,10761.01,10761.01,10300.4,10404.0,167364419.0,174927156.0,0.08890414629245091,-0.03835755463310342,-0.007049607390032797,0.13720064874394095,0.9952152782693976,False,NORMAL
2018-02-07,10547.64,10697.82,10547.64,10551.54,167440807.0,167360845.0,0.10565478217588353,-0.017846521589795272,-0.0023049005285082913,0.17128282378506404,0.9952152782693976,False,NORMAL
2018-02-08,10559.44,10609.5,10512.93,10528.52,166392565.0,167440253.0,0.09784383609066771,-0.019021361879196896,-0.01133866377115389,0.18470191304540826,0.9952152782693976,False,NORMAL
2018-02-09,10371.01,10392.31,10189.04,10371.75,162112614.0,166382732.0,0.07305917176292387,-0.0292186762910992,-0.0346076126730257,0.19432091430637954,0.9952152782693976,False,NORMAL
2018-02-12,10429.09,10473.51,10416.01,10421.09,161086972.0,162109934.0,0.07319738175466939,-0.024898055427156618,-0.03676576158797085,0.2074314165182316,0.9952152782693976,False,NORMAL
2018-02-21,10559.79,10720.48,10559.79,10714.44,161025281.0,160769766.0,0.102447014954552,0.007881926316829269,-0.04016253374379397,0.22147321988689708,0.9952152782693976,False,NORMAL
2018-02-22,10698.47,10698.47,10620.8,10662.38,162465536.0,161023154.0,0.08802460468419615,0.003514339710720904,-0.03301031724858805,0.23482168441497872,0.9952152782693976,False,NORMAL
2018-02-23,10688.97,10799.29,10688.97,10794.55,163240924.0,162465528.0,0.10472559805551995,0.008681846894494694,-0.026390477880801178,0.24654282707578112,0.9952152782693976,False,NORMAL
2018-02-26,10827.98,10890.69,10827.98,10836.7,164722863.0,163240363.0,0.11034492651458638,0.016142265730856087,-0.018613834961813014,0.2566663243476562,0.9952152782693976,False,NORMAL
2018-02-27,10896.16,10937.9,10815.47,10815.47,165285041.0,164722840.0,0.10588532421533103,0.0033610903922725033,-0.01860129061157001,0.2659564040660578,0.9952152782693976,False,NORMAL
2018-03-01,10779.1,10805.55,10709.69,10785.79,165713703.0,165285041.0,0.10587191895993109,-0.0034002951234407552,-0.020948064679838452,0.27527525838738487,0.9952152782693976,False,NORMAL
2018-03-02,10719.29,10719.29,10638.98,10698.17,166132038.0,165713658.0,0.09568278346936121,-0.014408677635318501,-0.02716072678757575,0.2851356872792614,0.9952152782693976,False,NORMAL
2018-03-05,10727.45,10756.37,10642.9,10642.9,166920731.0,166131836.0,0.08836685148863133,-0.019457181578557026,-0.031484090893253436,0.2957175123628058,0.9952152782693976,False,NORMAL
2018-03-06,10711.15,10784.34,10711.15,10784.34,167224054.0,166920715.0,0.10389986600896073,0.0031076381299106615,-0.032475003288359616,0.3065073463228971,0.9952152782693976,False,NORMAL
2018-03-07,10762.99,10818.05,10745.32,10745.32,166628395.0,167223929.0,0.10203097901947289,0.003572405896290931,-0.039005317610879,0.31753415880679625,0.9952152782693976,False,NORMAL
2018-03-08,10788.43,10852.33,10788.43,10823.24,167929257.0,166627755.0,0.11870657523995365,0.010238436372630888,-0.03696735831350395,0.3284189512081195,0.9952152782693976,False,NORMAL
2018-03-09,10847.74,10882.76,10845.38,10864.82,167802736.0,167928803.0,0.12103221279844822,0.028822662692084666,-0.03877010039006168,0.33866089271244443,0.9952152782693976,False,NORMAL
2018-03-12,10908.99,11016.56,10908.99,11002.1,167630215.0,167802628.0,0.14032551115699188,0.03789773375834993,-0.04140764820301679,0.3651280811241906,0.9952152782693976,False,NORMAL
2018-03-13,11022.15,11095.63,11014.87,11095.63,167965329.0,167630213.0,0.145931425656046,0.0417346173309634,-0.043160157158749324,0.39643369955124086,0.9952152782693976,False,NORMAL
2018-03-14,11063.73,11070.29,11015.47,11038.8,168889851.0,167965335.0,0.1335716420194144,0.04466326294023282,-0.03136959562085295,0.4049859857424535,0.9952152782693976,False,NORMAL
2018-03-15,11039.6,11052.11,11008.18,11018.45,170310296.0,168889851.0,0.12969769671244524,0.06008608879036981,-0.018110267679937175,0.41130937664964456,0.9952152782693976,False,NORMAL
2018-03-16,11010.24,11054.86,10933.46,11027.7,170385029.0,170310296.0,0.1417481397426752,0.06488562886741289,-0.013251659915610725,0.4161074473070359,0.9952152782693976,False,NORMAL
2018-03-19,11004.81,11066.0,10983.25,11046.9,170687032.0,170384969.0,0.14738535650074946,0.0623428878062664,-0.0054522024509640055,0.41919280424308675,0.9952152782693976,False,NORMAL
2018-03-20,11016.85,11020.78,10981.04,11010.84,171462412.0,170687032.0,0.13544951502164504,0.05134587786412603,-0.0033860798138998227,0.42059162912559006,0.9952152782693976,False,NORMAL
2018-03-21,11037.35,11072.31,11011.07,11011.07,171881981.0,171462472.0,0.13001156584269014,0.05436893389816211,-0.0012334578147328301,0.42126029010759436,0.9952152782693976,False,NORMAL
2018-03-22,11045.9,11120.2,10975.33,11005.84,171529806.0,171881975.0,0.1299270762429534,0.05110833086613109,-0.004817609544014667,0.42165582818536634,0.9952152782693976,False,NORMAL
2018-03-23,10863.67,10863.67,10758.06,10823.33,169718533.0,171529803.0,0.10017453035882906,0.02707532067249896,-0.01645958563487515,0.4224935968549599,0.9952152782693976,False,NORMAL
2018-03-26,10783.57,10840.05,10781.43,10840.05,170705353.0,169718485.0,0.09399426160269408,0.03322804114592448,-0.011914347526205127,0.4234657556870749,0.9952152782693976,False,NORMAL
2018-03-27,10901.69,10986.79,10901.69,10986.79,171327867.0,170699750.0,0.10832475030187738,0.04571161526366496,-0.008932926784649076,0.4235800786132797,0.9952152782693976,False,NORMAL
2018-03-28,10939.97,10939.97,10853.48,10865.66,171973910.0,171333625.0,0.08956338888281667,0.03805360292108584,-0.004356151093395488,0.4230387761045393,0.9952152782693976,False,NORMAL
2018-03-29,10855.66,10889.6,10815.46,10845.92,172933647.0,171973875.0,0.09304561478474516,0.0325002951110569,0.00018638944665694268,0.4215815899608039,0.9952152782693976,False,NORMAL
2018-03-30,10905.3,10969.22,10905.3,10906.22,172947639.0,172933431.0,0.09822832940949011,0.03977988305810776,-0.002736713489456255,0.42008300883986127,0.9952152782693976,False,NORMAL
2018-03-31,10925.71,10947.16,10905.69,10919.49,173498067.0,172947692.0,0.10264688003005151,0.03627315234401318,-0.0017348373239173265,0.4194043336567176,0.9952152782693976,False,NORMAL
2018-04-02,10936.26,10969.88,10882.05,10888.27,173790310.0,173498042.0,0.10241202336391342,0.03476173415227768,-0.0007678992140158769,0.41941735342026665,0.9952152782693976,False,NORMAL
2018-04-03,10837.54,10837.54,10775.45,10821.53,174123896.0,173790310.0,0.09569025307676338,0.03834421905389718,0.00678623614315832,0.41945235435312345,0.9952152782693976,False,NORMAL
2018-04-09,10880.14,10904.75,10829.02,10893.53,175273381.0,174123852.0,0.10524083703233988,0.038797826192680906,0.014710276857724525,0.41880536859516343,0.9952152782693976,False,NORMAL
2018-04-10,10885.64,10975.67,10874.83,10927.18,175176807.0,175275933.0,0.10956677142407467,0.03402273355261931,0.012972805203317117,0.418090909019645,0.9952152782693976,False,NORMAL
2018-04-11,10961.7,11016.35,10953.31,10974.02,175033906.0,175176219.0,0.11848317080330051,0.031115696344779398,0.011772993265191989,0.41765454939485414,0.9952152782693976,False,NORMAL
2018-04-12,10984.12,11008.2,10920.62,10955.29,175851632.0,175040565.0,0.10109171534592787,0.02283317757052994,0.015124381658033537,0.4168245843804853,0.9952152782693976,False,NORMAL
2018-04-13,10975.58,10988.23,10938.37,10965.39,175923446.0,175851451.0,0.1078613429246904,0.015166313785866192,0.015182333782066015,0.41523437697466464,0.9952152782693976,False,NORMAL
2018-04-16,10962.36,10974.94,10921.17,10954.55,176896728.0,175923764.0,0.10950465747763927,0.009763444785193975,0.013869562299599902,0.41291280532227514,0.9952152782693976,False,NORMAL
2018-04-17,10953.51,10965.2,10799.07,10810.45,176383186.0,176896588.0,0.09389387748493805,-0.006374198055111191,0.008083491352433914,0.6399919082063065,0.9952152782693976,False,NORMAL
2018-04-18,10842.88,10917.6,10809.89,10847.89,176332434.0,175657201.0,0.10327772816865011,-0.006216705219522334,0.008351151551370561,0.992317643923248,0.9952152782693976,False,NORMAL
2018-04-19,10891.66,10983.96,10889.71,10971.22,176915516.0,176309065.0,0.11749619054603522,0.0051608399168474595,0.011747572304726894,0.9922184758994363,0.9952152782693976,False,NORMAL
2018-04-20,10802.42,10831.56,10770.05,10779.38,177985863.0,176915143.0,0.09583518016241244,-0.004774219399894308,0.01780943139499902,0.9920814602041022,0.9952152782693976,False,NORMAL
2018-04-23,10756.89,10774.73,10687.25,10697.13,178073920.0,177946064.0,0.09906574895740539,-0.010446750526824089,0.019429642500872868,0.9920720243843215,0.9952152782693976,False,NORMAL
2018-04-24,10680.38,10692.19,10540.15,10579.5,175730284.0,177913482.0,0.0888291959985179,-0.027973274433202522,0.0077935064091962936,0.9918671684222499,0.9952152782693976,False,NORMAL
2018-04-25,10541.83,10573.73,10489.2,10559.97,175454038.0,175729366.0,0.08345611169479272,-0.03617458797715656,0.00679095714690181,0.9917678823941353,0.9952152782693976,False,NORMAL
2018-04-26,10583.08,10618.68,10478.98,10488.58,173542719.0,175453910.0,0.08803374294860755,-0.045287185364064286,-0.007863935764512608,0.9914516942404137,0.9952152782693976,False,NORMAL
2018-04-27,10546.29,10573.61,10495.67,10553.43,173307467.0,173542011.0,0.0955849300662639,-0.04101573858679841,-0.009101335143258837,0.9913773858818281,0.9952152782693976,False,NORMAL
2018-04-30,10553.41,10660.61,10539.63,10657.88,173478666.0,174089603.0,0.0967819614485752,-0.03736507107844689,-0.010645757073113105,0.9913070554504367,0.9952152782693976,False,NORMAL
2018-05-02,10665.52,10683.9,10601.1,10618.81,174456872.0,173481679.0,0.09270062101574905,-0.047712954617809444,-0.004150516597476894,0.9911620230134173,0.9952152782693976,False,NORMAL
2018-05-03,10578.98,10578.98,10509.03,10514.18,174534581.0,174455551.0,0.06832857298172779,-0.06386346921949582,-0.005211527698161356,0.9910437695084832,0.9952152782693976,False,NORMAL
2018-05-04,10516.45,10566.37,10500.97,10529.37,174861114.0,174534563.0,0.0682720452089749,-0.06431466501260541,-0.0008959596669422254,0.9908869625174531,0.9952152782693976,False,NORMAL
2018-05-07,10581.78,10632.62,10555.56,10604.91,174756324.0,174860759.0,0.07548105494380675,-0.049071211316910834,-0.006066833810884575,0.9909034902120566,0.9952152782693976,False,NORMAL
2018-05-08,10610.44,10691.38,10609.04,10691.38,173907568.0,174756236.0,0.08300040518638574,-0.0425015336805199,-0.015395503877788652,0.9907529263881292,0.9952152782693976,False,NORMAL
2018-05-09,10692.89,10748.6,10689.81,10703.35,174213076.0,173907350.0,0.0766582136889955,-0.03980856007392053,-0.015175464894293444,0.990724997153189,0.9952152782693976,False,NORMAL
2018-05-10,10731.68,10782.06,10731.68,10760.21,174714176.0,174213128.0,0.08084915316719776,-0.04113418423587645,-0.014201990561346522,0.9906702424278333,0.9952152782693976,False,NORMAL
2018-05-11,10808.4,10874.63,10808.4,10858.98,174022906.0,174716186.0,0.08942337403838829,-0.019662753977238934,-0.014756010200779324,0.9905764953972048,0.9952152782693976,False,NORMAL
2018-05-14,10938.3,10970.24,10908.86,10952.39,174598913.0,174021966.0,0.1063087251033843,-0.01363498409101771,-0.010255797807129263,0.9904553824765212,0.9952152782693976,False,NORMAL
2018-05-15,10965.08,10978.38,10874.73,10874.73,175441853.0,174598999.0,0.09433998339580874,-0.025583656280101286,-0.005969896809784658,0.9903283848813044,0.9952152782693976,False,NORMAL
2018-05-16,10873.54,10915.74,10865.07,10897.57,176554268.0,175441654.0,0.0990461379580212,-0.02055143566149542,0.0023996088697781914,0.9901057789576,0.9952152782693976,False,NORMAL
2018-05-17,10911.74,10938.63,10833.81,10833.81,177664303.0,176554202.0,0.08682405861770093,-0.010272010962658507,0.015647753855296376,0.9897821013612884,0.9952152782693976,False,NORMAL
2018-05-18,10844.09,10893.35,10819.07,10830.84,178509622.0,177465368.0,0.08292372728836139,0.04102652825836217,0.06659242786843489,0.9861858176599403,0.9952152782693976,False,NORMAL
2018-05-21,10861.66,10979.1,10861.66,10966.2,179044460.0,178510865.0,0.09806725263897831,0.039298528935112875,0.06930003030862131,0.9858471264335998,0.9952152782693976,False,NORMAL
2018-05-22,10986.77,11034.12,10938.73,10938.73,179779351.0,179049115.0,0.08986013498299261,0.03896179140088063,0.08045302985743374,0.9854334232163098,0.9952152782693976,False,NORMAL
2018-05-23,10974.52,10991.86,10886.18,10886.18,180056930.0,179781782.0,0.08520070298629623,0.04959915154144667,0.11069043646412369,0.9835628925845534,0.9952152782693976,False,NORMAL
2018-05-24,10910.61,10942.64,10883.52,10936.93,181154782.0,180057251.0,0.09219996265105612,0.04949962048115886,0.12457748600551022,0.9829676689141384,0.9952152782693976,False,NORMAL
2018-05-25,10946.62,10977.81,10918.12,10942.3,181240187.0,181155075.0,0.09758311642066508,0.021266627093903034,0.12553870966385716,0.982799530400267,0.9952152782693976,False,NORMAL
2018-05-28,10976.49,10999.43,10965.18,10987.77,182311602.0,181242902.0,0.10456269941955965,0.03051757675115696,0.12215554442266452,0.982703335515793,0.9952152782693976,False,NORMAL
2018-05-29,10979.68,10986.53,10929.56,10964.12,182312467.0,182311699.0,0.09671249922478764,0.01570885307863712,0.11683064842245083,0.982549171397454,0.9952152782693976,False,NORMAL
2018-05-30,10925.21,10925.21,10799.75,10821.17,183100380.0,182312467.0,0.08126928488065355,-0.001433093100298155,0.11156627966088717,0.9823659836296194,0.9952152782693976,False,NORMAL
2018-05-31,10856.03,10909.61,10853.65,10874.96,183677709.0,183100284.0,0.08268670565348701,0.00550045444164704,0.1112784792182131,0.9822217149894217,0.9952152782693976,False,NORMAL
2018-06-01,10882.68,10954.67,10876.97,10949.08,184203965.0,183679503.0,0.08315683153468023,0.015139363922345828,0.11157955959743404,0.9820956574487052,0.9952152782693976,False,NORMAL
2018-06-04,11002.15,11109.5,11002.15,11109.5,184532253.0,184203856.0,0.09973816936334057,0.038448631868814864,0.11075657182993215,0.9818011408382311,0.9952152782693976,False,NORMAL
2018-06-05,11130.03,11131.08,11054.62,11100.11,184319523.0,184532609.0,0.10550936586220927,0.042959155869171095,0.10423385936405949,0.9813104261042039,0.9952152782693976,False,NORMAL
2018-06-06,11111.14,11207.15,11111.14,11201.83,185409488.0,184319522.0,0.11047522557799705,0.03871261477290222,0.10874891240227913,0.9809006007129251,0.9952152782693976,False,NORMAL
2018-06-07,11228.64,11261.68,11188.99,11251.75,186167953.0,185409523.0,0.10827054931135383,0.04713028555687493,0.11726427539555906,0.9804871675576252,0.9952152782693976,False,NORMAL
2018-06-08,11243.59,11243.59,11122.98,11156.42,187675238.0,186167904.0,0.0982728154240684,0.030783757913526832,0.11758511502257174,0.9804313552524464,0.9952152782693976,False,NORMAL
2018-06-11,11168.99,11186.67,11118.81,11149.23,188843359.0,187675163.0,0.09019306061305343,0.02617714789568537,0.12538903418118275,0.9803553168324879,0.9952152782693976,False,NORMAL
2018-06-12,11140.02,11160.05,11088.53,11144.79,189453831.0,188844519.0,0.0919648683444736,0.012969342216486046,0.13018903543135107,0.98041246057056,0.9952152782693976,False,NORMAL
2018-06-13,11153.2,11188.01,11119.24,11173.21,190287392.0,189895910.0,0.09434093471198302,0.006991941872611207,0.13289684920630251,0.98110263123471,0.9952152782693976,False,NORMAL
2018-06-14,11143.04,11143.04,11013.98,11013.98,191365199.0,190294050.0,0.0770796946540997,-0.0022484328006666665,0.13307696032013205,0.9814858651202804,0.9952152782693976,False,NORMAL
2018-06-15,10998.2,11087.47,10981.61,11087.47,192416485.0,191365367.0,0.08704416328011244,0.006264038952847217,0.129799486696917,0.9818684431552283,0.9952152782693976,False,NORMAL
2018-06-19,11008.77,11008.77,10904.19,10904.19,192425331.0,192416534.0,0.07855916343882674,-0.011199978236622332,0.12935586024990497,0.9831551284357641,0.9952152782693976,False,NORMAL
2018-06-20,10904.8,10969.2,10842.56,10927.44,190869497.0,192429041.0,0.07891767005820416,-0.010813893490481452,0.11824252120102474,0.983335637948229,0.9952152782693976,False,NORMAL
2018-06-21,10949.85,10992.31,10941.07,10941.07,190853241.0,190869450.0,0.08623613298042399,-0.006336482956795342,0.11309084465696184,0.9836646003404218,0.9952152782693976,False,NORMAL
2018-06-22,10901.25,10914.83,10828.86,10899.28,191189672.0,190852949.0,0.08038281780469547,-0.010152510155688743,0.11233109420585508,0.983943580832929,0.9952152782693976,False,NORMAL
2018-06-25,10834.07,10851.16,10786.46,10786.46,190913842.0,191193316.0,0.06200125434071779,-0.01993305372420473,0.11300680885746472,0.984245051153549,0.9952152782693976,False,NORMAL
2018-06-26,10730.9,10752.99,10651.42,10742.17,189688622.0,190913482.0,0.04795524164439158,-0.007498616414726378,0.11766592986047075,0.9845138359255228,0.9952152782693976,False,NORMAL
2018-06-27,10766.88,10800.34,10701.03,10701.03,189558517.0,189687065.0,0.03647357827915476,-0.012824664092877636,0.11044272290629342,0.984742087341191,0.9952152782693976,False,NORMAL
2018-06-28,10669.42,10723.84,10633.01,10654.28,188790670.0,189557236.0,0.02942688304611152,-0.030264526763504218,0.10192622663072082,0.984827218145144,0.9952152782693976,False,NORMAL
2018-06-29,10667.64,10836.91,10667.64,10836.91,188909897.0,188790080.0,0.04210476716164724,-0.0026459506371449004,0.09847997873630954,0.9849757445075212,0.9952152782693976,False,NORMAL
2018-07-02,10852.17,10886.2,10777.94,10777.94,188713089.0,188908817.0,0.03856731260298529,-0.006267794709900132,0.09124564405907654,0.9850474362334055,0.9952152782693976,False,NORMAL
2018-07-03,10802.88,10873.48,10707.68,10715.72,186881445.0,188711261.0,0.019189724899086658,-0.01746709675763003,0.08056661588771385,0.9850919404865804,0.9952152782693976,False,NORMAL
2018-07-04,10714.25,10752.05,10680.44,10721.87,186736916.0,186878539.0,0.019958980447219776,-0.01809791482935552,0.07630545532245026,0.9851776988233415,0.9952152782693976,False,NORMAL
2018-07-05,10690.91,10709.8,10585.27,10611.81,185845122.0,186734528.0,0.021294349192295003,-0.02539062679378823,0.06936412047369034,0.9851559611807054,0.9952152782693976,False,NORMAL
2018-07-06,10645.66,10665.72,10523.58,10608.57,184165985.0,185841758.0,0.017935739542203066,-0.019679287494467124,0.05767208999274853,0.9849789610371381,0.9952152782693976,False,NORMAL
2018-07-09,10638.9,10746.74,10638.9,10720.28,184185524.0,184165179.0,0.031285022611680535,-0.015903935638860833,0.05084709925233888,0.9849311275731989,0.9952152782693976,False,NORMAL
2018-07-10,10737.62,10776.47,10728.24,10756.89,183640612.0,184185248.0,0.03304589836153404,-0.015584075671856823,0.04831578531968561,0.9849598019130025,0.9952152782693976,False,NORMAL
2018-07-11,10693.64,10693.64,10635.03,10676.84,184069934.0,183640236.0,0.03180005759689508,-0.027080322434258397,0.05162444355209672,0.9849194206161249,0.9952152782693976,False,NORMAL
2018-07-12,10644.91,10752.57,10643.65,10738.38,184392385.0,183991414.0,0.03206119489196779,-0.019799567149751507,0.048567948462372,0.9849065604693208,0.9952152782693976,False,NORMAL
2018-07-13,10769.7,10864.54,10769.7,10864.54,184513987.0,184390782.0,0.04787137593796409,-0.009197119299906187,0.04883113192314337,0.9848974568202685,0.9952152782693976,False,NORMAL
2018-07-16,10867.97,10890.2,10817.45,10817.45,185134335.0,184512327.0,0.05051834227585039,-0.01251534750400507,0.046567322601919425,0.9848682226765135,0.9952152782693976,False,NORMAL
2018-07-17,10802.75,10818.84,10758.83,10778.99,185109665.0,185133920.0,0.047530056142376376,-0.002910147126160445,0.04947455138949586,0.984845684115869,0.9952152782693976,False,NORMAL
2018-07-18,10811.43,10872.74,10788.37,10842.46,184296357.0,185110364.0,0.04098575498028434,-0.0005005581730640474,0.04516425492090703,0.9848094321538136,0.9952152782693976,False,NORMAL
2018-07-19,10868.56,10896.25,10826.14,10835.38,184186817.0,184295052.0,0.039795867448189526,-0.012381485377195967,0.04110041427909583,0.9847800932049092,0.9952152782693976,False,NORMAL
2018-07-20,10932.51,10963.95,10893.73,10932.11,183580754.0,184186733.0,0.045119811857382564,0.014168718423508642,0.03143446847798237,0.9846523618654534,0.9952152782693976,False,NORMAL
2018-07-23,10929.46,10984.84,10901.75,10946.89,182936717.0,183658999.0,0.04816012393825675,0.023348318661173595,0.027307743885236047,0.9846790367569136,0.9952152782693976,False,NORMAL
2018-07-24,10937.77,10995.39,10917.61,10995.39,183062949.0,182936018.0,0.051431789885575174,0.039310931518502734,0.041726814713393345,0.9843802639251694,0.9952152782693976,False,NORMAL
2018-07-25,10957.66,10992.29,10956.0,10965.79,183845971.0,183062713.0,0.046228220652860585,0.038430033418655585,0.04782980828289629,0.9844031569355872,0.9952152782693976,False,NORMAL
2018-07-26,10969.35,11018.19,10966.33,11010.61,183661697.0,183845971.0,0.048020673703848216,0.049771275043904994,0.05830828316110459,0.9842462066546783,0.9952152782693976,False,NORMAL
2018-07-27,11023.07,11075.78,11009.16,11075.78,183962739.0,183661674.0,0.05490048917267343,0.04949575635599035,0.06148189794961345,0.9842417264639362,0.9952152782693976,False,NORMAL
2018-07-30,11072.7,11080.41,11001.15,11033.54,184238603.0,183962797.0,0.057186658618145536,0.035247159847924925,0.06202455465042611,0.9842873198541578,0.9952152782693976,False,NORMAL
2018-07-31,10997.73,11057.51,10976.46,11057.51,183689040.0,184238602.0,0.05699398161601632,0.04131348051241157,0.052919486026322904,0.9841756563459955,0.9952152782693976,False,NORMAL
2018-08-01,11062.36,11100.02,11058.28,11098.13,184068986.0,183688855.0,0.060687269130233146,0.05553928123733831,0.054627598412718026,0.9842058768955002,0.9952152782693976,False,NORMAL
2018-08-02,11095.67,11095.67,10919.13,10929.77,183920684.0,184068936.0,0.04901186377723232,0.03802696647567694,0.051810089692096994,0.984230384360259,0.9952152782693976,False,NORMAL
2018-08-03,10957.3,11012.43,10957.3,11012.43,183954261.0,183920647.0,0.04796747735376661,0.038427483118668615,0.05263292789335616,0.9846432297068458,0.9952152782693976,False,NORMAL
2018-08-06,10997.26,11054.49,10994.97,11024.1,184636139.0,183954233.0,0.057665462604516105,0.031120397928050547,0.061691225536544714,0.9845002408301918,0.9952152782693976,False,NORMAL
2018-08-07,11024.97,11030.09,10983.44,10983.44,184477178.0,184636086.0,0.05333196513393168,0.02616844259040385,0.05891694375455492,0.9845340714736811,0.9952152782693976,False,NORMAL
2018-08-08,11026.07,11095.5,11026.07,11075.25,184093511.0,184395023.0,0.06112314595072088,0.029278238993476924,0.05368388080884756,0.984570055632206,0.9952152782693976,False,NORMAL
2018-08-09,11063.62,11063.62,11001.96,11028.07,184155262.0,184174805.0,0.04836837537205518,0.01557144409511757,0.058224266177924866,0.9845709591448661,0.9952152782693976,False,NORMAL
2018-08-10,11009.96,11033.89,10972.25,10983.68,182678851.0,184155079.0,0.049074105911433685,0.002856910683421754,0.04627713804839084,0.984366647774448,0.9952152782693976,False,NORMAL
2018-08-13,10939.68,10939.68,10693.73,10748.92,177953010.0,182675577.0,0.02306749307099576,-0.011569022863096357,0.014313329214551862,0.982960077025218,0.9952152782693976,False,NORMAL
2018-08-14,10797.95,10829.85,10755.53,10824.23,177543169.0,177950075.0,0.023144078386446054,-0.006729940711553195,0.005601116366102277,0.982930552672821,0.9952152782693976,False,NORMAL
2018-08-15,10827.28,10827.28,10688.59,10716.75,176640367.0,177542721.0,0.013982441051493266,-0.010805063038764717,-0.005763318701112352,0.9861621401222481,0.9952152782693976,False,NORMAL
2018-08-16,10663.57,10725.71,10606.26,10683.9,175887797.0,176637578.0,0.020392765114542133,-0.013566814762289936,-0.01468730352249581,0.9861025701640961,0.9952152782693976,False,NORMAL
2018-08-17,10702.6,10757.01,10688.55,10690.96,175821691.0,175887282.0,0.03496893435846404,-0.025098940380441914,-0.01799982529478994,0.9862364333428975,0.9952152782693976,False,NORMAL
2018-08-20,10698.76,10729.9,10663.44,10699.05,174115501.0,175820710.0,0.03576915592807839,-0.021911135936255932,-0.0315044523661675,0.9867539351347511,0.9952152782693976,False,NORMAL
2018-08-21,10697.01,10792.2,10697.01,10792.2,173298713.0,174109829.0,0.05544298053451846,-0.008632963996553333,-0.037533778899818016,0.9867023957508818,0.9952152782693976,False,NORMAL
2018-08-22,10790.24,10828.21,10774.69,10804.2,173743231.0,173297761.0,0.047816152595828276,-0.012135946741910209,-0.04091280902537808,0.986706847068088,0.9952152782693976,False,NORMAL
2018-08-23,10817.33,10863.13,10802.79,10863.13,173689970.0,173743091.0,0.055657754468003695,-0.007235224769929549,-0.041658625081864464,0.9868074550881154,0.9952152782693976,False,NORMAL
2018-08-24,10865.91,10865.91,10770.32,10809.35,173520866.0,173689710.0,0.042430735907774464,-0.016238053763411475,-0.048218192937605764,0.9869041339104774,0.9952152782693976,False,NORMAL
2018-08-27,10847.17,10916.69,10847.17,10902.21,172738962.0,173520631.0,0.05627956862148564,-0.005646600000729807,-0.052511521332219147,0.9871287939706181,0.9952152782693976,False,NORMAL
2018-08-28,10946.33,11005.55,10946.33,10989.55,172485737.0,172738853.0,0.06421992584049208,0.015560239789227825,-0.057971714750127745,0.9872883331281517,0.9952152782693976,False,NORMAL
2018-08-29,11029.12,11099.57,11029.11,11099.57,172558351.0,172485668.0,0.06808075773161648,0.020653869071702413,-0.06053732954606916,0.9874906779507928,0.9952152782693976,False,NORMAL
2018-08-30,11153.97,11186.05,11080.07,11093.75,172894598.0,172380726.0,0.0660087000723566,0.013212982277963192,-0.06139589340544327,0.9877202164246999,0.9952152782693976,False,NORMAL
2018-08-31,11037.26,11063.94,10987.68,11063.94,172968946.0,172891653.0,0.05481763682958096,-0.004100994644223421,-0.06266279640556927,0.9879061568859403,0.9952152782693976,False,NORMAL
2018-09-03,11087.86,11097.11,10952.85,10964.22,172710598.0,172969010.0,0.04267125417597417,-0.012242221023035071,-0.06298261199384725,0.9880634952815893,0.9952152782693976,False,NORMAL
2018-09-04,10981.39,11028.27,10956.49,11021.38,172583126.0,172710636.0,0.047064501357593214,-0.016108975051397967,-0.06917856328905891,0.9882281945874406,0.9952152782693976,False,NORMAL
2018-09-05,11042.41,11058.06,10989.93,10995.13,172808026.0,172584583.0,0.047497420585962846,-0.022807118892616773,-0.07176276466873976,0.9884044481620314,0.9952152782693976,False,NORMAL
2018-09-06,11016.92,11016.92,10905.34,10924.3,172160666.0,172722181.0,0.03357806498003657,-0.0208059574666426,-0.08266712308631785,0.9884964502873094,0.9952152782693976,False,NORMAL
2018-09-07,10922.55,10922.55,10807.56,10846.99,168820405.0,172158167.0,0.02467555532043919,-0.027108598531019656,-0.10602943151418953,0.9882563096077743,0.9952152782693976,False,NORMAL
2018-09-10,10869.8,10877.72,10689.29,10725.8,164490794.0,168990893.0,0.012362645141682505,-0.037595145354914816,-0.13176316819901102,0.98816617866615,0.9952152782693976,False,NORMAL
2018-09-11,10723.0,10765.42,10669.59,10752.3,163505875.0,164489875.0,0.017259436492596203,-0.03767135854423209,-0.14074246705740756,0.9889876672024933,0.9952152782693976,False,NORMAL
2018-09-12,10762.91,10779.93,10667.25,10722.57,162356537.0,163504021.0,0.009863588074410679,-0.026458192224790622,-0.1515879697645547,0.9898702928741844,0.9952152782693976,False,NORMAL
2018-09-13,10726.67,10758.84,10701.25,10727.23,161298128.0,161755681.0,0.017005345160060914,-0.03249073052734297,-0.16172396559473579,0.9905577551857802,0.9952152782693976,False,NORMAL
2018-09-14,10776.53,10882.04,10770.47,10868.14,161277616.0,161284391.0,0.03127861528811948,-0.0033060685846451054,-0.16186909924036974,0.991202276864686,0.9952152782693976,False,NORMAL
2018-09-17,10881.78,10883.98,10806.73,10828.61,161640346.0,161364955.0,0.02060895668688345,-0.009044204315008852,-0.15313683673614964,0.9915157428481747,0.9952152782693976,False,NORMAL
2018-09-18,10794.22,10806.56,10750.81,10760.21,161251783.0,161262242.0,0.017787282825836748,-0.016530375913873185,-0.1551006304367658,0.9919532367619984,0.9952152782693976,False,NORMAL
2018-09-19,10808.5,10882.75,10808.5,10857.27,160583418.0,161238413.0,0.023271616864665168,-0.0038543830418156233,-0.16008319738108034,0.9923585438124907,0.9952152782693976,False,NORMAL
2018-09-20,10886.19,10908.36,10814.54,10831.41,159355798.0,160523240.0,0.02834267550755354,0.0041672615482744035,-0.16529992623583578,0.9928018134045179,0.9952152782693976,False,NORMAL
2018-09-21,10857.1,10972.41,10835.84,10972.41,158931884.0,159344734.0,0.039687044289278495,0.021433285825861903,-0.1621432939715277,0.9931140776503812,0.9952152782693976,False,NORMAL
2018-09-25,10959.56,11003.49,10941.77,10978.85,159553579.0,159538863.0,0.037658276002536795,0.02596198683678108,-0.15828852469868182,0.9933701049585311,0.9952152782693976,False,NORMAL
2018-09-26,10974.08,11007.35,10947.29,10974.19,159576011.0,159551288.0,0.03222666078481362,0.03002643069264188,-0.15474630711358772,0.9936116634386333,0.9952152782693976,False,NORMAL
2018-09-27,10973.77,11051.09,10961.27,11034.19,159025131.0,159189742.0,0.0433097519510901,0.01820445126885817,-0.15819587260692858,0.9938740953839936,0.9952152782693976,False,NORMAL
2018-09-28,11050.09,11073.95,10966.96,11006.34,159040937.0,159013310.0,0.046312589301247264,0.02119143361347331,-0.1572342022338472,0.9940795593394635,0.9952152782693976,False,NORMAL
2018-10-01,11014.19,11062.43,11012.95,11051.8,159842826.0,159732713.0,0.04474761874151567,0.031363268170500946,-0.14468327232807943,0.9941157173771427,0.9952152782693976,False,NORMAL
2018-10-02,11048.89,11064.34,10906.42,10919.63,160043807.0,159855350.0,0.04497266901952979,0.018444543722316853,-0.14294500290451406,0.9942691568163259,0.9952152782693976,False,NORMAL
2018-10-03,10918.74,10926.73,10839.46,10863.94,159088928.0,160043798.0,0.05108897250261002,0.02375937752372126,-0.14397038626604364,0.9944637848053723,0.9952152782693976,False,NORMAL
2018-10-04,10826.19,10826.19,10707.76,10718.91,157858214.0,157968719.0,0.04503159787150657,0.01040102483181049,-0.14284815407144813,0.9946420428158139,0.9952152782693976,False,NORMAL
2018-10-05,10665.29,10669.63,10446.94,10517.12,153812488.0,157807736.0,0.01844155139890069,-0.018950997548571435,-0.16490457740859155,0.9946192458303602,0.9952152782693976,False,NORMAL
2018-10-08,10467.85,10507.83,10403.13,10455.93,153014068.0,154207867.0,0.015488833530002966,-0.027978346901381235,-0.1667743516341581,0.9947834633620777,0.9952152782693976,False,NORMAL
2018-10-09,10464.39,10503.1,10428.97,10466.83,150958657.0,153013861.0,0.013251771065466045,-0.019669677545041453,-0.1798842226998354,0.9949254940281048,0.9952152782693976,False,NORMAL
2018-10-11,10272.04,10272.04,9797.93,9806.11,139080617.0,150596313.0,-0.05564650797288895,-0.08681663342142842,-0.24573557091308296,0.9935429540102153,0.9952152782693976,False,NORMAL
2018-10-12,9811.58,10046.01,9740.76,10045.81,136614006.0,140202198.0,-0.04007105481425988,-0.07535799951033373,-0.2596008128099253,0.9939096854773112,0.9952152782693976,False,NORMAL
2018-10-15,9989.63,9989.63,9890.47,9901.12,136240879.0,136613789.0,-0.05427557584759313,-0.0847085033903554,-0.2640971811090579,0.9942541845494605,0.9952152782693976,False,NORMAL
2018-10-16,9891.97,10011.19,9888.73,9981.1,136229066.0,136240651.0,-0.05107018549628406,-0.07402270528129251,-0.26406292183609104,0.9945333597022249,0.9952152782693976,False,NORMAL
2018-10-17,10048.43,10127.01,9978.25,9979.14,135821121.0,136228164.0,-0.052566219271020787,-0.07962399676826104,-0.2630287260642922,0.9947833935719476,0.9952152782693976,False,NORMAL
2018-10-18,9975.46,10019.5,9919.79,9953.73,131928460.0,131916946.0,-0.06460367684441315,-0.08136770468594545,-0.2837247412772218,0.9950242217875102,0.9952152782693976,False,NORMAL
2018-10-19,9879.47,9919.26,9762.91,9919.26,131091994.0,131792388.0,-0.07395644283121594,-0.09264908604102962,-0.28591646377048874,0.9952641870351545,0.9952152782693976,True,DELEVERAGING_RISK
2018-10-22,9871.3,9984.15,9822.15,9974.28,130717832.0,131475297.0,-0.06991828677305012,-0.08884806552363267,-0.28544780870862574,0.9954936196822375,0.9952152782693976,True,DELEVERAGING_RISK
2018-10-23,9912.28,9912.28,9775.2,9775.2,131030696.0,130718058.0,-0.09272234344791852,-0.11097287135790534,-0.28423148039639634,0.9956679675229055,0.9952152782693976,True,DELEVERAGING_RISK
2018-10-24,9774.29,9809.19,9667.85,9759.4,130518865.0,131030936.0,-0.08987564288478667,-0.11001396160240173,-0.2900640449716464,0.9959000894822001,0.9952152782693976,True,DELEVERAGING_RISK
2018-10-25,9622.95,9622.95,9475.61,9520.79,126618769.0,130486082.0,-0.11188980138578464,-0.13530767141874966,-0.3105869592395196,0.9960462274139492,0.9952152782693976,True,DELEVERAGING_RISK
2018-10-26,9570.19,9629.07,9400.69,9489.18,128298876.0,130343268.0,-0.11812971583479637,-0.14324950477528442,-0.30258226911918285,0.9961451572961956,0.9952152782693976,True,DELEVERAGING_RISK
2018-10-29,9515.43,9554.35,9459.12,9516.32,128263280.0,128577170.0,-0.11301832064483897,-0.1375098109944769,-0.3038197320677687,0.996307676846568,0.9952152782693976,True,DELEVERAGING_RISK
2018-10-30,9508.81,9574.83,9481.66,9526.11,127201340.0,128263246.0,-0.11262937567127229,-0.1384941094333172,-0.3075180751121569,0.9964468884658699,0.9952152782693976,True,DELEVERAGING_RISK
2018-10-31,9588.86,9802.13,9588.86,9802.13,126597425.0,127200275.0,-0.08764606125590824,-0.1167764299030557,-0.3122283783320239,0.9965881600945794,0.9952152782693976,True,DELEVERAGING_RISK
2018-11-01,9812.2,9869.59,9742.61,9844.74,125322663.0,126597348.0,-0.08425878813867538,-0.09927290327243854,-0.318604844901512,0.9967165389839208,0.9952152782693976,True,DELEVERAGING_RISK
2018-11-02,9871.4,9906.59,9817.29,9906.59,124813244.0,125322260.0,-0.07714844113887964,-0.1004174373866622,-0.321498489235865,0.9968421292761136,0.9952152782693976,True,DELEVERAGING_RISK
2018-11-05,9856.85,9889.81,9786.25,9889.81,125002374.0,124846217.0,-0.07650495699455895,-0.10289184604638935,-0.32297991781554747,0.9969462384169239,0.9952152782693976,True,DELEVERAGING_RISK
2018-11-06,9888.41,9899.97,9782.86,9824.95,125479535.0,125002175.0,-0.08663486683393962,-0.1054760621444647,-0.3198099821323156,0.9970271859947221,0.9952152782693976,True,DELEVERAGING_RISK
2018-11-07,9818.15,9912.53,9817.95,9908.35,125423450.0,125479440.0,-0.08203320424688232,-0.1053610527979052,-0.31869706151674193,0.9971073203522228,0.9952152782693976,True,DELEVERAGING_RISK
2018-11-08,9958.47,10014.42,9938.55,9945.31,124210907.0,125423368.0,-0.07967992922686284,-0.0981821841899807,-0.32550986786356395,0.9972025469981967,0.9952152782693976,True,DELEVERAGING_RISK
2018-11-09,9921.78,9921.78,9798.45,9830.01,124526878.0,124210948.0,-0.08884452069840965,-0.10503492454259411,-0.3183289837968162,0.9972547131720506,0.9952152782693976,True,DELEVERAGING_RISK
2018-11-12,9806.8,9875.84,9764.46,9831.21,124591273.0,124526808.0,-0.08976767397139285,-0.0853769494981822,-0.2998642001054098,0.9972352698539878,0.9952152782693976,True,DELEVERAGING_RISK
2018-11-13,9727.17,9777.35,9616.16,9775.84,123935723.0,124591343.0,-0.09367070300078162,-0.0968558502544753,-0.30194034668830316,0.9973336097091055,0.9952152782693976,True,DELEVERAGING_RISK
2018-11-14,9799.69,9823.25,9763.89,9791.88,124096468.0,123935723.0,-0.09671836861205474,-0.08630135068934153,-0.29746257830182155,0.9978524719587959,0.9952152782693976,True,DELEVERAGING_RISK
2018-11-15,9806.58,9844.39,9755.12,9826.46,124486574.0,124096468.0,-0.0917396170991932,-0.08025533747039948,-0.2922387105684199,0.9978715232735627,0.9952152782693976,True,DELEVERAGING_RISK
2018-11-16,9819.05,9851.29,9770.87,9797.09,124280621.0,124486554.0,-0.08807188128009447,-0.08360989097330818,-0.2931439784639541,0.9979268897077239,0.9952152782693976,True,DELEVERAGING_RISK
2018-11-19,9795.47,9836.02,9779.4,9828.69,123989298.0,124280599.0,-0.08422694446023216,-0.08134927867427466,-0.2878905250371706,0.9981097670475156,0.9952152782693976,True,DELEVERAGING_RISK
2018-11-20,9788.95,9800.03,9726.8,9743.99,124609976.0,123989266.0,-0.08797613609985855,-0.09712662849094722,-0.2809526750495833,0.9981469507520729,0.9952152782693976,True,DELEVERAGING_RISK
2018-11-21,9698.52,9753.69,9632.47,9741.52,124819667.0,124609976.0,-0.08848545640664796,-0.09835804594509545,-0.28158543914726675,0.9981543183417572,0.9952152782693976,True,DELEVERAGING_RISK
2018-11-22,9769.33,9792.99,9702.77,9714.71,125098160.0,124777202.0,-0.08616030064013025,-0.10571722882815549,-0.279761750203538,0.9981544593905121,0.9952152782693976,True,DELEVERAGING_RISK
2018-11-23,9730.64,9738.8,9654.91,9667.3,124905978.0,125102514.0,-0.09013989594392124,-0.105653901483438,-0.2801673892060912,0.9981579332269636,0.9952152782693976,True,DELEVERAGING_RISK
2018-11-26,9679.98,9847.35,9679.98,9765.36,124800348.0,124900965.0,-0.08748939414893409,-0.10427702273208816,-0.2775205630794516,0.9981563852786234,0.9952152782693976,True,DELEVERAGING_RISK
2018-11-27,9728.95,9781.4,9688.74,9778.62,125510561.0,124800348.0,-0.08307242218377697,-0.11018922521850294,-0.2723423792426385,0.9981477920498187,0.9952152782693976,True,DELEVERAGING_RISK
2018-11-28,9774.03,9890.89,9767.14,9884.31,125488527.0,125510541.0,-0.08302347846415892,-0.1094871242759855,-0.2727762738066499,0.9981482368340854,0.9952152782693976,True,DELEVERAGING_RISK
2018-11-29,9959.87,10001.85,9885.36,9885.36,125189447.0,125433411.0,-0.08659941843865471,-0.10892529577464782,-0.27592042522924864,0.9981478452858364,0.9952152782693976,True,DELEVERAGING_RISK
2018-11-30,9899.24,9957.63,9888.03,9888.03,125598992.0,125227994.0,-0.08904452226113047,-0.10628311433359183,-0.27386392237136026,0.9981438304812977,0.9952152782693976,True,DELEVERAGING_RISK
2018-12-03,9979.21,10148.75,9979.21,10137.87,125632511.0,125642083.0,-0.06598618585252192,-0.07536787842637216,-0.2725836604421924,0.9981475443204303,0.9952152782693976,True,DELEVERAGING_RISK
2018-12-04,10120.43,10126.02,10061.7,10083.54,126123265.0,125595484.0,-0.06207742027898977,-0.08509279237264289,-0.26920280143726216,0.9981582049397967,0.9952152782693976,True,DELEVERAGING_RISK
2018-12-05,9971.98,9971.98,9895.29,9916.74,127197762.0,126123958.0,-0.07381384449714068,-0.09807887673906535,-0.2639360280638817,0.9981401880108379,0.9952152782693976,True,DELEVERAGING_RISK
2018-12-06,9850.08,9850.08,9664.75,9684.72,127551662.0,127199781.0,-0.09603072744328445,-0.1134699706159662,-0.25911263610004853,0.9981401427865424,0.9952152782693976,True,DELEVERAGING_RISK
2018-12-07,9719.46,9785.2,9719.46,9760.88,128286154.0,127551632.0,-0.07571275439280956,-0.10013008217026109,-0.2401027944459676,0.9980574794367678,0.9952152782693976,True,DELEVERAGING_RISK
2018-12-10,9722.97,9722.97,9626.47,9647.54,128275862.0,128341870.0,-0.08988648509438824,-0.10052956422830917,-0.22016388345721039,0.9979562223227029,0.9952152782693976,True,DELEVERAGING_RISK
2018-12-11,9661.72,9720.96,9661.72,9707.04,128628074.0,128311477.0,-0.08863583232170169,-0.09721268937808636,-0.2133122189034492,0.997913679029914,0.9952152782693976,True,DELEVERAGING_RISK
2018-12-12,9741.45,9835.56,9741.45,9816.45,129001297.0,128628074.0,-0.07101454075717928,-0.08450586006899452,-0.20544439180788887,0.9978606185778904,0.9952152782693976,True,DELEVERAGING_RISK
2018-12-13,9827.32,9871.96,9815.5,9858.76,128232547.0,129001654.0,-0.05148779286352023,-0.08095939026197807,-0.20499668167258578,0.9978237208042872,0.9952152782693976,True,DELEVERAGING_RISK
2018-12-14,9818.95,9818.95,9718.94,9774.16,128507471.0,128232523.0,-0.056161981351441126,-0.10065935845508056,-0.2031909065421701,0.9977882767462228,0.9952152782693976,True,DELEVERAGING_RISK
2018-12-17,9762.49,9826.88,9733.98,9787.53,128884742.0,128507471.0,-0.05876645170224515,-0.09614161004967392,-0.20264497577851015,0.9977472396220317,0.9952152782693976,True,DELEVERAGING_RISK
2018-12-18,9756.46,9756.67,9701.1,9718.82,129101367.0,128884518.0,-0.0720198145914912,-0.0967815683894645,-0.1993802201864645,0.9977032961888452,0.9952152782693976,True,DELEVERAGING_RISK
2018-12-19,9720.92,9783.21,9720.92,9783.21,129080270.0,129102143.0,-0.06320523820102508,-0.09892542047862873,-0.19617933403310672,0.9976588497589298,0.9952152782693976,True,DELEVERAGING_RISK
2018-12-20,9729.29,9741.55,9658.5,9674.52,128632850.0,129079452.0,-0.07603885127068866,-0.10680880882544375,-0.1927946669376912,0.9976219525215904,0.9952152782693976,True,DELEVERAGING_RISK
2018-12-21,9648.98,9683.95,9585.32,9676.67,128537651.0,128616235.0,-0.08173649484105638,-0.1180907384977411,-0.1912406260785281,0.9975670222275969,0.9952152782693976,True,DELEVERAGING_RISK
2018-12-22,9639.24,9652.19,9625.31,9646.16,128193171.0,128537339.0,-0.08056853968568667,-0.12138703051776834,-0.19655095295605995,0.9975135180774506,0.9952152782693976,True,DELEVERAGING_RISK
2018-12-24,9646.53,9658.95,9613.29,9639.7,128021176.0,128193191.0,-0.08250305524569501,-0.12160259663811179,-0.19774172071515184,0.9974600246831409,0.9952152782693976,True,DELEVERAGING_RISK
2018-12-25,9559.7,9559.7,9479.06,9527.09,127358796.0,128021141.0,-0.08982702386661745,-0.13658456125914098,-0.1991278661484014,0.9974064383057559,0.9952152782693976,True,DELEVERAGING_RISK
2018-12-26,9544.87,9591.91,9473.3,9478.99,127307407.0,127358619.0,-0.09762749749631594,-0.13877001800780275,-0.19953057746383873,0.9973604500522808,0.9952152782693976,True,DELEVERAGING_RISK
2018-12-27,9555.01,9670.97,9555.01,9641.56,126705283.0,127307401.0,-0.0807905828694333,-0.12760274344450673,-0.20731329537429477,0.9972990052354757,0.9952152782693976,True,DELEVERAGING_RISK
2018-12-28,9649.97,9727.41,9630.77,9727.41,126372734.0,126705211.0,-0.0768567190553151,-0.10918135504591264,-0.2103866037128197,0.9972472142509676,0.9952152782693976,True,DELEVERAGING_RISK
2019-01-02,9725.27,9737.68,9542.52,9554.14,127343140.0,126389435.0,-0.0920266971030621,-0.12056399427831899,-0.19954743802158248,0.9971724827238706,0.9952152782693976,True,DELEVERAGING_RISK
2019-01-03,9494.25,9554.53,9474.47,9492.42,127018341.0,127343170.0,-0.08918614726091467,-0.11442301502671448,-0.19536438566320025,0.9971149402633033,0.9952152782693976,True,DELEVERAGING_RISK
2019-01-04,9427.24,9427.24,9319.28,9382.51,126154638.0,127018381.0,-0.10529176564152398,-0.1078821958863263,-0.17981537363858258,0.9969902643798226,0.9952152782693976,True,DELEVERAGING_RISK
2019-01-07,9460.2,9596.35,9460.2,9590.3,126066869.0,126154518.0,-0.09248422542781554,-0.08278842723698432,-0.17610929081370474,0.9969362693507362,0.9952152782693976,True,DELEVERAGING_RISK
2019-01-08,9591.56,9600.94,9547.63,9563.6,126038300.0,126066881.0,-0.10140695264242883,-0.08629451323848769,-0.16508067503541712,0.996832213503,0.9952152782693976,True,DELEVERAGING_RISK
2019-01-09,9584.63,9741.64,9584.63,9738.31,124940383.0,126038300.0,-0.09078932995230016,-0.006914056644276023,-0.10166933613761575,0.9956709393411605,0.9952152782693976,True,DELEVERAGING_RISK
2019-01-10,9731.11,9731.11,9683.2,9720.69,125281153.0,124940400.0,-0.1000669347141202,-0.03236374169927547,-0.08295527912416245,0.995474866550347,0.9952152782693976,True,DELEVERAGING_RISK
2019-01-11,9753.63,9796.98,9736.0,9759.4,124525973.0,125281224.0,-0.10040253930680643,-0.014313532206457591,-0.08598671768698729,0.9953942100597863,0.9952152782693976,True,DELEVERAGING_RISK
2019-01-14,9737.67,9762.37,9677.49,9708.22,124995301.0,124525971.0,-0.1076839647787643,-0.02733967198004239,-0.08246232122005448,0.9952936537829091,0.9952152782693976,True,DELEVERAGING_RISK
2019-01-15,9701.93,9806.04,9701.93,9806.04,124530658.0,124995281.0,-0.10166136087763089,-0.017346184140116128,-0.08312744672457828,0.9952009285632567,0.9952152782693976,False,NORMAL
2019-01-16,9781.35,9803.99,9763.81,9763.81,124322679.0,124530658.0,-0.1054596060977252,-0.019080284476271747,-0.057650798015833726,0.9949225002214148,0.9952152782693976,False,NORMAL
2019-01-17,9773.31,9826.25,9759.51,9789.15,124008718.0,124322672.0,-0.09619899751548555,-0.013116905898222342,-0.05403286489028458,0.9948423146578379,0.9952152782693976,False,NORMAL
2019-01-18,9781.39,9842.8,9771.15,9836.06,123090810.0,124008688.0,-0.09010125753233567,-0.013857641854850833,-0.05834721922254649,0.9948390753182977,0.9952152782693976,False,NORMAL
2019-01-21,9870.27,9919.94,9870.27,9889.4,122724174.0,123090720.0,-0.09137850561744065,0.01168262541942866,-0.06339371043255393,0.9947589382671653,0.9952152782693976,False,NORMAL
2019-01-22,9880.54,9894.66,9855.47,9894.66,122647304.0,122724174.0,-0.09689849958608321,0.013859458573272976,-0.06030975675432049,0.9946916734028648,0.9952152782693976,False,NORMAL
2019-01-23,9869.54,9873.39,9828.03,9846.4,122237884.0,122647282.0,-0.1037409965856887,0.03419989307609961,-0.034599017464780446,0.9943396985176916,0.9952152782693976,False,NORMAL
2019-01-24,9865.0,9892.82,9847.32,9877.12,122231661.0,122237859.0,-0.10247164873509729,0.04088235232127535,-0.04728969722228904,0.994178676324264,0.9952152782693976,False,NORMAL
2019-01-25,9923.39,9980.08,9918.21,9969.61,120976403.0,122231723.0,-0.09953059954459931,0.04763290851925972,-0.056811871644012246,0.9940299857468599,0.9952152782693976,False,NORMAL
2019-01-28,10006.46,10020.6,9990.07,10013.33,120573578.0,120976341.0,-0.10201195424564047,0.05114574574511521,-0.05210449827022268,0.9938781470172522,0.9952152782693976,False,NORMAL
2019-01-29,9944.71,9952.34,9893.96,9931.59,120037871.0,120573530.0,-0.11573473083641839,0.013207333508125307,-0.05181427663319371,0.9937265843047927,0.9952152782693976,False,NORMAL
2019-01-30,9915.97,9959.03,9909.81,9932.26,118039417.0,120037871.0,-0.11737644082391452,0.00889002655225024,-0.05811595305790784,0.9935687650827034,0.9952152782693976,False,NORMAL
2019-02-11,10029.84,10065.52,9988.83,10004.25,117994811.0,117815687.0,-0.10293162938838751,0.009858084366063391,-0.0546290824714083,0.9934377438721667,0.9952152782693976,False,NORMAL
2019-02-12,10032.08,10100.23,10032.08,10097.74,119075643.0,117985418.0,-0.09566673682042293,0.021024670848075022,-0.0474129475333005,0.9932112179565015,0.9952152782693976,False,NORMAL
2019-02-13,10123.61,10140.98,10074.34,10090.58,119846698.0,119075621.0,-0.09477980820123622,0.02703626990468133,-0.044890483535821146,0.9930135131678942,0.9952152782693976,False,NORMAL
2019-02-14,10095.99,10135.62,10082.0,10089.01,119917061.0,119846678.0,-0.10094628228423042,0.018233106420342482,-0.043902388269498216,0.992839886557482,0.9952152782693976,False,NORMAL
2019-02-15,10111.18,10135.16,10055.5,10064.78,120189658.0,119879875.0,-0.09136229120737249,0.012012697442312037,-0.03237436306620001,0.9925996178459078,0.9952152782693976,False,NORMAL
2019-02-18,10096.94,10165.77,10096.94,10145.28,120571480.0,120188421.0,-0.08632277807847588,0.032072195247003776,-0.03176340773595887,0.9928283371741036,0.9952152782693976,False,NORMAL
2019-02-19,10152.11,10173.47,10143.15,10152.26,120720422.0,120571480.0,-0.09031966129791003,0.03265620406847192,-0.03106839593813282,0.9927686528462295,0.9952152782693976,False,NORMAL
2019-02-20,10181.94,10272.46,10181.94,10272.46,121171342.0,120720421.0,-0.0767348868394776,0.0508007496031031,-0.022304957223673094,0.9927252705341592,0.9952152782693976,False,NORMAL
2019-02-21,10282.32,10319.53,10256.53,10319.53,121576261.0,121171346.0,-0.057254310837044575,0.05388648553699604,-0.020308450680481926,0.9927325458894631,0.9952152782693976,False,NORMAL
2019-02-22,10309.02,10322.92,10269.95,10322.92,121952954.0,121576286.0,-0.0077931564782776075,0.05052277218856038,-0.020352556252371423,0.9927292193542336,0.9952152782693976,False,NORMAL
2019-02-25,10343.45,10390.93,10343.45,10390.93,121248857.0,121991413.0,-0.015221474779984812,0.060613916989636696,-0.024394503146230706,0.9928040496220238,0.9952152782693976,False,NORMAL
2019-02-26,10403.03,10416.91,10368.86,10391.55,121157778.0,121248837.0,-0.013009425826232102,0.057267041691211995,-0.02283680967368651,0.9928392356003566,0.9952152782693976,False,NORMAL
2019-02-27,10385.81,10403.05,10343.56,10389.17,121259651.0,121157778.0,0.0016795622725191972,0.0662131221399036,-0.02688649101417051,0.9928613892493582,0.9952152782693976,False,NORMAL
2019-03-04,10385.25,10402.39,10313.18,10349.88,122488179.0,121259651.0,-0.006833258325184888,0.06245021310842658,-0.01867885130634106,0.9928684127647508,0.9952152782693976,False,NORMAL
2019-03-05,10323.25,10334.34,10295.44,10305.26,123914923.0,122488087.0,-0.03818958340333234,0.0607892567045234,-0.009458468453892532,0.9929139607376971,0.9952152782693976,False,NORMAL
2019-03-06,10328.18,10359.12,10327.9,10357.15,124083722.0,123914923.0,-0.028626816902042496,0.07135911785089943,-0.006582999574287762,0.9929951573638076,0.9952152782693976,False,NORMAL
2019-03-07,10359.47,10367.98,10299.46,10311.68,123356125.0,124083722.0,-0.04473275866062032,0.05594468611500236,-0.011572267410664638,0.993070390859275,0.9952152782693976,False,NORMAL
2019-03-08,10274.28,10274.28,10204.21,10241.75,123601778.0,123356055.0,-0.05490139987265508,0.047361488635410565,-0.01520814650808544,0.9931357978878536,0.9952152782693976,False,NORMAL
2019-03-11,10224.27,10269.3,10214.02,10250.28,124643124.0,123601778.0,-0.05225755330096604,0.03702534623054121,-0.006736894760108192,0.9931911078365764,0.9952152782693976,False,NORMAL
2019-03-12,10294.37,10382.12,10294.37,10343.33,124970016.0,124643124.0,-0.04102249348448295,0.04632810540030907,-0.001752791511252516,0.9932745035107238,0.9952152782693976,False,NORMAL
2019-03-13,10331.27,10373.32,10331.27,10373.32,125528977.0,124969930.0,-0.03036500635155359,0.04907853232645931,-0.000557448741308364,0.9933650115203073,0.9952152782693976,False,NORMAL
2019-03-14,10391.3,10407.27,10339.64,10348.65,125814296.0,125528947.0,-0.027647539674336863,0.02079134966220697,0.0014469582638525491,0.993479418642697,0.9952152782693976,False,NORMAL
2019-03-15,10374.66,10439.24,10370.0,10439.24,126437104.0,125918877.0,-0.03200010385429242,0.0352753100597607,0.0024883513759337283,0.9935817181250676,0.9952152782693976,False,NORMAL
2019-03-18,10455.19,10512.7,10445.74,10512.7,126556329.0,126437034.0,-0.02164849441431238,0.06009636231261495,-0.005042800988904195,0.9936985719221357,0.9952152782693976,False,NORMAL
2019-03-19,10497.4,10525.6,10484.69,10512.32,126759362.0,126556329.0,-0.02872707248476425,0.08545420001817305,-0.006211600755151259,0.9940137072594359,0.9952152782693976,False,NORMAL
2019-03-20,10529.3,10556.81,10506.96,10551.56,127464001.0,126759362.0,-0.02883250711930807,0.08100499135323869,-0.006408743066691369,0.9943761257234243,0.9952152782693976,False,NORMAL
2019-03-21,10563.93,10612.34,10551.67,10609.55,128007132.0,127613516.0,-0.03567955208551099,0.09971557516216545,-0.002094938173169303,0.9945140650216455,0.9952152782693976,False,NORMAL
2019-03-22,10642.57,10667.94,10589.47,10639.07,128253960.0,128007218.0,-0.04114773113378867,0.0960158812573142,-0.00290849414413219,0.9946613918140387,0.9952152782693976,False,NORMAL
2019-03-25,10535.12,10535.12,10458.79,10479.48,127728328.0,128253960.0,-0.050668550929448886,0.06754274712345087,-0.009867877529944558,0.9947659429067036,0.9952152782693976,False,NORMAL
2019-03-26,10506.68,10559.2,10506.68,10559.2,128200743.0,127728328.0,-0.04168009111989435,0.07104747453026561,-0.00024801815719999176,0.9948383274488948,0.9952152782693976,False,NORMAL
2019-03-27,10542.68,10556.75,10515.86,10542.7,128258664.0,128200743.0,-0.04398015905401853,0.07862977483487077,-0.0019361286784641552,0.9949386988036052,0.9952152782693976,False,NORMAL
2019-03-28,10529.02,10536.26,10499.29,10536.26,127979459.0,128258693.0,-0.04622473273044925,0.07649836066913718,-0.007023973404082229,0.9950040561573865,0.9952152782693976,False,NORMAL
2019-03-29,10551.99,10641.04,10525.27,10641.04,127909569.0,127979459.0,-0.03358508524326931,0.09489012040556366,-0.009231490166947687,0.9950832909571224,0.9952152782693976,False,NORMAL
2019-04-01,10714.68,10735.07,10627.01,10642.63,127418554.0,127909569.0,-0.03346087165007583,0.08784642259544673,-0.012873508863903038,0.9951528463136354,0.9952152782693976,False,NORMAL
2019-04-02,10695.47,10728.38,10685.1,10690.3,127734751.0,127884294.0,-0.02867023325797946,0.10499538995216295,-0.006981879045671491,0.9952154054899409,0.9952152782693976,True,NORMAL
2019-04-03,10725.17,10741.56,10690.23,10704.38,127787820.0,127734681.0,-0.010990148133707578,0.10620492380126634,-0.005833551447116503,0.9952830060405399,0.9952152782693976,True,NORMAL
2019-04-08,10759.96,10807.05,10759.96,10800.57,128076914.0,127764482.0,-0.0036420496215422427,0.11967560148286993,-0.0009068891821077951,0.9953481301680314,0.9952152782693976,True,NORMAL
2019-04-09,10805.39,10851.6,10793.77,10851.6,127567575.0,128066251.0,-0.01230477691846299,0.12571968007303136,-0.003543171639041942,0.9954111435813214,0.9952152782693976,True,NORMAL
2019-04-10,10839.93,10875.65,10815.61,10868.14,128343405.0,127567032.0,0.00022824200278681595,0.14076176461017997,0.007730985459378781,0.9954523923428991,0.9952152782693976,True,HOT_LEVERAGE_MOMENTUM
2019-04-11,10869.24,10887.12,10797.76,10808.77,129030084.0,128343428.0,-0.0034252511543511055,0.14028709809800421,0.013531632138261918,0.9955548668760456,0.9952152782693976,True,HOT_LEVERAGE_MOMENTUM
2019-04-12,10820.94,10836.44,10782.02,10805.3,128860121.0,129030084.0,-0.009253435195695658,0.12070038458506716,0.0170066941881184,0.9956237698803071,0.9952152782693976,True,HOT_LEVERAGE_MOMENTUM
2019-04-15,10849.84,10897.21,10849.55,10875.6,129445534.0,128860191.0,-0.004019418489324966,0.1180365585495009,0.02431537170035436,0.9956896882200269,0.9952152782693976,True,HOT_LEVERAGE_MOMENTUM
2019-04-16,10905.63,10927.85,10876.34,10927.85,129466633.0,129445528.0,0.00363510456665761,0.14378164858375553,0.016675362332042365,0.9957277222729458,0.9952152782693976,True,HOT_LEVERAGE_MOMENTUM
2019-04-17,10961.61,11016.92,10961.61,10997.26,130416761.0,129466618.0,0.016238923701177077,0.15853070133854175,0.026755348662599765,0.9959265414738625,0.9952152782693976,True,HOT_LEVERAGE_MOMENTUM
2019-04-18,11038.24,11077.99,10926.85,10962.02,130100581.0,130416758.0,0.006287218192817079,0.16834621012927253,0.031278620132856316,0.9959933778493308,0.9952152782693976,True,HOT_LEVERAGE_MOMENTUM
2019-04-19,11017.69,11045.08,10950.43,10968.5,130674861.0,130100500.0,0.0037813964810682332,0.1437077046599169,0.036551966718551654,0.9961115228095782,0.9952152782693976,True,HOT_LEVERAGE_MOMENTUM
2019-04-22,10994.52,11027.49,10974.82,10987.71,131980219.0,130674861.0,0.0012474918033682503,0.14890940649964435,0.04714375709605734,0.9973300654134707,0.9952152782693976,True,HOT_LEVERAGE_MOMENTUM
2019-04-23,10994.28,11025.68,10949.3,11025.68,131904575.0,131980149.0,0.006425206452773002,0.1321964488704921,0.055740120470096466,0.9974178953724375,0.9952152782693976,True,HOT_LEVERAGE_MOMENTUM
2019-04-24,11054.02,11070.85,10995.83,11027.64,132503286.0,131904747.0,0.005676952666526125,0.1344503322295021,0.057647402079704646,0.9974556169649662,0.9952152782693976,True,HOT_LEVERAGE_MOMENTUM
2019-04-25,11017.73,11046.77,11006.68,11039.86,132786844.0,132503286.0,0.007787631623389579,0.1312027378732301,0.06633853806546841,0.9974774647830028,0.9952152782693976,True,HOT_LEVERAGE_MOMENTUM
2019-04-26,10986.53,10986.53,10906.44,10952.47,132316669.0,132786903.0,0.013137288457002017,0.12816458629903327,0.05857314588170004,0.997470854646845,0.9952152782693976,True,HOT_LEVERAGE_MOMENTUM
2019-04-29,10952.91,10992.55,10905.78,10939.06,131013850.0,132316614.0,0.008404399380893324,0.1155430734526881,0.05206101135352559,0.9975924637900725,0.9952152782693976,True,HOT_LEVERAGE_MOMENTUM
2019-04-30,10945.94,10978.1,10910.78,10967.73,131269926.0,131013854.0,-0.00031810500564199984,0.12330432484859899,0.05588076975078704,0.9976060025624859,0.9952152782693976,True,HOT_LEVERAGE_MOMENTUM
2019-05-02,10992.76,11046.64,10988.7,11004.49,131702982.0,131269926.0,0.020883390324861084,0.12415173942579294,0.062046153884116384,0.9976126156788481,0.9952152782693976,True,HOT_LEVERAGE_MOMENTUM
2019-05-03,11037.99,11097.0,11018.86,11096.3,132380355.0,131703036.0,0.03731561643169701,0.12812447260386772,0.07546903785912207,0.9975979201449711,0.9952152782693976,True,HOT_LEVERAGE_MOMENTUM
2019-05-06,11005.36,11005.36,10870.4,10897.12,130544088.0,132380085.0,0.03002221276997985,0.10189900297288013,0.06371942662250074,0.9975686504282939,0.9952152782693976,True,HOT_LEVERAGE_MOMENTUM
2019-05-07,10913.95,11004.76,10913.95,10987.14,130428483.0,130544088.0,0.04045181946539622,0.11041107021363028,0.06344353888121335,0.9976982006421191,0.9952152782693976,True,HOT_LEVERAGE_MOMENTUM
2019-05-08,10938.47,10946.82,10867.06,10923.71,130057325.0,130428483.0,0.04148607342461985,0.10941156158596033,0.06396904743540888,0.9976944353420857,0.9952152782693976,True,HOT_LEVERAGE_MOMENTUM
2019-05-09,10910.47,10910.47,10732.97,10733.67,128994871.0,130057325.0,0.017078807553563058,0.0867206230156159,0.055331081527232095,0.9976584564345216,0.9952152782693976,True,HOT_LEVERAGE_MOMENTUM
2019-05-10,10751.55,10834.69,10669.39,10712.99,127689677.0,128994855.0,0.005170821964593397,0.07456460182494595,0.05549242524593834,0.9976542916307868,0.9952152782693976,True,HOT_LEVERAGE_MOMENTUM
2019-05-13,10684.04,10693.44,10549.06,10558.29,126445334.0,127689589.0,-0.005699320356989057,0.05442345353643607,0.048698529954879444,0.9976306335896413,0.9952152782693976,True,HOT_LEVERAGE_MOMENTUM
2019-05-14,10480.21,10544.97,10363.02,10519.25,125360107.0,126445131.0,0.0004822059352227459,0.059170787356304544,0.04433797397156436,0.9976191864353641,0.9952152782693976,True,HOT_LEVERAGE_MOMENTUM
2019-05-15,10535.24,10612.5,10535.24,10560.71,125546207.0,125360107.0,0.0029764363869821953,0.06327361547120192,0.06359562077471126,0.9975240395446789,0.9952152782693976,True,HOT_LEVERAGE_MOMENTUM
2019-05-16,10556.58,10573.93,10474.61,10474.61,125519463.0,125546207.0,-0.012286761509527122,0.047016018192268305,0.063771041592668,0.9974981932632513,0.9952152782693976,True,HOT_LEVERAGE_MOMENTUM
2019-05-17,10508.56,10564.97,10384.11,10384.11,125364160.0,125519455.0,-0.028739975569103238,0.02835981120527964,0.05281111100109692,0.9974152505672781,0.9952152782693976,True,HOT_LEVERAGE_MOMENTUM
2019-05-20,10405.36,10465.84,10385.18,10398.41,124751657.0,125364156.0,-0.028490145608617956,0.030506670577905348,0.04092694318536827,0.9973212814747492,0.9952152782693976,True,HOT_LEVERAGE_MOMENTUM
2019-05-21,10362.35,10477.2,10342.32,10464.5,124666739.0,124751634.0,-0.02748180565249181,0.03721772502951226,0.039608025416833614,0.9973012161850173,0.9952152782693976,True,HOT_LEVERAGE_MOMENTUM
2019-05-22,10481.1,10520.62,10453.5,10457.22,124851732.0,124666736.0,-0.03699795008370954,0.03899141362255287,0.03878931080742398,0.9972355966790807,0.9952152782693976,True,HOT_LEVERAGE_MOMENTUM
2019-05-23,10404.0,10404.0,10289.69,10308.37,124641311.0,124851732.0,-0.058801777511575004,0.016075455778450598,0.033754508114190784,0.9972104666487053,0.9952152782693976,True,HOT_LEVERAGE_MOMENTUM
2019-05-24,10313.15,10370.97,10308.59,10328.28,124607938.0,124641281.0,-0.050249523436443844,0.01733801143784741,0.03220263759515363,0.9971605071923595,0.9952152782693976,True,HOT_LEVERAGE_MOMENTUM
2019-05-27,10344.18,10365.44,10305.28,10334.13,124510546.0,124607875.0,-0.05170326962799965,0.006003430531732468,0.027557704197086474,0.997081161294475,0.9952152782693976,True,HOT_LEVERAGE_MOMENTUM
2019-05-28,10348.58,10361.61,10312.31,10312.31,124189163.0,124510553.0,-0.048136343539345816,-0.0006996442667448477,0.021491876609036398,0.9969908249564493,0.9952152782693976,True,NORMAL
2019-05-29,10277.35,10307.75,10227.44,10301.78,124352051.0,124189162.0,-0.04884755014384845,-0.002047870176267952,0.019672315604589707,0.9969202558023817,0.9952152782693976,True,NORMAL
2019-05-30,10307.12,10384.36,10306.03,10382.99,124970860.0,124352056.0,-0.05318250624646648,-0.0007641279461992889,0.030697221335455493,0.996805640337156,0.9952152782693976,True,NORMAL
2019-05-31,10386.12,10515.1,10369.02,10498.49,124168776.0,124970792.0,-0.040245988336854444,0.010291053788895832,0.024851875378566257,0.996703561281807,0.9952152782693976,True,HOT_LEVERAGE_MOMENTUM
2019-06-03,10482.45,10511.2,10383.51,10500.07,124516719.0,124168779.0,-0.03546790517885989,0.010674577468652524,0.026860278527438552,0.9966239990243816,0.9952152782693976,True,HOT_LEVERAGE_MOMENTUM
2019-06-04,10499.51,10518.33,10421.81,10429.12,124624211.0,124516719.0,-0.046430762563168915,0.007656127414037872,0.01743867871527427,0.9964875616001796,0.9952152782693976,True,HOT_LEVERAGE_MOMENTUM
2019-06-05,10497.5,10541.29,10446.51,10461.62,124750138.0,124624211.0,-0.043928607331182534,0.015172834067262775,0.006740229342675708,0.9963344164103272,0.9952152782693976,True,HOT_LEVERAGE_MOMENTUM
2019-06-06,10409.9,10429.33,10371.08,10409.2,124629559.0,124750208.0,-0.05265581642134842,0.005025513775507751,0.004398941224538655,0.9962043042045137,0.9952152782693976,True,HOT_LEVERAGE_MOMENTUM
2019-06-10,10486.23,10566.47,10466.24,10566.47,123970914.0,124629557.0,-0.03626830060232844,0.024708873820754595,0.004983854672802046,0.996066164450912,0.9952152782693976,True,HOT_LEVERAGE_MOMENTUM
2019-06-11,10567.54,10637.9,10548.06,10607.76,123226975.0,123970844.0,-0.019721527339465084,0.03573705665535676,-0.003032343110792479,0.9958993975603206,0.9952152782693976,True,NORMAL
2019-06-12,10605.75,10630.69,10566.37,10615.66,123556399.0,123226939.0,-0.02384376586212722,0.035645855527848935,-0.008718691935224565,0.9957479942171236,0.9952152782693976,True,NORMAL
2019-06-13,10582.19,10617.06,10539.49,10561.01,124082780.0,123556469.0,-0.035443160521249295,0.021045446679164304,-0.007099590993090654,0.9955664803446284,0.9952152782693976,True,NORMAL
2019-06-14,10546.42,10568.92,10517.82,10524.67,123951396.0,124082725.0,-0.05264233313830502,0.014590314383437608,-0.012567464801374162,0.9953497076176805,0.9952152782693976,True,NORMAL
2019-06-17,10488.7,10562.97,10474.19,10530.54,124079252.0,123951486.0,-0.05131210411428355,0.017576205592033878,-0.013790515507077217,0.9951195746095872,0.9952152782693976,False,NORMAL
2019-06-18,10547.15,10573.77,10521.7,10566.74,123767752.0,124079242.0,-0.05669520069488643,0.01221353278591164,-0.021112093804362964,0.9948263560609664,0.9952152782693976,False,NORMAL
2019-06-19,10650.48,10778.64,10650.48,10775.34,122504469.0,123767752.0,-0.042340969182571575,0.02498311566010636,-0.03201625736157376,0.9944649373205818,0.9952152782693976,False,NORMAL
2019-06-20,10749.41,10799.14,10745.25,10785.01,122189072.0,122504543.0,-0.03329114536742073,0.025940039877020427,-0.03605485171186018,0.9942364559422929,0.9952152782693976,False,NORMAL
2019-06-21,10817.71,10840.29,10773.47,10803.77,122165289.0,122189072.0,-0.030985099419421736,0.02390262672059884,-0.04157026265007957,0.9940579817713897,0.9952152782693976,False,NORMAL
2019-06-24,10734.25,10786.33,10695.49,10779.45,122376185.0,122165289.0,-0.032781236793156254,0.016013874292500674,-0.04398932240744213,0.9937991826990364,0.9952152782693976,False,NORMAL
2019-06-25,10777.18,10787.62,10693.04,10706.72,122692176.0,122376185.0,-0.04175075918200766,0.006358638490018276,-0.04336539784034743,0.9935501159607157,0.9952152782693976,False,NORMAL
2019-06-26,10661.39,10690.98,10645.37,10652.55,123032151.0,122692176.0,-0.03281556712469069,0.016515132430235058,-0.036766918298656526,0.9932788764324063,0.9952152782693976,False,NORMAL
2019-06-27,10674.2,10800.29,10674.2,10773.9,122526188.0,123032151.0,-0.028281474493279335,0.020332979771194637,-0.044263042999680535,0.9929378705514735,0.9952152782693976,False,NORMAL
2019-06-28,10786.66,10788.08,10719.08,10730.83,122834550.0,122526188.0,-0.015898475723552186,0.017844574919138267,-0.04229042959624152,0.9926349074450216,0.9952152782693976,False,NORMAL
2019-07-01,10821.3,10914.85,10821.3,10895.46,121849745.0,122834550.0,-0.0029265774966507063,0.03409179348269675,-0.047896076822765754,0.9922533627965454,0.9952152782693976,False,NORMAL
2019-07-02,10878.01,10888.21,10843.64,10865.12,122489101.0,121849815.0,-0.00694173421795119,0.021058092066188916,-0.04237734551353234,0.9918755175466303,0.9952152782693976,False,NORMAL
2019-07-03,10793.1,10812.65,10720.66,10743.77,123194236.0,122489025.0,-0.014267914944840365,0.009503290070217663,-0.033153083812268,0.9914299472515754,0.9952152782693976,False,NORMAL
2019-07-04,10755.87,10791.28,10750.9,10775.9,124285598.0,123194315.0,-0.0009790051601730188,0.00800725891696219,-0.027002463879230443,0.9909854916486316,0.9952152782693976,False,NORMAL
2019-07-05,10785.85,10812.38,10756.67,10785.73,124489784.0,124285598.0,0.004055046606039614,0.0075996928360166915,-0.02580868818327131,0.990599407522104,0.9952152782693976,False,NORMAL
2019-07-08,10742.81,10781.11,10708.92,10751.22,125226760.0,124489714.0,0.004690202718803604,-0.004569203292048463,-0.022253456231776436,0.9900660150478875,0.9952152782693976,False,NORMAL
2019-07-09,10729.83,10733.57,10680.85,10702.78,125494017.0,125226760.0,0.004552161197190152,-0.013714106675513316,-0.016254585069912952,0.9894367843358256,0.9952152782693976,False,NORMAL
2019-07-10,10723.23,10810.16,10723.23,10798.48,125583255.0,125493992.0,-0.003546213819252908,-0.006409560421562488,-0.02150597453760872,0.988656784909255,0.9952152782693976,False,NORMAL
2019-07-11,10817.6,10856.51,10799.65,10843.42,125277428.0,125583255.0,0.006075372473774987,0.0032057301617112177,-0.02908357402913886,0.9879087251195376,0.9952152782693976,False,NORMAL
2019-07-12,10855.16,10867.59,10823.89,10824.35,125600635.0,125277424.0,0.010137442934305962,0.0017630237013317451,-0.0252947612861546,0.9869145072544246,0.9952152782693976,False,NORMAL
2019-07-15,10819.92,10880.56,10769.57,10876.43,125877592.0,125600635.0,0.01441539582181095,7.63176284526157e-05,-0.0275632684245406,0.9853950950954345,0.9952152782693976,False,NORMAL
2019-07-16,10865.0,10899.84,10865.0,10886.05,126377793.0,125877592.0,0.025842905215980982,-0.0038250891071894833,-0.023858193639746506,0.9837470518930526,0.9952152782693976,False,NORMAL
2019-07-17,10861.11,10861.11,10804.34,10828.48,126768617.0,126377719.0,0.020729466836717947,-0.015347459276219722,-0.027972968903897222,0.9817244171938031,0.9952152782693976,False,NORMAL
2019-07-18,10821.92,10835.43,10792.27,10799.28,127188180.0,126768617.0,0.0073692105056957224,-0.014845803966787141,-0.022385764749198178,0.9795484191898909,0.9952152782693976,False,NORMAL
2019-07-19,10861.99,10919.96,10861.99,10873.19,127119539.0,127188242.0,0.010811675121712883,-0.008689428818890454,-0.027207390716107227,0.9767698392465956,0.9952152782693976,False,NORMAL
2019-07-22,10910.5,10949.76,10909.15,10944.53,127715363.0,127119535.0,0.02507202505610273,-0.00392984525437956,-0.03231435765385415,0.9833919899788255,0.9952152782693976,False,NORMAL
2019-07-23,10963.86,10994.44,10932.53,10947.26,128379020.0,127715293.0,0.019451723630566242,-0.007112486486094305,-0.026728072168838768,0.9834472077047643,0.9952152782693976,False,NORMAL
2019-07-24,10969.74,10976.46,10912.92,10935.76,128700183.0,128379020.0,0.006555270632718768,-0.008331791752360318,-0.02870195234252526,0.9829384398443559,0.9952152782693976,False,NORMAL
2019-07-25,10892.25,10945.92,10879.4,10941.41,129482225.0,128700183.0,0.01145926258036778,-0.008917685550360321,-0.02488664464380219,0.9823271338568118,0.9952152782693976,False,NORMAL
2019-07-26,10898.25,10907.44,10879.24,10891.98,129917618.0,129482225.0,0.01048242924429843,-0.0055229550959737805,-0.01813113206469852,0.9815967354839998,0.9952152782693976,False,NORMAL
2019-07-29,10872.63,10905.74,10863.33,10885.73,130495176.0,129917611.0,0.003990791757590095,-0.004875190372847338,-0.003958924953354148,0.9823233025055512,0.9952152782693976,False,NORMAL
2019-07-30,10909.98,10927.16,10827.74,10830.9,129003243.0,130495176.0,-0.0004134603493370914,-0.012475690047074495,-0.017267344235419202,0.9814358927675291,0.9952152782693976,False,NORMAL
2019-07-31,10824.15,10835.8,10754.07,10823.81,129796712.0,129003501.0,-0.009906596256349487,-0.01641875270912152,-0.014474007885409867,0.9811764703312376,0.9952152782693976,False,NORMAL
2019-08-01,10773.06,10773.25,10714.73,10731.75,130799045.0,129796696.0,-0.01965307041543296,-0.03285329344015564,-0.0119452013858099,0.9808692499548225,0.9952152782693976,False,NORMAL
2019-08-02,10641.28,10641.28,10524.68,10549.04,129602895.0,130798961.0,-0.040594285423254495,-0.03194238477689515,-0.007209771154094713,0.9803597519514418,0.9952152782693976,False,NORMAL
2019-08-05,10528.87,10542.49,10418.25,10423.41,129421193.0,129602865.0,-0.049461096738128374,-0.051308165728296884,-0.007722929661000522,0.9822427351548741,0.9952152782693976,False,NORMAL
2019-08-06,10304.88,10425.6,10180.04,10394.75,128126758.0,129421193.0,-0.05593332249530236,-0.04842310899868263,-0.014843969764871012,0.982470654066008,0.9952152782693976,False,NORMAL
2019-08-07,10422.89,10461.37,10366.54,10386.18,128421288.0,128126758.0,-0.06226198064605837,-0.03237382926808818,-0.004446556638674437,0.9821779081755214,0.9952152782693976,False,NORMAL
2019-08-08,10383.62,10500.77,10383.62,10494.49,128672328.0,128421268.0,-0.04885558034864612,-0.02039579986539708,0.007695618182196551,0.9813537596536761,0.9952152782693976,False,NORMAL
2019-08-12,10491.79,10514.05,10440.77,10472.36,128748368.0,128672398.0,-0.05291878551319418,-0.008138628508972623,0.01821367327006307,0.9806302363525381,0.9952152782693976,False,NORMAL
2019-08-13,10436.62,10436.62,10361.89,10362.66,128854834.0,128748368.0,-0.06626972291728417,-0.014886042255864318,0.027877504922678487,0.9801436095351619,0.9952152782693976,False,NORMAL
2019-08-14,10444.5,10518.02,10427.73,10427.73,129080105.0,128854834.0,-0.045933263005534464,-0.012591956412021488,0.028148186109676843,0.9797708912414107,0.9952152782693976,False,NORMAL
2019-08-15,10374.75,10374.75,10287.76,10327.13,128677966.0,129080111.0,-0.06222968046107913,-0.014079760487502813,0.025163452141282683,0.9795333609569895,0.9952152782693976,False,NORMAL
2019-08-16,10345.42,10456.32,10318.37,10420.89,129026207.0,128677848.0,-0.05471739189593716,0.0035419501526849917,0.029211275375673473,0.9792120985251175,0.9952152782693976,False,NORMAL
2019-08-19,10449.39,10516.05,10449.39,10488.75,129607698.0,129040796.0,-0.04503962328742184,0.008687866702697722,0.03892566332806302,0.9786621908300638,0.9952152782693976,False,NORMAL
2019-08-20,10508.42,10538.12,10497.13,10522.5,129604558.0,129607594.0,-0.04990857994176201,0.005542548616751963,0.03960815081559166,0.979056945749881,0.9952152782693976,False,NORMAL
2019-08-21,10526.87,10545.25,10504.49,10525.8,130061551.0,129604687.0,-0.045544687329695965,0.00655814834152868,0.04172804747314207,0.979055226502529,0.9952152782693976,False,NORMAL
2019-08-22,10560.01,10596.41,10515.72,10529.78,130280535.0,130061601.0,-0.04132494755855953,0.02147866248495145,0.045243619107953714,0.9790589956406711,0.9952152782693976,False,NORMAL
2019-08-23,10526.15,10541.73,10503.07,10538.11,130083737.0,130280535.0,-0.019612202900384346,0.020316064243029786,0.0439442228792839,0.979406837042267,0.9952152782693976,False,NORMAL
2019-08-26,10453.4,10453.4,10340.15,10354.57,130071651.0,130083617.0,-0.043389691460732016,0.0019779120254923566,0.04466372671757468,0.979541569276199,0.9952152782693976,False,NORMAL
2019-08-27,10386.21,10431.78,10368.96,10387.23,130642650.0,130071511.0,-0.03074812793057602,0.007265103550998742,0.05196497700850111,0.9795453489175708,0.9952152782693976,False,NORMAL
2019-08-28,10397.6,10456.3,10397.6,10434.29,131054227.0,130642617.0,-0.02336319134398479,0.012862825647606657,0.05389678695367883,0.9798240558170842,0.9952152782693976,False,NORMAL
2019-08-29,10440.15,10466.99,10406.49,10462.43,131402403.0,130897155.0,-0.02137600365168313,0.007650975297096574,0.051464341367259525,0.9799585885247999,0.9952152782693976,False,NORMAL
2019-08-30,10504.28,10618.05,10504.28,10618.05,130833784.0,131402182.0,-0.007570765628724052,0.011388304413301187,0.05367700491788696,0.980169661799946,0.9952152782693976,False,NORMAL
2019-09-02,10613.19,10634.85,10589.42,10634.85,131530592.0,130834025.0,-0.014579974425974362,0.012836104902157919,0.05632876497492667,0.9805595744612591,0.9952152782693976,False,NORMAL
2019-09-03,10629.22,10650.15,10557.03,10558.21,132154602.0,131530592.0,-0.022767997630551262,0.01237784204228154,0.060424783752492495,0.9810866140538841,0.9952152782693976,False,NORMAL
2019-09-04,10566.32,10670.43,10566.32,10657.31,132678842.0,132154672.0,-0.018946657178916193,0.01870551597171355,0.06355667518379815,0.9814301352796957,0.9952152782693976,False,NORMAL
2019-09-05,10718.4,10766.6,10714.27,10756.93,131569160.0,132678960.0,-0.004849505289402201,0.0334060254390347,0.055681822640486045,0.9815329825820225,0.9952152782693976,False,NORMAL
2019-09-06,10783.46,10803.07,10753.45,10780.64,131919218.0,131725665.0,-0.011150950128460124,0.020268831501911277,0.06411426473793691,0.9816296717158264,0.9952152782693976,False,NORMAL
2019-09-09,10808.68,10829.44,10778.15,10801.14,131591872.0,131919201.0,-0.01714446906379241,0.01823005045363013,0.06788202826532097,0.9821523260571187,0.9952152782693976,False,NORMAL
2019-09-10,10791.95,10810.03,10732.78,10753.58,131708296.0,131591872.0,-0.03117147781400542,0.012992126725987818,0.06597713324422805,0.9825327897621302,0.9952152782693976,False,NORMAL
2019-09-11,10787.65,10815.59,10746.87,10790.35,131628692.0,131449056.0,-0.027348732394366193,0.021715726052716544,0.06081353109593457,0.9826933424415905,0.9952152782693976,False,NORMAL
2019-09-12,10830.25,10862.68,10804.02,10827.55,132059028.0,131621061.0,-0.02136580639446717,0.02877809945584975,0.06540976755114558,0.982927620804854,0.9952152782693976,False,NORMAL
2019-09-16,10822.69,10898.13,10822.69,10898.13,131860469.0,131798760.0,-0.006027788570459158,0.03490704180412374,0.06271166915158388,0.9831579689339877,0.9952152782693976,False,NORMAL
2019-09-17,10908.85,10912.23,10866.43,10874.5,132218739.0,131968288.0,-0.013326824771489498,0.02912534991870719,0.06828100909516399,0.9835554148975175,0.9952152782693976,False,NORMAL
2019-09-18,10887.42,10971.54,10878.34,10929.45,131865627.0,132218739.0,-0.00597355374606745,0.014302100908184956,0.07641482858882487,0.9837140504918739,0.9952152782693976,False,NORMAL
2019-09-19,10947.62,10954.18,10874.66,10894.7,131589999.0,131553318.0,-0.00270955576100973,0.010170597894670452,0.07693754315443191,0.9840483218882606,0.9952152782693976,False,NORMAL
2019-09-20,10908.1,10931.76,10903.45,10929.69,131569551.0,131571510.0,0.007624234926002504,0.011655190734345622,0.07697982034815154,0.9844121099329382,0.9952152782693976,False,NORMAL
2019-09-23,10924.81,10948.19,10905.92,10919.02,133103310.0,132100630.0,0.018014507076395292,0.012947784905537718,0.08765696528291023,0.984531149873924,0.9952152782693976,False,NORMAL
2019-09-24,10917.44,10947.53,10886.62,10918.01,133203290.0,133104294.0,0.01541158635826756,0.019734335071805553,0.0856706135850096,0.9850352387017689,0.9952152782693976,False,NORMAL
2019-09-25,10885.67,10885.67,10825.85,10873.69,133538252.0,133203273.0,0.014093636133874599,0.020759348700545965,0.08539313435233686,0.9856064078803031,0.9952152782693976,False,NORMAL
2019-09-26,10909.57,10934.91,10856.96,10871.99,133419320.0,132952867.0,0.013494630020983944,0.009104409730923857,0.08890452055849485,0.9859503321322904,0.9952152782693976,False,NORMAL
2019-09-27,10904.0,10921.17,10827.61,10829.68,132651055.0,133401615.0,-0.003538784005358675,0.0092117757899437,0.07991648115290029,0.9860214172300918,0.9952152782693976,False,NORMAL
2019-10-01,10855.6,10967.65,10855.6,10967.65,133218927.0,133180126.0,0.012840059804536175,0.006625695473160498,0.09330493059300204,0.9859260303825501,0.9952152782693976,False,NORMAL
2019-10-02,10945.92,10965.2,10927.39,10947.88,134260359.0,133219205.0,0.017441109420726963,0.007617035062658983,0.09610045223533814,0.9862895793386806,0.9952152782693976,False,NORMAL
2019-10-03,10866.5,10888.4,10809.28,10875.91,135733969.0,134260212.0,0.0017168220003738188,0.012299220850781278,0.10178830931667937,0.9866699009780369,0.9952152782693976,False,NORMAL
2019-10-04,10907.69,10941.49,10854.12,10894.48,136421668.0,135733934.0,0.005822879938992109,0.011004185265267807,0.09764663159121612,0.986918183828219,0.9952152782693976,False,NORMAL
2019-10-07,10932.24,10954.45,10919.43,10935.06,137148470.0,137020642.0,-0.0034039923772444247,0.013845145391178981,0.10168453662029009,0.9872734108264223,0.9952152782693976,False,NORMAL
2019-10-08,10986.01,11020.51,10986.01,11017.31,136410033.0,137148420.0,0.0035030991406201917,0.024749749330773563,0.08930417907482391,0.9871011952924463,0.9952152782693976,False,NORMAL
2019-10-09,10976.93,10989.39,10889.96,10889.96,137093776.0,136410033.0,-0.007675281729221162,0.017488914095216135,0.0924327651413055,0.9875900893711039,0.9952152782693976,False,NORMAL
2019-10-14,11004.74,11085.49,11004.74,11066.95,136214303.0,137093797.0,0.002968953770054794,0.02486183240604234,0.0846533879058955,0.987682288904916,0.9952152782693976,False,NORMAL
2019-10-15,11103.5,11126.45,11091.29,11111.8,137076570.0,136214303.0,0.009581750154910695,0.02475049384788197,0.09418410154461343,0.987757090706768,0.9952152782693976,False,NORMAL
2019-10-16,11166.17,11180.11,11113.18,11162.83,137769752.0,137081600.0,0.010046327295101243,0.03127023793576522,0.09688738436712518,0.9881050681230144,0.9952152782693976,False,NORMAL
2019-10-17,11156.14,11186.88,11131.45,11186.88,138683880.0,137764433.0,0.024474272479928283,0.02854337314725508,0.10173604210668419,0.9884851481923288,0.9952152782693976,False,NORMAL
2019-10-18,11190.21,11237.38,11154.86,11180.22,139116681.0,138678065.0,0.029112826469954722,0.027022657437729913,0.10080005116088708,0.9889206574768101,0.9952152782693976,False,NORMAL
2019-10-21,11166.24,11188.13,11147.86,11184.15,140080266.0,139116523.0,0.043403666977332556,0.032845791837820215,0.10500744833399889,0.9891870151720772,0.9952152782693976,False,NORMAL
2019-10-22,11221.19,11271.25,11218.25,11271.25,140568400.0,140080266.0,0.07170499148055742,0.04370383951522694,0.10520018448255186,0.9894759688524344,0.9952152782693976,False,NORMAL
2019-10-23,11266.18,11281.12,11209.1,11239.67,140614493.0,140568400.0,0.07495650793377528,0.033704920083250656,0.10615955742256111,0.9899023900745615,0.9952152782693976,False,NORMAL
2019-10-24,11266.84,11320.14,11254.59,11320.14,140732136.0,140526982.0,0.08152516091309403,0.03431942714762526,0.10192018167775174,0.9901637613032771,0.9952152782693976,False,NORMAL
2019-10-25,11336.64,11347.18,11281.37,11296.12,140689088.0,140729698.0,0.1519471023678094,0.03186733483995097,0.09588847149635504,0.990225791015478,0.9952152782693976,False,NORMAL
2019-10-28,11321.99,11341.03,11295.44,11315.02,140954603.0,140700201.0,0.12634222626149616,0.034680717206668765,0.0952168032270786,0.9904675876587249,0.9952152782693976,False,NORMAL
2019-10-29,11347.39,11373.95,11292.83,11333.87,140688756.0,140954603.0,0.14470585145922876,0.03586923440397549,0.08654879849338393,0.9905255652099003,0.9952152782693976,False,NORMAL
2019-10-30,11336.97,11380.28,11306.95,11380.28,141418328.0,140688756.0,0.14018294576750057,0.04483115099366697,0.08852309776800249,0.9906985850310257,0.9952152782693976,False,NORMAL
2019-10-31,11393.68,11428.42,11358.71,11358.71,140739443.0,141418320.0,0.13824537986239283,0.04344954357677433,0.07850303217338861,0.9905948961187331,0.9952152782693976,False,NORMAL
2019-11-01,11373.7,11399.53,11335.51,11399.53,141078964.0,140739447.0,0.14525208138054801,0.05250071554533786,0.09360788705133549,0.9903413011400208,0.9952152782693976,False,NORMAL
2019-11-04,11451.72,11559.07,11451.72,11556.85,141395891.0,141168404.0,0.16509195242387031,0.06772476604818456,0.08936419745363033,0.9906868379633832,0.9952152782693976,False,NORMAL
2019-11-05,11576.18,11644.03,11576.18,11644.03,140896818.0,141395612.0,0.1674055671186292,0.08500757099261547,0.0772006630476545,0.9907077627281842,0.9952152782693976,False,NORMAL
2019-11-06,11645.08,11668.2,11601.7,11653.07,141365906.0,140896818.0,0.19210553236762418,0.10465691664833954,0.0907619463284366,0.9904518078593965,0.9952152782693976,False,NORMAL
2019-11-07,11642.91,11647.47,11552.08,11606.56,141301935.0,141365914.0,0.18926983216181315,0.11350891886628278,0.09179904561689511,0.9905345528622391,0.9952152782693976,False,NORMAL
2019-11-08,11620.89,11642.41,11561.31,11579.54,141740475.0,141301935.0,0.2162373080385136,0.11397965319031256,0.10625194309528996,0.9904722808150623,0.9952152782693976,False,NORMAL
2019-11-11,11570.33,11570.33,11409.83,11427.28,140637625.0,141740475.0,0.20424314851230552,0.1002389714023828,0.09512703999667105,0.9903594198643322,0.9952152782693976,False,NORMAL
2019-11-12,11463.33,11520.37,11459.68,11520.37,141094907.0,140637625.0,0.2105908586512435,0.09775415479932814,0.09654429350186322,0.9905631789019498,0.9952152782693976,False,NORMAL
2019-11-13,11483.24,11509.37,11439.09,11467.83,141806669.0,141095003.0,0.20383136453389672,0.09505689262019246,0.10142498272288769,0.9907039547021246,0.9952152782693976,False,NORMAL
2019-11-14,11488.74,11498.25,11424.77,11450.42,140845884.0,141795631.0,0.16815630888388555,0.10496918744801054,0.0930585964667805,0.9912621753325122,0.9952152782693976,False,NORMAL
2019-11-15,11485.46,11552.25,11485.46,11525.6,140487539.0,140845716.0,0.17073686049606196,0.10528370028759859,0.08837484289310105,0.9912852092505129,0.9952152782693976,False,NORMAL
2019-11-18,11543.8,11599.78,11532.97,11599.78,140452228.0,140487539.0,0.17091552188997428,0.12323365736656755,0.09150177272774118,0.991552380818575,0.9952152782693976,False,NORMAL
2019-11-19,11608.48,11656.4,11576.79,11656.4,139997884.0,140452228.0,0.17862729415428613,0.11856089067248576,0.08503448450592677,0.9917886433787988,0.9952152782693976,False,NORMAL
2019-11-20,11645.73,11649.07,11591.73,11631.2,139921031.0,139997868.0,0.18384317477442624,0.10892146347276843,0.07957346021221667,0.9917928818352661,0.9952152782693976,False,NORMAL
2019-11-21,11573.84,11573.84,11478.43,11558.27,139881730.0,139921031.0,0.1665181387415664,0.09843383226419578,0.07929637783263765,0.9918432458484421,0.9952152782693976,False,NORMAL
2019-11-22,11556.75,11577.02,11534.15,11566.8,139928780.0,139881730.0,0.16304066942106377,0.09889984609245861,0.07586584139689379,0.9919091310349596,0.9952152782693976,False,NORMAL
2019-11-25,11590.81,11604.75,11559.33,11561.58,140170055.0,139936273.0,0.1761513976079372,0.09798875190174905,0.07590942115796495,0.9919533862625088,0.9952152782693976,False,NORMAL
2019-11-26,11608.37,11642.96,11576.82,11576.82,139902302.0,140169551.0,0.17755800150744427,0.09856701059298101,0.07547880485629044,0.992027831845689,0.9952152782693976,False,NORMAL
2019-11-27,11590.81,11651.73,11590.81,11647.46,140100799.0,139876020.0,0.1914536244455718,0.12486177600808146,0.07710479511019663,0.9921244709567882,0.9952152782693976,False,NORMAL
2019-11-28,11641.7,11654.06,11604.68,11617.08,140690744.0,140100799.0,0.18639934312920503,0.11840018946340858,0.07691281522534954,0.9921616550286206,0.9952152782693976,False,NORMAL
2019-11-29,11616.88,11623.59,11485.16,11489.57,141065035.0,140690731.0,0.16924813208418898,0.10113577445135213,0.07638676164180502,0.9923674767728495,0.9952152782693976,False,NORMAL
2019-12-02,11509.94,11524.85,11454.38,11502.83,140673459.0,141069092.0,0.1741068011011433,0.09944152553469898,0.0705546914541586,0.992391948054887,0.9952152782693976,False,NORMAL
2019-12-03,11473.32,11531.58,11460.06,11531.58,140975441.0,140673101.0,0.1732570668115485,0.08603557150324215,0.07751558267243874,0.9923550486742952,0.9952152782693976,False,NORMAL
2019-12-04,11511.82,11513.83,11457.43,11510.47,141397634.0,141001712.0,0.18128918441008257,0.08233496476207924,0.0750170880398684,0.9925145659578731,0.9952152782693976,False,NORMAL
2019-12-05,11546.75,11604.39,11546.75,11594.65,141020042.0,141117047.0,0.19023006676576126,0.09816436687658237,0.06708385380329007,0.9926016064791805,0.9952152782693976,False,NORMAL
2019-12-06,11639.8,11657.65,11577.83,11609.64,141326706.0,141018460.0,0.19505780409296825,0.08935932238060063,0.06517892280066784,0.9925926788573398,0.9952152782693976,False,NORMAL
2019-12-09,11635.47,11678.36,11631.03,11660.77,140938124.0,141326706.0,0.20620752433461265,0.08402397338274015,0.0712094232417384,0.9925319517807499,0.9952152782693976,False,NORMAL
2019-12-10,11647.78,11649.73,11607.26,11627.84,140960832.0,140938125.0,0.19072312746278675,0.07858531589961282,0.06853902059971273,0.9926118074237575,0.9952152782693976,False,NORMAL
2019-12-11,11635.07,11700.77,11622.58,11700.77,140999624.0,140960832.0,0.1965665911958947,0.08329028232205138,0.07149189275155221,0.9926315069485643,0.9952152782693976,False,NORMAL
2019-12-12,11766.98,11875.98,11766.98,11836.42,141122797.0,140955199.0,0.1974958292485769,0.10069576829297788,0.07147993927428842,0.9925919881162231,0.9952152782693976,False,NORMAL
2019-12-13,11937.9,11990.78,11913.02,11927.73,140344831.0,141120627.0,0.2066055257471653,0.10540714620007674,0.06621762221871808,0.9925500225347734,0.9952152782693976,False,NORMAL
2019-12-16,11915.61,11975.73,11915.61,11939.77,142748303.0,141443224.0,0.20749734780335416,0.10272129890880222,0.0809431597512591,0.9921832060145689,0.9952152782693976,False,NORMAL
2019-12-17,11939.62,12097.01,11939.62,12097.01,142560469.0,142749127.0,0.1932496668432322,0.11000786373442062,0.08114638208969205,0.9922307119905409,0.9952152782693976,False,NORMAL
2019-12-18,12061.1,12125.9,12059.92,12122.45,142709295.0,142563079.0,0.20220180611174254,0.11475929927812789,0.07934242966876281,0.9923621939680249,0.9952152782693976,False,NORMAL
2019-12-19,12082.98,12111.77,12008.16,12018.9,143051171.0,142709334.0,0.2119809534181596,0.0996802217860917,0.08482531994482545,0.9922442862676141,0.9952152782693976,False,NORMAL
2019-12-20,12001.56,12028.22,11937.45,11959.08,143413452.0,143051171.0,0.23484003667633147,0.09769704535232715,0.08985069602439921,0.9921498569768268,0.9952152782693976,False,NORMAL
2019-12-23,11969.14,12022.23,11960.21,12022.23,143392676.0,143413441.0,0.231674808009114,0.09996074911548258,0.0898621672730342,0.9920050169684586,0.9952152782693976,False,NORMAL
2019-12-24,12023.79,12027.6,11976.38,11976.38,143392176.0,143392676.0,0.24139210617421614,0.09683652928559505,0.07729985077005219,0.991492070432538,0.9952152782693976,False,NORMAL
2019-12-25,11978.94,12032.37,11973.95,12008.13,143810581.0,143392176.0,0.23705372595559493,0.09984603421319438,0.07963234992168733,0.9912927401270957,0.9952152782693976,False,NORMAL
2019-12-26,12018.38,12030.66,11982.64,12001.01,144426821.0,143810915.0,0.2225407351944948,0.10367409775338454,0.08153895110144171,0.9912187047008899,0.9952152782693976,False,NORMAL
2019-12-27,12032.72,12093.02,12032.72,12091.59,144353892.0,144426825.0,0.22648182935785033,0.11217817529265584,0.08195643629423377,0.9909377009487651,0.9952152782693976,False,NORMAL
2019-12-30,12094.81,12114.89,12046.22,12053.37,144925446.0,144353811.0,0.2331873020290236,0.11299410508897778,0.09253142389255786,0.990562775619399,0.9952152782693976,False,NORMAL
2019-12-31,12019.19,12047.75,11997.14,11997.14,145431752.0,144925446.0,0.22575767328427077,0.09386605152425531,0.09167484887488997,0.9902416347197772,0.9952152782693976,False,NORMAL
2020-01-02,12026.5,12110.74,12026.23,12100.48,145604286.0,145431752.0,0.24505649862843426,0.10528065707698664,0.0844920055665872,0.9898934936071033,0.9952152782693976,False,NORMAL
2020-01-03,12167.44,12197.64,12023.6,12110.43,144617307.0,145604279.0,0.23787897837212957,0.11350958218668605,0.06544668269444043,0.9887679576356241,0.9952152782693976,False,NORMAL
2020-01-06,12035.71,12040.08,11953.36,11953.36,145461073.0,144617307.0,0.235550704324349,0.09719417539891761,0.06626077171259914,0.9884156901028431,0.9952152782693976,False,NORMAL
2020-01-07,11961.97,11986.03,11822.4,11880.32,144594678.0,145461073.0,0.22772813374849,0.08644305563938381,0.0542930446107055,0.9876867605115218,0.9952152782693976,False,NORMAL
2020-01-08,11818.76,11899.67,11777.45,11817.1,143692800.0,144594678.0,0.22505743218026653,0.0725939453460056,0.053388792890329384,0.9873664938853768,0.9952152782693976,False,NORMAL
2020-01-09,11889.46,11992.55,11889.46,11970.63,143743601.0,143692800.0,0.24180524290174987,0.0992354425544264,0.048505666661337044,0.987031249119193,0.9952152782693976,False,NORMAL
2020-01-10,12009.27,12038.21,11959.06,12024.65,142894286.0,143743596.0,0.2621535012265024,0.08653694107229182,0.04904024652976413,0.9867963364777846,0.9952152782693976,False,NORMAL
2020-01-13,12069.61,12113.42,12037.24,12113.42,142462752.0,142894286.0,0.2779230698629285,0.09014021130689898,0.03929323588998468,0.9859792199281039,0.9952152782693976,False,NORMAL
2020-01-14,12161.73,12186.62,12140.27,12179.81,141942489.0,142462752.0,0.26326133945129215,0.09110413757084901,0.03028775866563227,0.9852164287340426,0.9952152782693976,False,NORMAL
2020-01-15,12169.92,12169.92,12048.01,12091.88,142497224.0,141942489.0,0.24307292485872378,0.08089833805314806,0.027496663635312224,0.9846262509380618,0.9952152782693976,False,NORMAL
2020-01-16,12006.08,12075.54,12006.08,12066.93,142946160.0,142497224.0,0.2630053568400714,0.07931060390582667,0.027527101512722307,0.9841373578511693,0.9952152782693976,False,NORMAL
2020-01-17,12080.72,12117.55,12055.91,12090.29,142473094.0,142946160.0,0.2736783665282405,0.08102001493184563,0.017081835067332074,0.9831705705670872,0.9952152782693976,False,NORMAL
2020-01-20,12107.56,12151.42,12101.55,12118.71,140672607.0,142473094.0,0.2916277200876949,0.07518775646001985,0.0007413259310058429,0.9818272068155941,0.9952152782693976,False,NORMAL
2020-01-30,11933.23,11933.23,11418.22,11421.74,136525670.0,140555113.0,0.19096795720676107,0.016198874166234445,-0.029078247289914816,0.9786250427888299,0.9952152782693976,False,NORMAL
2020-01-31,11494.03,11594.21,11436.95,11495.1,135246763.0,136524947.0,0.20196369567945127,0.01545563924121085,-0.038977401721522975,0.9785589531287541,0.9952152782693976,False,NORMAL
2020-02-03,11365.9,11365.9,11138.03,11354.92,132366131.0,135246689.0,0.16600518981219547,0.005205327138875893,-0.05915851128411609,0.9780818440260723,0.9952152782693976,False,NORMAL
2020-02-04,11399.46,11581.36,11393.03,11555.92,132106707.0,132373395.0,0.1887962685776421,0.021290284948678906,-0.06277124557613778,0.9791472867148256,0.9952152782693976,False,NORMAL
2020-02-05,11601.55,11620.42,11512.71,11573.62,131599854.0,132099808.0,0.18589462466954942,0.02115341008852223,-0.06460290259443335,0.9804315366733733,0.9952152782693976,False,NORMAL
2020-02-06,11605.11,11749.68,11605.11,11749.68,132425843.0,131600187.0,0.21028159642035327,0.03245965828608788,-0.06358783283026792,0.9822175441703218,0.9952152782693976,False,NORMAL
2020-02-07,11712.71,11712.71,11592.09,11612.81,132011388.0,132425843.0,0.18425072710288748,0.022370498058318367,-0.06201569946528773,0.9833813459090388,0.9952152782693976,False,NORMAL
2020-02-10,11514.72,11598.03,11423.34,11574.07,131943067.0,132011188.0,0.1854050826470406,0.015311157565268019,-0.06475732980290383,0.9842138886851748,0.9952152782693976,False,NORMAL
2020-02-11,11614.25,11678.58,11614.25,11664.04,132272619.0,131943059.0,0.1915273542646707,0.009275018711846217,-0.06452289338450434,0.9849832850386563,0.9952152782693976,False,NORMAL
2020-02-12,11693.4,11801.52,11693.4,11774.19,132112918.0,132272598.0,0.19704332832455274,0.011178260447628485,-0.06234278477460009,0.9857097509175461,0.9952152782693976,False,NORMAL
2020-02-13,11813.5,11854.98,11784.94,11791.78,132022032.0,132112833.0,0.19236556312819797,0.011903301018529877,-0.06609708284259153,0.9863682453257996,0.9952152782693976,False,NORMAL
2020-02-14,11806.52,11840.79,11788.87,11815.7,132634590.0,132022032.0,0.19414916732863996,0.01801912022166796,-0.06133918123626547,0.9868626754717756,0.9952152782693976,False,NORMAL
2020-02-17,11770.3,11775.56,11724.82,11763.51,133245455.0,132634590.0,0.1947016168345792,0.015887505030424354,-0.05993362164194804,0.987604675078892,0.9952152782693976,False,NORMAL
2020-02-18,11700.91,11717.1,11642.95,11648.98,134695869.0,133245455.0,0.17939034860364145,0.019400942306480484,-0.042248694117239305,0.9876113021191322,0.9952152782693976,False,NORMAL
2020-02-19,11655.37,11783.43,11654.16,11758.84,135306401.0,134695869.0,0.17946840448121826,0.020699855994208427,-0.04102561972701113,0.9881968477848256,0.9952152782693976,False,NORMAL
2020-02-20,11785.78,11827.83,11714.15,11725.09,135469063.0,135306401.0,0.17094812614784494,0.022433189190980363,-0.044691875528082514,0.9887675198219772,0.9952152782693976,False,NORMAL
2020-02-21,11721.16,11755.17,11661.63,11686.35,135057110.0,135469063.0,0.17668470003292525,0.02060448437699236,-0.041100057989625016,0.9890663021049054,0.9952152782693976,False,NORMAL
2020-02-24,11615.28,11615.28,11512.08,11534.87,135766107.0,135057110.0,0.1613540120778152,0.0008042965225238952,-0.033607478881098496,0.9892199874836496,0.9952152782693976,False,NORMAL
2020-02-25,11506.74,11567.09,11415.47,11540.23,136719169.0,135766883.0,0.15353274858185273,-0.0051337180532735616,-0.02657885213469169,0.9893742269035317,0.9952152782693976,False,NORMAL
2020-02-26,11468.6,11494.22,11408.06,11433.62,137491118.0,136719106.0,0.13229494916684348,-0.019112247349095668,-0.01790574206107287,0.9895819667594683,0.9952152782693976,False,NORMAL
2020-02-27,11436.96,11470.23,11274.52,11292.17,135384552.0,137491108.0,0.11908037000846328,-0.02914832519430499,-0.032421709356901474,0.9895140827174919,0.9952152782693976,False,NORMAL
2020-03-02,11184.66,11282.05,11049.85,11170.46,135502015.0,135383736.0,0.10719089385380709,-0.0335525991346457,-0.03131012892105356,0.9897500663610472,0.9952152782693976,False,NORMAL
2020-03-03,11279.86,11390.24,11279.86,11327.72,136118849.0,135502070.0,0.1254811332190071,-0.02066950236884879,-0.0272276439485859,0.9899411150343681,0.9952152782693976,False,NORMAL
2020-03-04,11368.25,11392.35,11297.81,11392.35,136136454.0,136118844.0,0.12292120079485236,-0.01463727276029747,-0.028776481538799414,0.9901359449318391,0.9952152782693976,False,NORMAL
2020-03-05,11454.65,11525.32,11454.65,11514.82,135199398.0,136136454.0,0.13421248076782888,-0.005355529411358195,-0.033615629855754614,0.9903214021361548,0.9952152782693976,False,NORMAL
2020-03-06,11471.36,11471.36,11310.32,11321.81,136548270.0,135199398.0,0.10215177279833654,-0.027958885456571658,-0.02535695031974805,0.9904617898892364,0.9952152782693976,False,NORMAL
2020-03-09,11221.76,11221.76,10977.64,10977.64,134381858.0,136590736.0,0.06377325323924632,-0.055043091723565696,-0.04484222501517232,0.9902278573176335,0.9952152782693976,False,NORMAL
2020-03-10,10907.62,11032.47,10830.22,11003.54,133333462.0,134380915.0,0.06593289495607846,-0.04230184419434313,-0.054808571096303216,0.9904173031784504,0.9952152782693976,False,NORMAL
2020-03-11,11022.82,11088.23,10885.91,10893.75,132879755.0,133333231.0,0.04839027882971014,-0.05295044784631264,-0.055402803452782146,0.9907021736026084,0.9952152782693976,False,NORMAL
2020-03-12,10845.39,10845.39,10359.67,10422.32,125554617.0,132879667.0,0.0029610597071658695,-0.09619323631280363,-0.10938659876226242,0.988006934300041,0.9952152782693976,False,NORMAL
2020-03-13,10091.03,10171.2,9636.15,10128.87,115134379.0,125553878.0,-0.025054937016142698,-0.1200298510834048,-0.18574041344991665,0.9841710378295555,0.9952152782693976,False,NORMAL
2020-03-16,10069.42,10130.8,9717.77,9717.77,112580100.0,115133183.0,-0.06107413805763917,-0.16187465770851206,-0.20167305013283143,0.986013917490812,0.9952152782693976,False,NORMAL
2020-03-17,9538.64,9677.07,9371.35,9439.63,107948645.0,112578043.0,-0.08399885107217098,-0.18691449519537218,-0.23617660062069235,0.9875500623428382,0.9952152782693976,False,NORMAL
2020-03-18,9453.98,9509.61,9218.67,9218.67,104665406.0,107945457.0,-0.10992213108818538,-0.20942870839575778,-0.2573662609557652,0.9892130176849181,0.9952152782693976,False,NORMAL
2020-03-19,9085.28,9085.28,8523.63,8681.34,92863637.0,104665009.0,-0.15810614759185704,-0.25340045958664725,-0.3412096418386634,0.9889468515465059,0.9952152782693976,False,NORMAL
2020-03-20,8816.86,9264.42,8816.86,9234.09,92221450.0,92860542.0,-0.09838748260795271,-0.21081347637805037,-0.34594541897501796,0.9901627561137433,0.9952152782693976,False,NORMAL
2020-03-23,9025.55,9029.52,8750.14,8890.03,91285808.0,92220848.0,-0.1327036919967064,-0.24892577316452102,-0.35314626736033305,0.9912474119626652,0.9952152782693976,False,NORMAL
2020-03-24,9083.78,9415.64,9083.78,9285.62,91572304.0,91279809.0,-0.1022601038543679,-0.22150987656494558,-0.3475192256991638,0.9918514493597046,0.9952152782693976,False,NORMAL
2020-03-25,9426.43,9722.37,9426.43,9644.75,90396752.0,91572274.0,-0.07023498744856993,-0.1922164329798648,-0.36674026870918386,0.992723052519088,0.9952152782693976,False,NORMAL
2020-03-26,9667.14,9739.73,9565.02,9736.36,90070898.0,90396732.0,-0.059166171432988746,-0.19514326267399962,-0.3681916268106553,0.9932998721878721,0.9952152782693976,False,NORMAL
2020-03-27,9807.9,9954.86,9691.14,9698.92,90597443.0,90070895.0,-0.07091703993777321,-0.19992080808747414,-0.3651608817771821,0.9937396097006413,0.9952152782693976,False,NORMAL
2020-03-30,9571.22,9655.7,9415.52,9629.43,91735682.0,90597443.0,-0.08401932900206421,-0.19880937523400644,-0.35872120893019466,0.9940497373110654,0.9952152782693976,False,NORMAL
2020-03-31,9689.62,9789.81,9630.3,9708.06,91898116.0,91735632.0,-0.07650642293994092,-0.18822685357067603,-0.35920853505429884,0.9943956254191079,0.9952152782693976,False,NORMAL
2020-04-01,9726.2,9736.0,9663.63,9663.63,91965082.0,91898116.0,-0.08415153778209106,-0.19618656438946858,-0.3586486802157176,0.9947222087810944,0.9952152782693976,False,NORMAL
2020-04-06,9707.75,9818.74,9651.52,9818.74,93198509.0,91965082.0,-0.07453756285610602,-0.1801579442202067,-0.3500446704986191,0.994903267667279,0.9952152782693976,False,NORMAL
2020-04-07,9928.16,10039.15,9928.16,9996.39,93311906.0,93198504.0,-0.0604075356210646,-0.16753149741050433,-0.3511471454245776,0.9951352715538071,0.9952152782693976,False,NORMAL
2020-04-08,10010.64,10149.76,9984.66,10137.47,94221085.0,93311901.0,-0.03263616133624958,-0.1552819304375216,-0.34762058496046244,0.9953199509232717,0.9952152782693976,True,DELEVERAGING_RISK
2020-04-09,10173.26,10246.84,10092.36,10119.43,95101888.0,94221101.0,-0.04164804151829693,-0.1631017922374146,-0.34118930440753203,0.9954717446431111,0.9952152782693976,True,DELEVERAGING_RISK
2020-04-10,10105.43,10165.12,10103.77,10157.61,95742704.0,95101888.0,-0.03652669619736881,-0.15728049499849417,-0.3393658143373939,0.9956633375218309,0.9952152782693976,True,DELEVERAGING_RISK
2020-04-13,10147.56,10179.4,10080.65,10099.22,96541380.0,95742704.0,-0.04147961420845736,-0.158197703786069,-0.33617398764473383,0.9957900356489249,0.9952152782693976,True,DELEVERAGING_RISK
2020-04-14,10130.65,10344.13,10130.65,10332.94,97271995.0,96541564.0,-0.028953936833241878,-0.14607189136298715,-0.3319427767394155,0.9959033845141333,0.9952152782693976,True,DELEVERAGING_RISK
2020-04-15,10366.77,10461.84,10366.77,10447.21,97879089.0,97272061.0,-0.018362002625290974,-0.1373378154202618,-0.3231855091866702,0.995971947201624,0.9952152782693976,True,DELEVERAGING_RISK
2020-04-16,10385.78,10425.29,10317.13,10375.48,99244539.0,97878953.0,-0.029449126778481438,-0.1320030518615687,-0.31772441277124364,0.9960516990644155,0.9952152782693976,True,DELEVERAGING_RISK
2020-04-17,10554.55,10710.15,10552.58,10597.04,98351065.0,99244391.0,-0.010027670916017417,-0.10801729246350256,-0.31981545683168233,0.9961594699733844,0.9952152782693976,True,DELEVERAGING_RISK
2020-04-20,10612.45,10637.64,10542.96,10586.71,99813355.0,98351065.0,-0.01980080680927032,-0.10411945401155964,-0.3053698236794049,0.9961756791458918,0.9952152782693976,True,DELEVERAGING_RISK
2020-04-21,10544.8,10544.8,10278.95,10288.42,100356304.0,99813359.0,-0.05189833757233964,-0.14052810921396774,-0.30183811104050473,0.9962391539019998,0.9952152782693976,True,DELEVERAGING_RISK
2020-04-22,10256.11,10310.85,10140.09,10307.74,102149786.0,100356304.0,-0.051563561014120185,-0.14278253421097498,-0.2851373637151593,0.9962451914295283,0.9952152782693976,True,DELEVERAGING_RISK
2020-04-23,10370.13,10462.7,10294.88,10366.51,103244771.0,102149783.0,-0.04091677406402394,-0.14421278218702893,-0.27528585858007293,0.9962635847404137,0.9952152782693976,True,DELEVERAGING_RISK
2020-04-24,10367.97,10386.93,10324.2,10347.36,104271364.0,103244765.0,-0.04238105374214496,-0.15044980176209632,-0.2653971003707002,0.9962782777241341,0.9952152782693976,True,DELEVERAGING_RISK
2020-04-27,10407.49,10578.96,10407.49,10567.27,104706462.0,104271364.0,-0.028350619735922566,-0.12608543915420922,-0.26520349617477457,0.9963069677538227,0.9952152782693976,True,DELEVERAGING_RISK
2020-04-28,10580.25,10620.52,10537.71,10616.06,104407728.0,104706471.0,-0.028531687385899396,-0.12023522138605269,-0.26960103020605797,0.9963419638535048,0.9952152782693976,True,DELEVERAGING_RISK
2020-04-29,10656.4,10794.83,10656.4,10772.22,104287235.0,104407728.0,-0.020463279034959703,-0.10901889036573986,-0.26802154658057753,0.9963642327051524,0.9952152782693976,True,DELEVERAGING_RISK
2020-04-30,10826.26,11012.78,10826.26,10992.14,104468367.0,104287230.0,0.0027476687690770607,-0.09296121451870698,-0.2573652452463613,0.9963557335627222,0.9952152782693976,True,DELEVERAGING_RISK
2020-05-04,10781.51,10781.51,10658.5,10720.48,106589473.0,104468347.0,-0.02261202534530704,-0.061396950026878616,-0.21927156262994352,0.9961124529569076,0.9952152782693976,True,DELEVERAGING_RISK
2020-05-05,10756.95,10833.53,10735.01,10774.61,108565552.0,106589473.0,-0.019394396102554445,-0.06267801063061651,-0.19727800065721346,0.9960220679278573,0.9952152782693976,True,DELEVERAGING_RISK
2020-05-06,10771.09,10828.73,10708.1,10774.98,108459553.0,108565552.0,-0.022737826601171185,-0.05107389572097387,-0.18060947932367988,0.9959594991343081,0.9952152782693976,True,DELEVERAGING_RISK
2020-05-07,10778.53,10890.87,10775.16,10842.92,109792992.0,108459553.0,-0.016750637489072906,-0.061699977154566654,-0.168906753538259,0.9959232580711879,0.9952152782693976,True,DELEVERAGING_RISK
2020-05-08,10883.22,10970.7,10883.22,10901.42,110189579.0,109793243.0,-0.012540014094381657,-0.058080358608629035,-0.16269223976494684,0.9958995381595426,0.9952152782693976,True,DELEVERAGING_RISK
2020-05-11,10942.18,11039.11,10942.18,11013.26,110800040.0,110189579.0,0.005550346177620291,-0.06267574946721954,-0.16330500535307146,0.9958910405073689,0.9952152782693976,True,DELEVERAGING_RISK
2020-05-12,10974.51,10974.51,10854.51,10879.47,112035510.0,110800080.0,-0.005447451609187692,-0.06314922917020083,-0.15131935435751953,0.9958878265798898,0.9952152782693976,True,DELEVERAGING_RISK
2020-05-13,10861.01,10938.27,10828.93,10938.27,112396868.0,112035510.0,-0.0026860617465965797,-0.05493313933646493,-0.14814116000501942,0.995858629935496,0.9952152782693976,True,DELEVERAGING_RISK
2020-05-14,10894.17,10894.17,10777.46,10780.88,111223644.0,112396868.0,-0.0203198876095122,-0.07571647559507699,-0.1591332745895052,0.9958367005666433,0.9952152782693976,True,DELEVERAGING_RISK
2020-05-15,10833.16,10904.01,10730.55,10814.92,111113214.0,111223644.0,-0.025358002216955167,-0.08147227112862965,-0.15895269227192454,0.9958516573045793,0.9952152782693976,True,DELEVERAGING_RISK
2020-05-18,10753.21,10812.87,10730.7,10740.55,111962890.0,111113160.0,-0.014368016503443215,-0.08914939050762494,-0.15193783716342135,0.9958126072341531,0.9952152782693976,True,DELEVERAGING_RISK
2020-05-19,10812.79,10924.79,10812.79,10860.44,112604279.0,111962755.0,-0.011531663381007196,-0.08084667010841506,-0.15101875762574457,0.9958227773928005,0.9952152782693976,True,DELEVERAGING_RISK
2020-05-20,10892.76,10933.98,10860.15,10907.8,113368374.0,112604574.0,-0.001456464882352182,-0.0727427442999582,-0.14917642781887008,0.9957937024016361,0.9952152782693976,True,DELEVERAGING_RISK
2020-05-21,10933.21,11021.66,10933.21,11008.31,114377222.0,113368374.0,0.02558677507320417,-0.05499794831822191,-0.1508483307680356,0.9957589076754249,0.9952152782693976,True,DELEVERAGING_RISK
2020-05-22,10977.55,10977.55,10804.56,10811.15,114660405.0,114376990.0,0.009162708076830173,-0.08059383408567511,-0.15258698662748404,0.995727783830696,0.9952152782693976,True,DELEVERAGING_RISK
2020-05-25,10812.94,10874.54,10719.25,10871.18,115848938.0,114660654.0,0.02963453362239532,-0.07282758597162153,-0.1448310379174912,0.9956755643476547,0.9952152782693976,True,DELEVERAGING_RISK
2020-05-26,10903.32,11046.22,10903.32,10997.21,115836834.0,115848938.0,0.04543669938446171,-0.05896965262892184,-0.1423122114785368,0.9956310402428328,0.9952152782693976,True,DELEVERAGING_RISK
2020-05-27,11023.93,11069.72,10972.25,11014.66,115689043.0,115836834.0,0.042984799317470124,-0.045098904452325894,-0.14787979447624577,0.9955904323437089,0.9952152782693976,True,DELEVERAGING_RISK
2020-05-28,11040.62,11087.53,10915.3,10944.19,280289200.0,272029777.0,0.04483030871793803,-0.05164888394772016,1.0501090084887803,0.811192181893057,0.9952152782693976,False,NORMAL
2020-05-29,10921.16,10965.03,10861.9,10942.16,116399048.0,115475470.0,0.05374076353197332,-0.04298376192317055,-0.1534067822475631,0.6563143348670477,0.9952152782693976,False,NORMAL
2020-06-01,10971.4,11109.29,10971.4,11079.02,116315043.0,116399048.0,0.06545327602970086,-0.018875911361589504,-0.14085439378637532,0.6543117099872109,0.9952152782693976,False,NORMAL
2020-06-02,11109.27,11170.49,11102.97,11127.93,116375040.0,116315578.0,0.06339815566916718,-0.003807363349405346,-0.14115638796958108,0.6522343070674494,0.9952152782693976,False,NORMAL
2020-06-03,11182.52,11330.52,11182.52,11320.16,117217907.0,116375035.0,0.08252097593815577,-0.0006673893775622775,-0.1388561697285583,0.6501062845549931,0.9952152782693976,False,NORMAL
2020-06-04,11373.94,11425.42,11341.58,11393.23,117647157.0,117217907.0,0.10524069275743875,7.72448177943641e-05,-0.13581444540930965,0.6478727865079017,0.9952152782693976,False,NORMAL
2020-06-05,11418.01,11482.36,11411.94,11479.4,118181406.0,117647157.0,0.11145321389427854,-0.0030760359258763526,-0.12587328236476314,0.6454766858161731,0.9952152782693976,False,NORMAL
2020-06-08,11539.0,11631.89,11528.44,11610.32,117848845.0,118181406.0,0.12349273717284381,0.025482674590016963,-0.13694369763893754,0.6429726461632884,0.9952152782693976,False,NORMAL
2020-06-09,11600.61,11640.45,11537.38,11637.11,117747826.0,117848845.0,0.12846782146774105,0.060073932101981864,-0.12378182775237412,0.6403636029927039,0.9952152782693976,False,NORMAL
2020-06-10,11635.99,11740.9,11621.02,11720.16,118253277.0,117747826.0,0.1376830023549327,0.0651263138953464,-0.11310127835726635,0.6377111493100989,0.9952152782693976,False,NORMAL
2020-06-11,11738.49,11771.12,11516.59,11535.77,116516653.0,118253277.0,0.11102582204162781,0.058934710269650026,-0.1231421746676159,0.6349609892826263,0.9952152782693976,False,NORMAL
2020-06-12,11406.54,11442.3,11244.64,11429.94,116855485.0,116516671.0,0.0887222829187817,0.09667905034579638,-0.06928564004938187,0.6317073557219335,0.9952152782693976,False,NORMAL
2020-06-15,11436.28,11469.84,11299.45,11306.26,117603294.0,116855485.0,0.07677948813674584,0.11624100220458944,0.021443768763454996,0.6285841012859904,0.9952152782693976,False,NORMAL
2020-06-16,11380.67,11542.25,11380.67,11511.64,118148449.0,117603294.0,0.10379782762112222,0.18459687767872657,0.04946121916750834,0.6276027497395223,0.9952152782693976,False,NORMAL
2020-06-17,11525.5,11550.32,11482.32,11534.59,119555907.0,118148449.0,0.1025625094392646,0.22193242743624486,0.10752577765103033,0.6276052179590459,0.9952152782693976,False,NORMAL
2020-06-18,11534.2,11567.42,11485.39,11548.33,120739638.0,119555907.0,0.10943492295277246,0.25271107437406903,0.15357731474332592,0.6297281022695168,0.9952152782693976,False,NORMAL
2020-06-19,11557.27,11584.88,11542.37,11549.86,122117711.0,120911220.0,0.09306703184696508,0.33042364427611415,0.31502184218780926,0.6349067704082766,0.9952152782693976,False,NORMAL
2020-06-22,11553.91,11632.88,11553.91,11572.93,122805591.0,122117617.0,0.09098716411381846,0.2532832146968462,0.3316380408245587,0.6479880525376149,0.9952152782693976,False,NORMAL
2020-06-23,11618.42,11679.4,11530.85,11612.36,123194289.0,122805591.0,0.09388959329895652,0.3062228136462981,0.34954481642973456,0.6613178699084443,0.9952152782693976,False,NORMAL
2020-06-24,11647.86,11701.23,11637.79,11660.67,123729395.0,123194289.0,0.10412451081856755,0.25577721250708074,0.3511661233291672,0.6740989672091966,0.9952152782693976,False,NORMAL
2020-06-29,11608.8,11608.8,11500.65,11542.62,124989116.0,123729272.0,0.09672037223019836,0.19677752144949334,0.3826726429285867,0.6866529800837385,0.9952152782693976,False,NORMAL
2020-06-30,11563.6,11638.0,11563.6,11621.24,125774758.0,124989092.0,0.10357493537843254,0.19359185568323256,0.39639729138705815,0.6995548491603086,0.9952152782693976,False,NORMAL
2020-07-01,11622.64,11736.39,11622.64,11703.42,125684607.0,125774758.0,0.10757149319468451,0.20667249549434374,0.3872864712086852,0.7114038733674756,0.9952152782693976,False,NORMAL
2020-07-02,11694.1,11805.21,11690.95,11805.14,126921751.0,125684607.0,0.09557007017875985,0.22594379937337927,0.383559245790531,0.7218749278460591,0.9952152782693976,False,NORMAL
2020-07-03,11857.9,11933.59,11857.9,11909.16,127145160.0,126921751.0,0.10423263399848492,0.22672913022787267,0.38354479432418387,0.731423669489813,0.9952152782693976,False,NORMAL
2020-07-06,11941.84,12116.7,11941.84,12116.7,128455971.0,127145160.0,0.1215251713059422,0.25384560460199745,0.39679069714742377,0.740680767871191,0.9952152782693976,False,NORMAL
2020-07-07,12176.79,12249.95,12028.57,12092.97,128914666.0,128455971.0,0.12185408346436954,0.23162136893328467,0.3832266994743445,0.7492619367747059,0.9952152782693976,False,NORMAL
2020-07-08,12086.13,12190.27,12083.84,12170.19,132556243.0,128914662.0,0.13668705261742176,0.21745850251940957,0.4205715935113361,0.7576320361376256,0.9952152782693976,False,NORMAL
2020-07-09,12222.9,12273.43,12181.34,12192.69,134325213.0,132556243.0,0.14457946688820988,0.20273500192848926,0.4256385712391233,0.7662005318657634,0.9952152782693976,False,NORMAL
2020-07-10,12250.44,12253.58,12030.2,12073.68,132684802.0,134325213.0,0.12064155041349944,0.19311858474242127,0.3951857822212741,0.7735269192680596,0.9952152782693976,False,NORMAL
2020-07-13,12109.61,12216.24,12109.61,12211.56,135268907.0,132684802.0,0.13798839418758835,0.20220799971646852,0.4128377552403366,0.7801970899970678,0.9952152782693976,False,NORMAL
2020-07-14,12202.89,12228.31,12143.91,12209.01,135373135.0,135268907.0,0.12055938895650131,0.20890623236249928,0.40222912703340263,0.7865665514422054,0.9952152782693976,False,NORMAL
2020-07-15,12233.99,12320.48,12162.52,12202.85,134816884.0,135373135.0,0.12312151177345476,0.18096592063826944,0.38597840005234807,0.792287850973542,0.9952152782693976,False,NORMAL
2020-07-16,12173.04,12220.93,12107.04,12157.74,136339367.0,134816884.0,0.13160836466156667,0.163730795111805,0.39293661590985995,0.7976185134548698,0.9952152782693976,False,NORMAL
2020-07-17,12195.72,12266.93,12144.62,12181.56,134843023.0,136339367.0,0.13044478883434318,0.17407194655090663,0.35869463809993607,0.8022680022401851,0.9952152782693976,False,NORMAL
2020-07-20,12205.25,12221.33,12065.8,12174.54,134744199.0,134843023.0,0.12876365345692897,0.14886232381872677,0.3700329427037725,0.8065404779536116,0.9952152782693976,False,NORMAL
2020-07-21,12242.32,12450.16,12242.32,12397.55,136527508.0,134743559.0,0.153129598315354,0.17104841825269612,0.3678280626876034,0.8107022933687293,0.9952152782693976,False,NORMAL
2020-07-22,12389.76,12486.95,12389.4,12473.27,137640389.0,136527738.0,0.16542337598268864,0.21236010971558317,0.3715171196420306,0.8146762862230658,0.9952152782693976,False,NORMAL
2020-07-23,12423.02,12429.76,12347.86,12413.04,139584119.0,137640381.0,0.14951733947740808,0.20424457737583612,0.3664651142783599,0.8184591578278203,0.9952152782693976,False,NORMAL
2020-07-24,12467.43,12502.84,12266.55,12304.04,138401929.0,139584119.0,0.13470104450440923,0.18690282457644858,0.3405224076675031,0.8217688281844626,0.9952152782693976,False,NORMAL
2020-07-27,12618.69,12686.36,12586.91,12588.3,139996553.0,138401299.0,0.16296128635899598,0.2165711833743098,0.34261745151813683,0.8247977352813455,0.9952152782693976,False,NORMAL
2020-07-28,12951.72,13031.7,12533.19,12586.73,138876739.0,139996783.0,0.15724828827105952,0.191105176644488,0.32634353551168593,0.8275648449741281,0.9952152782693976,False,NORMAL
2020-07-29,12530.74,12660.87,12488.01,12540.97,140337101.0,138876699.0,0.15202208330845446,0.1813205652567902,0.3441256091694669,0.8302642517463212,0.9952152782693976,False,NORMAL
2020-07-30,12691.86,12769.47,12616.83,12722.92,142552031.0,140337101.0,0.17494976210880941,0.1810861642261299,0.3669173509106842,0.8331713831933368,0.9952152782693976,False,NORMAL
2020-07-31,12653.46,12733.48,12635.71,12664.8,144918278.0,142552031.0,0.17274484965664372,0.15216873147539967,0.3871976959302905,0.8363237944687574,0.9952152782693976,False,NORMAL
2020-08-03,12642.73,12673.02,12506.59,12513.03,146889872.0,144918278.0,0.15081498621839584,0.16720799814933662,0.3780898607126053,0.8393518301121162,0.9952152782693976,False,NORMAL
2020-08-04,12577.88,12709.92,12577.88,12709.92,147657104.0,146889832.0,0.16130340910025365,0.17961763813260978,0.36007325785991484,0.842032908068651,0.9952152782693976,False,NORMAL
2020-08-05,12762.34,12816.39,12739.99,12802.3,149662998.0,147657104.0,0.16945244746173915,0.18815069726347522,0.37989687270793016,0.8445748363567033,0.9952152782693976,False,NORMAL
2020-08-06,12894.24,12971.87,12851.2,12913.5,149767249.0,149662998.0,0.18085071362209848,0.19096147532214558,0.3640875093375724,0.8469942021373901,0.9952152782693976,False,NORMAL
2020-08-07,12901.43,12912.63,12791.18,12828.87,149892177.0,149766902.0,0.1725061029611359,0.17680724162540296,0.360311731475079,0.8491942076183208,0.9952152782693976,False,NORMAL
2020-08-10,12786.8,12933.16,12786.8,12894.0,150554484.0,149892177.0,0.18380680096731727,0.17077050755180578,0.3587944914099308,0.8512626355380205,0.9952152782693976,False,NORMAL
2020-08-11,12856.46,12906.01,12780.19,12780.19,148852757.0,150554289.0,0.1740315073035985,0.17470703995690973,0.3286212291085211,0.8530124048856551,0.9952152782693976,False,NORMAL
2020-08-12,12713.63,12730.96,12625.54,12670.35,150148629.0,148851344.0,0.16983353183945948,0.15835045212817023,0.3358791189804329,0.8546236865381659,0.9952152782693976,False,NORMAL
2020-08-13,12758.87,12812.8,12717.13,12763.13,149112303.0,150148282.0,0.17917165951730496,0.1838671796736444,0.34065291908616113,0.8562235534918725,0.9952152782693976,False,NORMAL
2020-08-14,12709.97,12801.31,12679.19,12795.46,150003594.0,149112286.0,0.19229948517250217,0.18313034215694612,0.3500067957713833,0.8578188036737605,0.9952152782693976,False,NORMAL
2020-08-17,12813.94,12956.11,12800.69,12956.11,150800300.0,150003378.0,0.22817905705163688,0.20627993910926357,0.3468775234365602,0.8593686248686254,0.9952152782693976,False,NORMAL
2020-08-18,12974.96,12981.58,12840.25,12872.14,150233670.0,150800219.0,0.2349259983057368,0.18523190588963234,0.3341737217641614,0.860774820837996,0.9952152782693976,False,NORMAL
2020-08-19,12904.84,12950.11,12778.64,12778.64,149695268.0,150233670.0,0.22933596286586977,0.17151396248556083,0.3204323456204814,0.8620350384698781,0.9952152782693976,False,NORMAL
2020-08-20,12764.75,12764.75,12144.76,12362.64,144190310.0,149695150.0,0.19029710634708796,0.12302796705398023,0.26065581484397304,0.8628149766474524,0.9952152782693976,False,NORMAL
2020-08-21,12462.52,12638.65,12462.52,12607.84,145278094.0,144190309.0,0.20137710360389116,0.16618861083233516,0.2670293114698139,0.8635580287769796,0.9952152782693976,False,NORMAL
2020-08-24,12629.78,12702.94,12567.95,12647.13,145873807.0,145278213.0,0.20766761264891564,0.16336313077329212,0.25917258732229387,0.8642637548886782,0.9952152782693976,False,NORMAL
2020-08-25,12706.4,12814.56,12698.85,12758.25,146919649.0,145873575.0,0.23117520018991256,0.1601351615546125,0.26833273948077685,0.8649604471744998,0.9952152782693976,False,NORMAL
2020-08-26,12768.96,12833.29,12734.69,12833.29,148138734.0,146919649.0,0.23068875009230205,0.16510995346202262,0.28049061655735197,0.8657041360935782,0.9952152782693976,False,NORMAL
2020-08-27,12888.65,12960.68,12786.45,12797.31,149297381.0,148138190.0,0.23919327054079886,0.1693245457178647,-0.4673452241470596,0.8426168307861474,0.9952152782693976,False,NORMAL
2020-08-28,12759.3,12799.16,12674.57,12728.85,149678563.0,149297381.0,0.22147436543327892,0.16328494556833384,0.2859088246151291,0.8196542487652722,0.9952152782693976,False,NORMAL
2020-08-31,12763.44,12831.38,12591.45,12591.45,152199564.0,149678563.0,0.20047193421523057,0.13651297677953478,0.3085114364785988,0.820775542445793,0.9952152782693976,False,NORMAL
2020-09-01,12617.39,12703.28,12565.83,12703.28,152303884.0,152199562.0,0.20724922784509392,0.14156720971465497,0.3087332472667679,0.8219722291157062,0.9952152782693976,False,NORMAL
2020-09-02,12772.43,12802.61,12646.47,12699.5,153616033.0,152303884.0,0.20651161906933457,0.12184810108691035,0.31051677112781073,0.8231368193712091,0.9952152782693976,False,NORMAL
2020-09-03,12774.97,12857.79,12732.32,12757.97,153651017.0,153616033.0,0.2116084096723767,0.11978517066714178,0.3060325546158331,0.8242405745771693,0.9952152782693976,False,NORMAL
2020-09-04,12645.92,12655.67,12559.78,12637.95,154837447.0,153651017.0,0.19926153741040853,0.10092426433437307,0.31016758253832255,0.8253067010671109,0.9952152782693976,False,NORMAL
2020-09-07,12645.93,12725.05,12575.36,12601.4,155589696.0,154837447.0,0.21698921345840527,0.08536198830006403,0.3202479498208064,0.8263947035431405,0.9952152782693976,False,NORMAL
2020-09-08,12637.42,12702.55,12614.72,12663.56,156542294.0,155589970.0,0.21914697181057896,0.08820488935826831,0.3294707793585929,0.8274712446357966,0.9952152782693976,False,NORMAL
2020-09-09,12592.18,12616.57,12480.5,12608.58,157136480.0,156542294.0,0.20837929557257828,0.07580271941679984,0.32881290046617484,0.8285169818647533,0.9952152782693976,False,NORMAL
2020-09-10,12665.74,12708.64,12650.4,12691.75,156938915.0,157136480.0,0.2130786060217369,0.10020830859145069,0.3469226154307745,0.8296139689470085,0.9952152782693976,False,NORMAL
2020-09-11,12697.46,12701.79,12616.68,12675.95,155344253.0,156938594.0,0.19381148139253446,0.1090128207147194,0.3293706581252904,0.8304646011044494,0.9952152782693976,False,NORMAL
2020-09-14,12680.41,12793.07,12680.41,12787.82,156205788.0,155344253.0,0.2024447923572028,0.13103891118725364,0.328243305838015,0.8306811088481292,0.9952152782693976,False,NORMAL
2020-09-15,12787.42,12857.73,12773.23,12845.65,155648092.0,156202534.0,0.21665036024098794,0.11588357523341597,0.3173942892809367,0.8306373067070784,0.9952152782693976,False,NORMAL
2020-09-16,12989.81,13021.68,12948.72,12976.76,155725906.0,155648092.0,0.2176393480155876,0.1250300184055091,0.3025362770239366,0.8301654771533834,0.9952152782693976,False,NORMAL
2020-09-17,12920.15,12972.52,12851.52,12872.74,156789420.0,155725906.0,0.19669273668230614,0.1146841144996722,0.29857454103017944,0.8293378839438963,0.9952152782693976,False,NORMAL
2020-09-18,12858.6,12927.81,12841.09,12875.62,157318117.0,156789269.0,0.19432798052805778,0.11478580692752982,0.28824980186534943,0.8275476694573727,0.9952152782693976,False,NORMAL
2020-09-21,12874.61,12952.31,12795.09,12795.12,157006281.0,157318117.0,0.1846082913470246,0.10560765510549186,0.2784945678898283,0.8254875733605143,0.9952152782693976,False,NORMAL
2020-09-22,12786.91,12786.91,12632.74,12645.51,156169362.0,157006161.0,0.17593489795956319,0.08896985625660925,0.26766722116477326,0.8231984056193067,0.9952152782693976,False,NORMAL
2020-09-23,12656.3,12700.89,12548.07,12583.88,156610875.0,156169363.0,0.16621610976474344,0.0791729806263275,0.2657531785393439,0.8206558045638942,0.9952152782693976,False,NORMAL
2020-09-24,12487.48,12487.48,12264.38,12264.38,155774125.0,156610875.0,0.132701303619009,0.06252999752222621,0.24630151796577238,0.8176780884152905,0.9952152782693976,False,NORMAL
2020-09-25,12312.94,12385.81,12149.81,12232.91,151866371.0,155774125.0,0.1224778929963215,0.052633798114486874,0.20744713339062826,0.8143125560282124,0.9952152782693976,False,NORMAL
2020-09-28,12282.36,12462.76,12282.36,12462.76,152002689.0,151866371.0,0.14605361166030617,0.06488188922554272,0.20939781432423143,0.8108036924249703,0.9952152782693976,False,NORMAL
2020-09-29,12488.1,12571.34,12429.72,12467.73,152143823.0,152002677.0,0.1407463321576108,0.05612724626730392,0.19872143112806562,0.8070946381718332,0.9952152782693976,False,NORMAL
2020-09-30,12483.65,12568.68,12466.58,12515.61,151853634.0,152143823.0,0.14877968186365842,0.05092298701167852,0.19433279253413982,0.8031221181390746,0.9952152782693976,False,NORMAL
2020-10-05,12567.88,12637.62,12519.12,12548.28,153146180.0,151853642.0,0.14809111694842225,0.03561860902721037,0.19220756192018507,0.798959170803184,0.9952152782693976,False,NORMAL
2020-10-06,12644.09,12706.39,12644.09,12704.23,153347824.0,153146117.0,0.16349544189863185,0.050546722599989824,0.18952970021269722,0.7945878570811807,0.9952152782693976,False,NORMAL
2020-10-07,12667.51,12774.36,12619.81,12746.37,153914809.0,153347709.0,0.16746275191174953,0.04734355010069691,0.16112832950463152,0.7898580560121853,0.9952152782693976,False,NORMAL
2020-10-08,12832.54,12887.19,12818.01,12887.19,153333914.0,153914809.0,0.1851717310315082,0.05696035903479868,0.1415125319771502,0.784900762873098,0.9952152782693976,False,NORMAL
2020-10-12,12959.15,12997.79,12898.89,12955.91,152335805.0,153333846.0,0.1916778804984185,0.07307051371247208,0.14810289274878663,0.7797286826956187,0.9952152782693976,False,NORMAL
2020-10-13,12988.44,12994.66,12857.1,12947.13,153054773.0,152335805.0,0.19552285940120107,0.06023554730108183,0.13148524959989505,0.774245199092052,0.9952152782693976,False,NORMAL
2020-10-14,12927.09,12960.0,12895.79,12919.31,154063591.0,153054773.0,0.1779469622024772,0.05817834533676347,0.13806621232491967,0.768501021763228,0.9952152782693976,False,NORMAL
2020-10-15,12892.29,12909.11,12786.26,12827.82,256269364.0,251459915.0,0.1717172639817024,0.051215085000634986,0.9008699533509468,0.7379222336321176,0.9952152782693976,False,NORMAL
2020-10-16,12814.16,12896.3,12750.37,12750.37,153543442.0,154744836.0,0.1723497160237626,0.048745079266376834,0.1261856746041663,0.705440549186614,0.9952152782693976,False,NORMAL
2020-10-19,12803.32,12911.41,12803.32,12908.34,153414517.0,153543433.0,0.18485141098978564,0.059662309260883006,0.13772676989005217,0.6978189808970849,0.9952152782693976,False,NORMAL
2020-10-20,12889.99,12917.75,12862.37,12862.37,154053376.0,153414517.0,0.17625051897291844,0.056497411811863074,0.1433024734519368,0.689871999963335,0.9952152782693976,False,NORMAL
2020-10-21,12889.88,12942.12,12846.42,12877.25,154875928.0,154053374.0,0.1688197935793765,0.03869312888433618,0.13439357583528144,0.681692002999512,0.9952152782693976,False,NORMAL
2020-10-22,12854.97,12917.03,12827.4,12917.03,154886233.0,154875928.0,0.186141179581927,0.03557687759504935,0.12529639101790102,0.6733536369693265,0.9952152782693976,False,NORMAL
2020-10-23,12945.12,12963.26,12875.23,12898.82,155686389.0,154886233.0,0.16552618381758277,0.039134651946662435,0.11535889695302659,0.6649987232088721,0.9952152782693976,False,NORMAL
2020-10-26,12923.55,12971.58,12894.18,12909.03,156677041.0,155686400.0,0.1617406720783312,0.04917002870601839,0.1320437665287164,0.656474723716369,0.9952152782693976,False,NORMAL
2020-10-27,12867.77,12884.32,12821.07,12875.01,157637076.0,156676225.0,0.1533822516333223,0.02277591096494369,0.12600683818265157,0.6475821549350602,0.9952152782693976,False,NORMAL
2020-10-28,12853.76,12879.98,12761.33,12793.75,157068566.0,157637076.0,0.14363879830658788,0.016447480799222758,0.13099261352903735,0.6380127196800501,0.9952152782693976,False,NORMAL
2020-10-29,12687.64,12699.82,12583.37,12662.91,157736347.0,157068566.0,0.132617247245582,0.009723330810934128,0.1239817972298003,0.6277023535483892,0.9952152782693976,False,NORMAL
2020-10-30,12651.35,12656.29,12546.34,12546.34,156732639.0,157736342.0,0.12179647089854839,-0.0138788894373304,0.09947671668038183,0.6170345780370737,0.9952152782693976,False,NORMAL
2020-11-02,12565.32,12594.34,12480.66,12591.31,156550367.0,156732648.0,0.11711744482643893,-0.005802697239593146,0.08026654167116165,0.6071808991644847,0.9952152782693976,False,NORMAL
2020-11-03,12641.28,12760.14,12641.28,12736.01,156397243.0,156550367.0,0.13313024314770816,0.017819824614821567,0.0647244828424931,0.5984431414295753,0.9952152782693976,False,NORMAL
2020-11-04,12766.86,12885.28,12736.02,12867.9,156529292.0,156419074.0,0.13672622423397596,0.012429661240983325,0.06008642835091771,0.5903743549955067,0.9952152782693976,False,NORMAL
2020-11-05,12878.01,12918.8,12840.4,12918.8,155773740.0,156529360.0,0.1436493238386276,0.009099927356803095,0.040830011971295654,0.5828086916812486,0.9952152782693976,False,NORMAL
2020-11-06,12952.49,12999.16,12927.3,12973.53,155322345.0,155773740.0,0.14657596716576737,0.004648623533511476,0.0370915272670862,0.5756234856163022,0.9952152782693976,False,NORMAL
2020-11-09,13053.98,13149.9,13048.67,13127.47,155807094.0,155322285.0,0.15825132986349755,0.02327562754942547,0.039461145460579994,0.5683026807905912,0.9952152782693976,False,NORMAL
2020-11-10,13090.65,13142.22,13022.92,13081.72,155255338.0,155807094.0,0.14950774497639774,0.01455870947727611,0.031223606730969244,0.5610448594738174,0.9952152782693976,False,NORMAL
2020-11-11,13067.04,13262.19,13067.04,13262.19,156427064.0,155255338.0,0.1675788887998726,0.03771461926622366,0.05088455969948891,0.5537444558375714,0.9952152782693976,False,NORMAL
2020-11-12,13324.86,13324.86,13193.74,13221.78,156071770.0,156426917.0,0.15985308166213863,0.04352129183487441,0.03944851870742028,0.5458518557231758,0.9952152782693976,False,NORMAL
2020-11-13,13221.8,13273.33,13170.12,13273.33,156853069.0,156071497.0,0.1485249008163989,0.039974520356683696,0.05191232275448132,0.5372846159554259,0.9952152782693976,False,NORMAL
2020-11-16,13356.74,13551.83,13356.74,13551.83,157754775.0,156853102.0,0.16384361771654654,0.05911237266968139,0.051673301907686264,0.5283948709047231,0.9952152782693976,False,NORMAL
2020-11-17,13723.77,13780.12,13593.01,13593.01,156800962.0,157754775.0,0.16647458566712459,0.049158273586747736,0.039792109166891576,0.5195059290147661,0.9952152782693976,False,NORMAL
2020-11-18,13628.42,13773.29,13608.72,13773.29,157701135.0,156800929.0,0.18668149736011364,0.07000778425343435,0.04970566850959579,0.5103508271488736,0.9952152782693976,False,NORMAL
2020-11-19,13775.26,13785.92,13700.04,13722.43,158629237.0,157700979.0,0.18505830110695243,0.07385684235568113,0.059681038147445076,0.5004841493888278,0.9952152782693976,False,NORMAL
2020-11-20,13702.59,13726.22,13666.07,13716.44,159599827.0,158629239.0,0.20032413662743886,0.10950735441620885,0.10686929655675192,0.4890633172071432,0.9952152782693976,False,NORMAL
2020-11-23,13793.55,13921.16,13793.55,13878.01,160830511.0,159599860.0,0.204649677050303,0.10074445741697224,0.10705273294678541,0.4767999097342521,0.9952152782693976,False,NORMAL
2020-11-24,13918.84,13951.17,13798.32,13807.13,160439438.0,160830511.0,0.20398802563344587,0.0917204140386001,0.09985090058011581,0.46430709600406095,0.9952152782693976,False,NORMAL
2020-11-25,13860.95,13893.2,13731.81,13738.83,161199881.0,160439438.0,0.1998538044892677,0.07685850332138022,0.09719756409164848,0.45111198126498536,0.9952152782693976,False,NORMAL
2020-11-26,13763.79,13856.76,13763.79,13845.66,163100647.0,161199971.0,0.20129624488096054,0.0788862403950974,0.10099933080297552,0.5668711706109999,0.9952152782693976,False,NORMAL
2020-11-27,13833.21,13885.01,13811.81,13867.09,164350260.0,163100647.0,0.19546146564848632,0.08359413032895202,0.10082480281419004,0.7021194523692973,0.9952152782693976,False,NORMAL
2020-11-30,13917.65,13969.39,13722.89,13722.89,166873754.0,164350275.0,0.17728372396280156,0.07809346484560664,0.1148807862352339,0.6928841428564988,0.9952152782693976,False,NORMAL
2020-12-01,13810.55,13885.67,13749.71,13885.67,168377017.0,166873754.0,0.19382952747781812,0.10278562040114525,0.1062910600716307,0.6832932120188348,0.9952152782693976,False,NORMAL
2020-12-02,13970.51,13995.7,13894.7,13989.14,169323847.0,168377003.0,0.21031434635114077,0.10122267634815563,0.11175002602034767,0.673102486165978,0.9952152782693976,False,NORMAL
2020-12-03,13988.49,14049.58,13940.07,13977.09,169976743.0,169323563.0,0.20838001867413647,0.10060159848812944,0.10650392202225412,0.6623125346414251,0.9952152782693976,False,NORMAL
2020-12-04,14010.17,14149.56,14010.17,14132.44,172790201.0,169976900.0,0.2223623414792788,0.10773422417516265,0.12456269000809805,0.6509996105729677,0.9952152782693976,False,NORMAL
2020-12-07,14230.0,14306.87,14142.02,14256.6,173225512.0,171763752.0,0.23147807428983103,0.12807852539375442,0.1187572215654007,0.6386635659492803,0.9952152782693976,False,NORMAL
2020-12-08,14251.94,14367.0,14184.58,14360.4,174748765.0,174270489.0,0.23292116907892368,0.1395876648626344,0.1231384178551258,0.6253808796703424,0.9952152782693976,False,NORMAL
2020-12-09,14336.69,14427.41,14336.69,14390.14,176623280.0,174748765.0,0.23870542339383038,0.1363423871328442,0.1282783424650722,0.6118970788457042,0.9952152782693976,False,NORMAL
2020-12-10,14295.15,14319.38,14191.85,14249.49,176352340.0,176623285.0,0.24021090432453085,0.13014233165035227,0.1222877081120819,0.5973437785914528,0.9952152782693976,False,NORMAL
2020-12-11,14298.59,14353.17,14081.42,14261.69,174971927.0,176351849.0,0.23984184761489136,0.12369767762522899,0.11490465573818964,0.5842035240453372,0.9952152782693976,False,NORMAL
2020-12-14,14238.92,14270.34,14182.25,14211.05,177217096.0,174971927.0,0.23235931242726493,0.12110334925587418,0.14080239582471066,0.5769676253058617,0.9952152782693976,False,NORMAL
2020-12-15,14206.33,14256.55,14053.35,14068.52,176163466.0,177217096.0,0.22223679832361332,0.10014998647150186,0.12776529125796543,0.5724829426548298,0.9952152782693976,False,NORMAL
2020-12-16,14145.24,14339.5,14145.24,14304.46,177458467.0,176163466.0,0.2337120999771447,0.11356451405728785,0.1401261957004909,0.5706915361705599,0.9952152782693976,False,NORMAL
2020-12-17,14326.16,14338.4,14213.49,14258.93,178080205.0,177458609.0,0.2281974290331139,0.0988050946461212,0.14354900590528596,0.5706371215798378,0.9952152782693976,False,NORMAL
2020-12-18,14268.13,14329.12,14245.6,14249.96,179123809.0,178080454.0,0.222042798202863,0.10698732360010377,0.14244831698465377,0.5757444001828685,0.9952152782693976,False,NORMAL
2020-12-21,14273.79,14384.96,14166.89,14384.96,180799547.0,179124370.0,0.23711368577482994,0.11722464626946105,0.14926081272635616,0.5758180952371076,0.9952152782693976,False,NORMAL
2020-12-22,14348.11,14411.93,14175.69,14177.46,179199058.0,180799537.0,0.2116689756315182,0.10803650141616483,0.14134961263110224,0.5753143606160156,0.9952152782693976,False,NORMAL
2020-12-23,14180.7,14247.79,14134.87,14223.09,180885327.0,179289926.0,0.2016378263022096,0.12475416175385567,0.15826385331586357,0.5741565046330669,0.9952152782693976,False,NORMAL
2020-12-24,14256.29,14324.42,14256.29,14280.28,182324600.0,180884857.0,0.19723367312975748,0.13480738850020835,0.16418862994028993,0.5721590201861811,0.9952152782693976,False,NORMAL
2020-12-25,14306.98,14400.83,14296.97,14331.42,184261341.0,182324600.0,0.20030955370162062,0.16854011372772226,0.18287514694754337,0.5685411437028602,0.9952152782693976,False,NORMAL
2020-12-28,14363.45,14483.07,14363.45,14483.07,186790038.0,184261341.0,0.19724378172788137,0.18394315007631046,0.22996313647344602,0.5639155986593274,0.9952152782693976,False,NORMAL
2020-12-29,14500.91,14547.07,14435.03,14472.05,185949806.0,186790038.0,0.19382220590722166,0.16122351710215055,0.22333234512713118,0.559732671890251,0.9952152782693976,False,NORMAL
2020-12-30,14485.97,14695.44,14476.69,14687.7,187131498.0,185949806.0,0.22205027082345308,0.17805727265508642,0.22996447907056994,0.5554970969192803,0.9952152782693976,False,NORMAL
2020-12-31,14704.53,14760.06,14646.33,14732.53,187358231.0,187131498.0,0.23191165206688136,0.17713239706254824,0.23380801673801233,0.550787830049654,0.9952152782693976,False,NORMAL
2021-01-04,14720.25,14937.13,14720.25,14902.03,190297046.0,187358232.0,0.23953958624980576,0.1875755083565238,0.24258434653740624,0.5459207145587872,0.9952152782693976,False,NORMAL
2021-01-05,14913.64,15000.03,14861.99,15000.03,190793486.0,190297027.0,0.2524677740686252,0.18071146381953107,0.2441877623252091,0.5403929552076477,0.9952152782693976,False,NORMAL
2021-01-06,15145.85,15197.68,14837.0,14983.13,188887027.0,190764773.0,0.24774881684325534,0.17548211765388877,0.22721801902765582,0.532795144604536,0.9952152782693976,False,NORMAL
2021-01-07,15059.52,15270.4,15049.86,15214.0,191847391.0,188915691.0,0.2677266330083885,0.18055216071152813,0.2511738988153658,0.5258874642045611,0.9952152782693976,False,NORMAL
2021-01-08,15365.13,15463.95,15275.38,15463.95,192769659.0,191847287.0,0.27890128593510033,0.1935826970085468,0.2654258071501969,0.5194100057908513,0.9952152782693976,False,NORMAL
2021-01-11,15425.58,15557.3,15395.73,15557.3,194744944.0,192769708.0,0.2907012727560838,0.2016022083658695,0.2723872649172463,0.5125973290167624,0.9952152782693976,False,NORMAL
2021-01-12,15549.53,15642.03,15421.23,15500.7,191507530.0,194744944.0,0.2920329345160597,0.1998086585119485,0.24304210201098075,0.5062491469011435,0.9952152782693976,False,NORMAL
2021-01-13,15550.16,15778.52,15550.16,15769.98,195212571.0,191508004.0,0.3032524329613371,0.22935775525381552,-0.23825240772829948,0.4737930323777067,0.9952152782693976,False,NORMAL
2021-01-14,15651.2,15760.15,15620.96,15707.19,198674900.0,195212571.0,0.29699688615515707,0.23190072131240114,0.29393282716691993,0.4328289544323891,0.9952152782693976,False,NORMAL
2021-01-15,15987.16,16041.59,15615.11,15616.39,195440959.0,198668744.0,0.30644354390731965,0.2097907244463657,0.27394045115039534,0.42854333490638147,0.9952152782693976,False,NORMAL
2021-01-18,15676.45,15676.45,15320.97,15612.0,195938145.0,195445459.0,0.31410601734633414,0.21377320042884773,0.27188478492026036,0.4234922529642086,0.9952152782693976,False,NORMAL
2021-01-19,15716.64,15928.14,15716.64,15877.37,198027971.0,196216914.0,0.3435927596449213,0.23297831446931605,0.27862330548876524,0.41832918628014026,0.9952152782693976,False,NORMAL
2021-01-20,15934.85,16004.32,15745.48,15806.18,193231918.0,198027971.0,0.320413378410326,0.2236698374161863,0.247573230088177,0.41259214535277383,0.9952152782693976,False,NORMAL
2021-01-21,15775.73,16238.46,15775.73,16153.77,194740341.0,193231568.0,0.34338795723784066,0.2523447881279064,0.2508501369377898,0.4077608672455147,0.9952152782693976,False,NORMAL
2021-01-22,15984.89,16138.04,15973.02,16019.03,197772542.0,194740341.0,0.32242009275662875,0.24091662967705552,0.2622943396026991,0.4037352355369977,0.9952152782693976,False,NORMAL
2021-01-25,16006.21,16014.96,15772.63,15946.54,199605953.0,197772542.0,0.30926016087278874,0.23856525159980468,0.26623734761484674,0.4003851683999612,0.9952152782693976,False,NORMAL
2021-01-26,15955.16,16023.87,15589.21,15658.85,198171989.0,199605974.0,0.29498886856303574,0.22394528578407424,0.2616909547643034,0.3969325731777025,0.9952152782693976,False,NORMAL
2021-01-27,15711.76,15837.47,15642.12,15701.45,201011072.0,198171989.0,0.3011967418390593,0.2399559027111462,0.27434846706574234,0.3920543400745397,0.9952152782693976,False,NORMAL
2021-01-28,15519.85,15557.02,15367.45,15415.88,200286762.0,201011072.0,0.27506288103924703,0.22871530661531558,0.2778880217795605,0.3854946030306647,0.9952152782693976,False,NORMAL
2021-01-29,15544.36,15603.41,15138.31,15138.31,198191951.0,200286762.0,0.2491684345941112,0.20228236775998676,0.26599480281001187,0.3779575941450656,0.9952152782693976,False,NORMAL
2021-02-01,15176.56,15429.98,15089.96,15410.09,196354794.0,198191950.0,0.3491893529357173,0.20996214670057567,0.2554875663633023,0.3711301722788693,0.9952152782693976,False,NORMAL
2021-02-02,15546.69,15838.15,15546.69,15760.05,194807092.0,196368633.0,0.3710233055823784,0.22475695334903123,0.2445408109301357,0.3636874363868948,0.9952152782693976,False,NORMAL
2021-02-03,15828.64,15896.4,15741.16,15771.32,194467085.0,194806985.0,0.38894153371402007,0.2208037898256805,0.24839453042598847,0.3556612455201385,0.9952152782693976,False,NORMAL
2021-02-04,15697.75,15801.37,15606.74,15706.22,193416254.0,194467085.0,0.359149249908272,0.21063580999157505,0.245257107082693,0.3483359106390662,0.9952152782693976,False,NORMAL
2021-02-05,15805.76,15938.09,15774.34,15802.4,189952641.0,193416254.0,0.36538092662451316,0.20376584368503603,0.21915271072317166,0.3405535565802456,0.9952152782693976,False,NORMAL
2021-02-17,16197.45,16406.78,16197.45,16362.29,193048987.0,189656322.0,0.39257324454793663,0.2507751274297265,0.24342898277674685,0.3341666476679426,0.9952152782693976,False,NORMAL
2021-02-18,16366.23,16517.73,16323.22,16424.51,196422393.0,193046401.0,0.4143441595961701,0.2384462897907509,0.25568036615454215,0.3291310056349186,0.9952152782693976,False,NORMAL
2021-02-19,16376.91,16382.7,16211.25,16341.38,199702597.0,196422393.0,0.41189572898729665,0.23594402569094308,0.27955617470090854,0.3241199175645295,0.9952152782693976,False,NORMAL
2021-02-22,16445.87,16579.17,16410.16,16410.16,203048919.0,199702597.0,0.4069018967699012,0.23632577506925534,0.29451671105013566,0.31946131529473254,0.9952152782693976,False,NORMAL
2021-02-23,16320.88,16467.75,16211.75,16443.4,205162372.0,203048919.0,0.39656316060807595,0.2133711830800713,0.3005144978971317,0.31511027255655716,0.9952152782693976,False,NORMAL
2021-02-24,16329.54,16456.94,16212.53,16212.53,205090123.0,205161646.0,0.3749009903509055,0.1927108123954886,0.3079646985839284,0.31200016672098946,0.9952152782693976,False,NORMAL
2021-02-25,16376.8,16474.05,16322.27,16452.18,207647124.0,205090123.0,0.39239994244945287,0.1944989178329941,0.3167129329792078,0.310743550448185,0.9952152782693976,False,NORMAL
2021-02-26,16190.04,16190.04,15953.8,15953.8,209209692.0,207647124.0,0.35621085883380044,0.16260749736016145,0.31885959963357835,0.3133447733386154,0.9952152782693976,False,NORMAL
2021-03-02,16127.87,16262.91,15946.88,15946.88,207401442.0,209209687.0,0.36895075792043586,0.16261070656817656,0.2995091905707392,0.3161063841859418,0.9952152782693976,False,NORMAL
2021-03-03,15992.32,16211.73,15884.55,16211.73,208611375.0,207401442.0,0.3786844620727894,0.16815955601703703,0.29708830558898125,0.3181465927711074,0.9952152782693976,False,NORMAL
2021-03-04,16091.75,16091.75,15840.99,15906.41,210623996.0,208611375.0,0.3566130409233532,0.15204318348563395,0.31279440158597405,0.32057242451341456,0.9952152782693976,False,NORMAL
2021-03-05,15759.58,15934.43,15636.43,15855.23,211431492.0,210623996.0,0.35673071574957094,0.15404514067063935,0.31161072010965074,0.32303720889269816,0.9952152782693976,False,NORMAL
2021-03-08,15943.37,16074.97,15816.5,15820.11,211823369.0,211431492.0,0.3715031031992557,0.14260425288501954,0.29872795047833245,0.398809101376312,0.9952152782693976,False,NORMAL
2021-03-09,15715.07,15864.26,15657.92,15853.09,214392438.0,211823369.0,0.373723920580439,0.14321678160306162,0.3044849335802693,0.4871154470566323,0.9952152782693976,False,NORMAL
2021-03-10,15921.45,15986.07,15857.32,15911.67,214442225.0,214392426.0,0.39165636080261534,0.15949847298929032,0.2850566362880529,0.4870019199724406,0.9952152782693976,False,NORMAL
2021-03-11,15947.21,16216.22,15947.21,16179.56,215825802.0,214442225.0,0.43281229382837827,0.1651983663733907,0.28180084102570846,0.48550954396593593,0.9952152782693976,False,NORMAL
2021-03-12,16241.55,16298.03,16166.35,16255.18,215831664.0,215825956.0,0.4551934298139917,0.1619856545863434,0.2746678499455544,0.48366743197569206,0.9952152782693976,False,NORMAL
2021-03-15,16256.58,16281.91,16194.91,16249.33,218622587.0,215831657.0,0.43447489874396616,0.1625688895184907,0.2861911761657887,0.48199175088630797,0.9952152782693976,False,NORMAL
2021-03-16,16253.93,16340.66,16244.99,16313.16,219279686.0,218622587.0,0.4319398543759627,0.15430597971758586,0.2690516286858189,0.480140838285866,0.9952152782693976,False,NORMAL
2021-03-17,16312.98,16349.21,16166.35,16215.82,219823995.0,219279686.0,0.40825649033159017,0.1374254731142066,0.2690047352840268,0.47743949344212677,0.9952152782693976,False,NORMAL
2021-03-18,16264.61,16410.02,16264.61,16287.84,221271582.0,219823995.0,0.4386250961639526,0.134219102531963,0.26622687147459945,0.4738739806151239,0.9952152782693976,False,NORMAL
2021-03-19,16186.46,16186.46,16022.17,16070.24,222088148.0,221271532.0,0.4639066320265559,0.11675355486465033,0.2574115258192464,0.469588721439106,0.9952152782693976,False,NORMAL
2021-03-22,16065.5,16235.63,15983.77,16189.22,225596256.0,222088108.0,0.4712737900711952,0.1361262753965229,0.27923596590779565,0.4646928173010743,0.9952152782693976,False,NORMAL
2021-03-23,16250.2,16351.38,16166.29,16177.59,225031013.0,225596249.0,0.4850340791738381,0.13433891775799367,0.28609781499405895,0.46050733756275375,0.9952152782693976,False,NORMAL
2021-03-24,15994.96,16125.54,15967.95,16032.12,227128377.0,225302069.0,0.5382486816754812,0.12814464800278658,0.28163919918877345,0.4571357145962638,0.9952152782693976,False,NORMAL
2021-03-25,16010.54,16146.58,15944.96,16060.14,228048637.0,227128371.0,0.5855806225176152,0.1415657084042954,0.2945285545187899,0.4545010344076863,0.9952152782693976,False,NORMAL
2021-03-26,16140.37,16325.62,16140.37,16305.88,229766669.0,228048637.0,0.6779446313300272,0.1399158024839806,0.29476306701105437,0.4534189312328085,0.9952152782693976,False,NORMAL
2021-03-29,16411.67,16520.89,16411.67,16475.97,230197160.0,229766669.0,0.7454042160550787,0.1554843175469689,0.29266001238037664,0.45293860908059835,0.9952152782693976,False,NORMAL
2021-03-30,16490.31,16556.19,16438.4,16554.9,231312242.0,230197160.0,0.795801346615076,0.16175062947545138,0.2913539707052568,0.45286781913286395,0.9952152782693976,False,NORMAL
2021-03-31,16529.23,16550.2,16427.2,16431.13,232107089.0,231312242.0,0.8926951369258664,0.14224370453584867,0.28378136367786366,0.4531388369685328,0.9952152782693976,False,NORMAL
2021-04-01,16538.28,16602.47,16496.16,16571.28,232812929.0,232085875.0,0.7945764011396899,0.16884688794748848,0.2991861207216837,0.4542191284034186,0.9952152782693976,False,NORMAL
2021-04-06,16711.79,16804.45,16711.79,16739.87,233674744.0,232797142.0,0.8829936456907341,0.17695029701703358,0.29183913297732555,0.45590112008044864,0.9952152782693976,False,NORMAL
2021-04-07,16771.35,16816.34,16715.32,16815.36,236102460.0,233674737.0,0.8109033107105394,0.17752312979857532,0.2949566871393108,0.45800248274833727,0.9952152782693976,False,NORMAL
2021-04-08,16786.56,16926.72,16735.78,16926.44,239495053.0,236102317.0,0.7549900204774618,0.18107207799366698,0.29975746241855483,0.4614917152725746,0.9952152782693976,False,NORMAL
2021-04-09,16974.28,17016.13,16815.59,16854.1,240178019.0,239495021.0,0.7310473318570798,0.16371045641566329,0.285818138759627,0.4644653425497481,0.9952152782693976,False,NORMAL
2021-04-12,16908.55,16979.35,16793.54,16859.7,242958854.0,240178000.0,0.7383069455155833,0.16498353723211312,0.3065829926168355,0.46759722301064266,0.9952152782693976,False,NORMAL
2021-04-13,16872.4,17041.37,16802.22,16824.91,242012027.0,242961765.0,0.747238413904042,0.14551018879742905,0.2932725360858277,0.47091303263138723,0.9952152782693976,False,NORMAL
2021-04-14,16869.78,16935.39,16559.57,16865.97,240764227.0,242012027.0,0.7373162094177417,0.14481151574101658,0.28504750346409913,0.4734885974263974,0.9952152782693976,False,NORMAL
2021-04-15,16851.06,17076.73,16851.06,17076.73,245359107.0,240764227.0,0.7671133932073146,0.1459331379684512,0.2893479544606279,0.47588605178052473,0.9952152782693976,False,NORMAL
2021-04-16,17028.35,17158.81,16998.91,17158.81,247778385.0,245359107.0,0.7475572222097746,0.143918378829909,0.2986731895029162,0.47859533761027345,0.9952152782693976,False,NORMAL
2021-04-19,17141.25,17294.15,17135.52,17263.28,253719982.0,247778548.0,0.7269514294660373,0.1521811530701529,0.3432366744805613,0.48189012469248427,0.9952152782693976,False,NORMAL
2021-04-20,17231.58,17323.87,17175.02,17323.87,254654899.0,253719814.0,0.708894822870006,0.13867950571841714,0.32738265385115395,0.4861122321920567,0.9952152782693976,False,NORMAL
2021-04-21,17282.76,17282.76,17167.39,17202.11,259367710.0,254654744.0,0.6999089869686337,0.11240077729170106,0.3454799440196137,0.490061439720942,0.9952152782693976,False,NORMAL
2021-04-22,17302.73,17428.15,17066.17,17096.97,255100041.0,259367710.0,0.6831685800104552,0.09896768719507887,0.30991868523169464,0.4925925328581315,0.9952152782693976,False,NORMAL
2021-04-23,17117.49,17300.27,17055.48,17300.27,259846969.0,255099827.0,0.7130303132321112,0.11609604727528433,0.35684987947993485,0.6197604864904068,0.9952152782693976,False,NORMAL
2021-04-26,17378.36,17572.29,17378.36,17572.29,267790795.0,259846969.0,0.7006089264042954,0.11428739922308084,0.3717907285796671,0.7833286275850888,0.9952152782693976,False,NORMAL
2021-04-27,17586.02,17630.19,17489.71,17595.9,268507291.0,267790345.0,0.6842678571599501,0.12024493241630108,0.35149075701057364,0.7863893557537966,0.9952152782693976,False,NORMAL
2021-04-28,17610.72,17628.81,17497.74,17567.53,271712406.0,268507007.0,0.6931775686522454,0.1249418079338438,0.3902531352192147,0.7896149509680898,0.9952152782693976,False,NORMAL
2021-04-29,17646.93,17709.23,17548.3,17566.66,274063216.0,271712320.0,0.6576949789752609,0.12520240840379193,0.3987231327519203,0.794290024131511,0.9952152782693976,False,NORMAL
2021-05-03,17505.52,17546.94,17222.35,17222.35,269119473.0,274063216.0,0.6267896258611032,0.08471050306190486,0.3589972751879582,0.7969711774541445,0.9952152782693976,False,NORMAL
2021-05-04,17249.56,17328.55,16647.61,16933.78,260221949.0,269119244.0,0.6459067573057864,0.0713391850529348,0.3466820165807183,0.7985497257978619,0.9952152782693976,False,NORMAL
2021-05-05,16968.75,17052.2,16843.44,16843.44,260231912.0,260221861.0,0.6340575140622482,0.04269405841484675,0.33630202485883487,0.799686077338087,0.9952152782693976,False,NORMAL
2021-05-06,16925.52,17088.73,16764.71,16994.36,259788424.0,260229754.0,0.6393521059643024,0.06088570905978696,0.31357174951010136,0.8000806486349678,0.9952152782693976,False,NORMAL
2021-05-07,17032.23,17285.0,17032.23,17285.0,264298597.0,259788116.0,0.6704744011999195,0.08393419512947631,0.3241017766639456,0.8003426807004905,0.9952152782693976,False,NORMAL
2021-05-10,17274.23,17304.47,17188.15,17235.61,270229503.0,264296769.0,0.6310371552917642,0.10069449544506792,0.3636109944882271,0.8008796194464567,0.9952152782693976,False,NORMAL
2021-05-11,17137.19,17137.19,16460.87,16583.13,257587189.0,270229420.0,0.5620795285633278,0.05615277569905963,0.28145771492627025,0.798509569088456,0.9952152782693976,False,NORMAL
2021-05-12,16515.88,16552.63,15165.27,15902.37,244639968.0,257565533.0,0.4762388811219973,0.031557718404658264,0.22144851490484418,0.7948894046443841,0.9952152782693976,False,NORMAL
2021-05-13,15668.33,16031.93,15368.54,15670.1,236636884.0,244997172.0,0.4255731822920743,0.03512875611610555,0.19397827614099228,0.7912072163569341,0.9952152782693976,False,NORMAL
2021-05-14,15819.24,16075.48,15702.1,15827.09,230817194.0,236633451.0,0.4763415444084593,0.027060192380446768,0.17551086631477908,0.787109162556272,0.9952152782693976,False,NORMAL
2021-05-17,15554.99,15719.74,15159.86,15353.89,214595444.0,230815663.0,0.42500656636295875,-0.02577149184171368,0.10157921766010447,0.781455193840979,0.9952152782693976,False,NORMAL
2021-05-18,15564.96,16153.77,15564.96,16145.98,216265090.0,214583149.0,0.49846960272780083,0.023755779478191963,0.11209097416151437,0.7778258712357962,0.9952152782693976,False,NORMAL
2021-05-19,16112.21,16273.98,16009.76,16132.66,218632614.0,216266426.0,0.48785198083173165,0.02715102679066006,0.1303735310683869,0.7733360489614461,0.9952152782693976,False,NORMAL
2021-05-20,16122.52,16154.08,15943.45,16042.36,216571322.0,218632614.0,0.47158443578909903,0.015185035184529072,0.14013325037160174,0.7680152027346837,0.9952152782693976,False,NORMAL
2021-05-21,16136.86,16431.14,16136.86,16302.06,219988990.0,216571289.0,0.48022111527376987,-0.003681025088786538,0.1395500873568427,0.7627586197054195,0.9952152782693976,False,NORMAL
2021-05-24,16246.52,16397.59,16136.97,16338.29,222034058.0,219988990.0,0.5017542214832158,-0.005249471673736239,0.1303907594690592,0.757652861295108,0.9952152782693976,False,NORMAL
2021-05-25,16444.75,16657.6,16444.75,16595.67,222993954.0,222033981.0,0.5172115883041832,0.01556110928208021,0.11663021588046751,0.752763044410829,0.9952152782693976,False,NORMAL
2021-05-26,16645.17,16706.29,16523.23,16643.69,225719102.0,222993954.0,0.5438155326837883,0.014230817981055521,0.11164887314667271,0.7486679496311163,0.9952152782693976,False,NORMAL
2021-05-27,16591.7,16601.61,16419.42,16601.61,226935645.0,225719102.0,0.5350654466237383,0.009621489472980027,0.10612702898560755,0.7442694337264918,0.9952152782693976,False,NORMAL
2021-05-28,16690.04,16889.01,16690.04,16870.86,233365365.0,226935645.0,0.5707631359660355,0.04060624714341321,0.13786739988448882,0.7384654185265205,0.9952152782693976,False,NORMAL
2021-05-31,16948.47,17113.33,16939.91,17068.43,234047805.0,233365365.0,0.5716149621930602,0.037457042167056365,0.1271420498942235,0.7330597328208004,0.9952152782693976,False,NORMAL
2021-06-01,17098.49,17184.3,17060.45,17162.38,240126099.0,234047805.0,0.5734043528484205,0.07575499254096218,0.1477771259277989,0.730359958016861,0.9952152782693976,False,NORMAL
2021-06-02,17192.91,17274.66,17056.42,17165.04,240498196.0,240126099.0,0.5592802164909965,0.07638861018581711,0.15957822511185826,0.7277828656679008,0.9952152782693976,False,NORMAL
2021-06-03,17201.3,17311.28,17198.89,17246.16,245958470.0,240498196.0,0.5952197499803444,0.06380750234552401,0.17902712639711038,0.7242246311366377,0.9952152782693976,False,NORMAL
2021-06-04,17225.06,17225.06,17084.49,17147.41,246356191.0,245958470.0,0.5773273922426083,0.0780188615784454,0.1696492122388562,0.7200904131851905,0.9952152782693976,False,NORMAL
2021-06-07,17176.09,17189.23,16775.85,17083.91,245921177.0,246356191.0,0.5534767454654408,0.07749367243490002,0.16312463518916087,0.7161661578799208,0.9952152782693976,False,NORMAL
2021-06-08,17094.34,17181.52,17056.53,17076.21,247496957.0,245921202.0,0.5503165780877484,0.07939894223238642,0.16841195647303664,0.712294964475169,0.9952152782693976,False,NORMAL
2021-06-09,17082.52,17082.52,16907.43,16966.22,247956857.0,247496957.0,0.5502490362466295,0.07021533341449526,0.15655598356505473,0.7090063418318244,0.9952152782693976,False,NORMAL
2021-06-10,17024.54,17159.22,16978.01,17159.22,248038908.0,247956857.0,0.5681748393370232,0.0784047180465659,0.15667009144304478,0.7061572449928659,0.9952152782693976,False,NORMAL
2021-06-11,17200.45,17278.55,17193.61,17213.52,251459915.0,248039116.0,0.5537042084949753,0.06390532251804126,0.16510589869139003,0.7028463855903084,0.9952152782693976,False,NORMAL
2021-06-15,17279.7,17371.29,17279.7,17371.29,256269364.0,251459915.0,0.5610531338712592,0.06866180503691743,0.18735758808772385,0.6985998182907686,0.9952152782693976,False,NORMAL
2021-06-16,17357.37,17398.22,17275.02,17307.86,253970327.0,256269317.0,0.5289412870489463,0.06514299358804343,0.16168384285014437,0.6948214576012405,0.9952152782693976,False,NORMAL
2021-06-17,17254.84,17390.61,17150.52,17390.61,260074832.0,253970327.0,0.5263985717834188,0.06604790242969494,0.18604161080383896,0.6914131011310617,0.9952152782693976,False,NORMAL
2021-06-18,17384.74,17417.5,17318.54,17318.54,262606750.0,260074989.0,0.5086624736484486,0.06800272819999242,0.1946227708217203,0.6874264451607447,0.9952152782693976,False,NORMAL
2021-06-21,17305.49,17305.49,17023.31,17062.98,263972139.0,262606750.0,0.46963907971528784,0.0475901040285267,0.1929780436061599,0.6836139659799655,0.9952152782693976,False,NORMAL
2021-06-22,17162.71,17270.47,17075.55,17075.55,264833958.0,263972137.0,0.4673359622792943,0.06255724867830215,0.19247227006458711,0.6796998791942692,0.9952152782693976,False,NORMAL
2021-06-23,17127.59,17375.79,17127.59,17336.71,262707409.0,264833595.0,0.4792212734297143,0.07087988179788773,0.1645025217085163,0.6752665225281647,0.9952152782693976,False,NORMAL
2021-06-24,17358.57,17439.63,17319.89,17407.96,269060717.0,262707409.0,0.5090418758349029,0.07605397342867493,0.19566060434523314,0.671680048105771,0.9952152782693976,False,NORMAL
2021-06-25,17471.07,17597.33,17471.07,17502.99,272030069.0,269060717.0,0.531328248442249,0.09174519651799029,0.1976930077741894,0.6681085777046782,0.9952152782693976,False,NORMAL
2021-06-28,17531.82,17595.51,17481.23,17590.97,280289200.0,272029777.0,0.5558610893434257,0.09531859622643402,0.2290764096958844,0.6634040279386586,0.9952152782693976,False,NORMAL
2021-06-29,17621.15,17713.24,17541.14,17598.19,276613307.0,280289200.0,0.5287300506270174,0.079254232215618,0.20388787548641352,0.6592207359723429,0.9952152782693976,False,NORMAL
2021-06-30,17648.25,17797.27,17648.25,17755.46,286850018.0,276613307.0,0.5393230275198337,0.07765794669448889,0.24610580773455237,0.6543100949786365,0.9952152782693976,False,NORMAL
2021-07-01,17801.19,17863.9,17644.36,17713.94,284114788.0,286850911.0,0.5338962430065646,0.07001189980005895,0.2282738930869037,0.6500584497449523,0.9952152782693976,False,NORMAL
2021-07-02,17745.69,17795.88,17676.98,17710.15,289131431.0,284114788.0,0.5333649065876123,0.07784126837289951,0.24568117348626095,0.6456617940386115,0.9952152782693976,False,NORMAL
2021-07-05,17783.8,17945.52,17783.8,17919.33,298062239.0,289131431.0,0.5483831665792502,0.08134857415963048,0.28026497617750423,0.6412261183966327,0.9952152782693976,False,NORMAL
2021-07-06,17929.22,18008.37,17895.78,17913.07,298634866.0,298060995.0,0.5425865198805411,0.07008417628093899,0.27799376555645217,0.6383932833123515,0.9952152782693976,False,NORMAL
2021-07-07,17901.25,17933.62,17756.82,17850.69,295537905.0,298634866.0,0.5308459976999604,0.06157049269239545,0.25173581418846713,0.6357937456462568,0.9952152782693976,False,NORMAL
2021-07-08,17880.9,17935.11,17742.08,17866.09,299350679.0,295537905.0,0.5478366263465313,0.055513740632997965,0.24992426879063756,0.6361318069212181,0.9952152782693976,False,NORMAL
2021-07-09,17778.12,17778.12,17597.46,17661.48,295462211.0,299350679.0,0.5197586488188868,0.04790407081956327,0.2301800648959471,0.6357629126910608,0.9952152782693976,False,NORMAL
2021-07-12,17843.3,17947.9,17759.9,17814.33,299252325.0,295462211.0,0.5221473723065566,0.0566220039502483,0.23169960704539716,0.6357064395882726,0.9952152782693976,False,NORMAL
2021-07-13,17931.47,18018.04,17786.76,17847.52,293348324.0,299252325.0,0.5118431462905142,0.06077952274336096,0.21212291651935122,0.635714321941969,0.9952152782693976,False,NORMAL
2021-07-14,17892.51,17940.86,17716.44,17845.75,291249246.0,293348290.0,0.4984893980767746,0.058092122777403166,0.20968654533549125,0.6363538260637197,0.9952152782693976,False,NORMAL
2021-07-15,17878.78,18034.19,17878.78,18034.19,296486929.0,291248460.0,0.4883747224904469,0.05606811140071888,0.2083795569079896,0.6370462941892436,0.9952152782693976,False,NORMAL
2021-07-16,17839.58,17926.38,17779.61,17895.25,295688780.0,296479307.0,0.4798060360688896,0.042919060237860185,0.19335986470329125,0.6380229125920729,0.9952152782693976,False,NORMAL
2021-07-19,17854.35,17854.35,17708.15,17789.25,299927555.0,295688796.0,0.4617068427033595,0.030467558887998125,0.18212035424155126,0.6398685561491709,0.9952152782693976,False,NORMAL
2021-07-20,17724.92,17724.92,17500.69,17528.74,295615548.0,299927335.0,0.43764337484181093,0.011825879552317176,0.16084767723239435,0.6422743169434226,0.9952152782693976,False,NORMAL
2021-07-21,17593.6,17707.56,17352.24,17458.79,293773592.0,295615548.0,0.4460206001815519,0.01492142533677554,0.13265291196039786,0.646077778988407,0.9952152782693976,False,NORMAL
2021-07-22,17482.81,17667.38,17482.81,17572.33,294621287.0,293773076.0,0.4389914146923082,0.02780375703999005,0.15492449881652504,0.6505849387751469,0.9952152782693976,False,NORMAL
2021-07-23,17603.95,17672.6,17511.86,17572.92,296455441.0,294542383.0,0.4393402904903836,0.015759869643652724,0.1408847374317459,0.7718539229194974,0.9952152782693976,False,NORMAL
2021-07-26,17554.93,17637.36,17403.56,17403.56,298020214.0,296455609.0,0.4261881445727842,-0.009602049590576978,0.11288445892996424,0.9552094615394443,0.9952152782693976,False,NORMAL
2021-07-27,17394.77,17459.35,17264.5,17269.87,296570707.0,298020214.0,0.42048357671738334,-0.018528748174290732,0.10451640212630209,0.9567308168367085,0.9952152782693976,False,NORMAL
2021-07-28,17252.87,17252.87,16893.7,17135.22,289517961.0,296584578.0,0.4066523499453274,-0.024608468008877615,0.06553088709537991,0.9574803980875868,0.9952152782693976,False,NORMAL
2021-07-29,17216.58,17402.81,17190.48,17402.81,291602781.0,289517857.0,0.4294429194039364,-0.009327328017961212,0.06399824557265643,0.9594394962473166,0.9952152782693976,False,NORMAL
2021-07-30,17414.77,17429.01,17237.67,17247.41,291466562.0,291602781.0,0.3911950345027848,0.0014550859783943881,0.08303780009260042,0.9612643089266917,0.9952152782693976,False,NORMAL
2021-08-02,17256.61,17503.28,17231.22,17503.28,291966515.0,291466562.0,0.40326313789407253,0.03363100264678054,0.12199034755519422,0.9610871314658198,0.9952152782693976,False,NORMAL
2021-08-03,17489.12,17553.76,17456.2,17553.76,292985833.0,291966512.0,0.4141386799688067,0.04217190787630076,0.12586435210144398,0.9618459139997197,0.9952152782693976,False,NORMAL
2021-08-04,17588.64,17636.11,17557.18,17623.89,293619248.0,292985833.0,0.43236611714526263,0.037043466185251894,0.13022452455387312,0.9624126381024666,0.9952152782693976,False,NORMAL
2021-08-05,17624.82,17643.97,17566.72,17603.12,293909481.0,293619248.0,0.3983715036978781,0.018404396875904006,0.11203572147603946,0.9628749645078194,0.9952152782693976,False,NORMAL
2021-08-06,17593.85,17593.85,17469.68,17526.28,293561681.0,293909481.0,0.39244108676359946,0.01686450320006072,0.08634208234472451,0.9634968861621314,0.9952152782693976,False,NORMAL
2021-08-09,17505.01,17510.09,17350.15,17485.15,290197545.0,293561681.0,0.3942422316615064,0.05439383276860288,0.12659929294853245,0.9630373023680334,0.9952152782693976,False,NORMAL
2021-08-10,17492.45,17524.91,17305.06,17323.64,285274027.0,290197545.0,0.3616088130712132,0.0893747284209836,0.16609738519913475,0.9623580619832937,0.9952152782693976,False,NORMAL
2021-08-11,17308.62,17327.2,17090.25,17227.18,278085058.0,285274027.0,0.36024098288168793,0.09936630908545574,0.1751551714989621,0.9624939213904973,0.9952152782693976,False,NORMAL
2021-08-12,17221.35,17233.11,17139.21,17219.94,280174691.0,278085058.0,0.376160690096643,0.0880041751199998,0.21383804275863438,0.9616681564055259,0.9952152782693976,False,NORMAL
2021-08-13,17216.34,17216.34,16978.11,16982.11,277783137.0,280174670.0,0.3361303611667108,0.1060460899485407,0.29445030063173205,0.9577271288204473,0.9952152782693976,False,NORMAL
2021-08-16,16941.33,16983.59,16773.57,16858.77,273298269.0,277783136.0,0.31685478390601696,0.044146592526437045,0.2637188415384102,0.9572553210673286,0.9952152782693976,False,NORMAL
2021-08-17,16841.62,16870.55,16657.63,16661.36,269314502.0,273298264.0,0.2902280559104813,0.032772028915256435,0.23181302676095705,0.9570640143901874,0.9952152782693976,False,NORMAL
2021-08-18,16630.99,16826.27,16418.54,16826.27,270077735.0,269314371.0,0.31159408428022095,0.0488650048995285,0.2470613953217684,0.9572836366299643,0.9952152782693976,False,NORMAL
2021-08-19,16777.78,16777.78,16375.4,16375.4,267133785.0,270079785.0,0.270001551109043,0.004498817940800093,0.21430524773080695,0.9567132584432174,0.9952152782693976,False,NORMAL
2021-08-20,16426.98,16507.11,16248.08,16341.94,265704696.0,267133735.0,0.27869303977483906,0.00022340159221068134,0.19668441136179204,0.956859765269706,0.9952152782693976,False,NORMAL
2021-08-23,16459.13,16785.29,16459.13,16741.84,270259633.0,265704697.0,0.3213399787693316,0.00880771912191558,0.21195946415659317,0.9567207979286027,0.9952152782693976,False,NORMAL
2021-08-24,16830.63,16904.3,16779.9,16818.73,268544853.0,270259633.0,0.31775904499914986,0.010516898596405033,0.1897302914132628,0.956262552098242,0.9952152782693976,False,NORMAL
2021-08-25,16821.08,17045.86,16821.08,17045.86,269299032.0,268544769.0,0.3321803202073237,0.026759452848247767,0.18667577321315032,0.9560833510807506,0.9952152782693976,False,NORMAL
2021-08-26,17177.39,17201.42,16984.69,17066.96,271668828.0,269298882.0,0.3172904521496034,0.011623592395408222,0.16413516633027347,0.9556142329852312,0.9952152782693976,False,NORMAL
2021-08-27,17061.1,17229.89,17000.26,17209.93,269534976.0,271668792.0,0.3369905858699487,0.008290159083172766,0.15162360099894978,0.9553409644995705,0.9952152782693976,False,NORMAL
2021-08-30,17244.62,17396.52,17244.62,17396.52,269995592.0,269534986.0,0.3613749193967435,0.013642629984885524,0.12439086431833468,0.9551630766048951,0.9952152782693976,False,NORMAL
2021-08-31,17384.61,17490.29,17207.57,17490.29,268234002.0,269995592.0,0.41476982262688233,0.018948397440378795,0.11532646174194161,0.9554324543756977,0.9952152782693976,False,NORMAL
2021-09-01,17463.8,17503.93,17415.52,17473.99,267554611.0,268233933.0,0.3859622266780036,0.013210476998937848,0.08780401423053252,0.9556515460503661,0.9952152782693976,False,NORMAL
2021-09-02,17455.92,17523.16,17319.76,17319.76,267304376.0,267554662.0,0.3694616881458481,0.01005108060051052,0.08503210296833985,0.9561817738092576,0.9952152782693976,False,NORMAL
2021-09-03,17380.52,17540.78,17380.52,17516.92,268328004.0,267304147.0,0.3729876746418983,0.02534607124481436,0.09111385718522325,0.9567379059907474,0.9952152782693976,False,NORMAL
2021-09-06,17534.05,17633.67,17461.07,17495.3,266960555.0,268328004.0,0.36327473313546244,0.024542331114456806,0.07864176689655222,0.9572508848325966,0.9952152782693976,False,NORMAL
2021-09-07,17534.38,17559.21,17388.37,17428.87,265162531.0,266960417.0,0.36191668405313293,0.027268890772369936,0.06938978904705184,0.9581175878277722,0.9952152782693976,False,NORMAL
2021-09-08,17411.53,17447.58,17167.08,17270.49,262952042.0,265162511.0,0.3567989252760462,0.0064845604870151785,0.06012417213189791,0.958943229259365,0.9952152782693976,False,NORMAL
2021-09-09,17175.04,17319.09,17122.95,17304.33,263146821.0,262952042.0,0.37429207914894636,0.0052755043709828975,0.04647621868479512,0.95987630488343,0.9952152782693976,False,NORMAL
2021-09-10,17270.28,17474.57,17270.28,17474.57,264265779.0,263146817.0,0.3755951218897795,0.005945442163477699,0.031203164027050923,0.9609748326375489,0.9952152782693976,False,NORMAL
2021-09-13,17452.16,17482.57,17387.57,17446.31,264653896.0,264265780.0,0.37377928264892324,0.007999255829432395,0.0420662095694353,0.9620242220877163,0.9952152782693976,False,NORMAL
2021-09-14,17463.78,17529.47,17424.54,17434.9,264274494.0,264653901.0,0.3665888852223358,0.002546776680059093,0.01614789854021703,0.9628762368650696,0.9952152782693976,False,NORMAL
2021-09-15,17434.02,17439.75,17316.52,17354.0,264050373.0,264274494.0,0.3731657428617774,0.0020475167075284517,0.005497280629686685,0.9641143556909569,0.9952152782693976,False,NORMAL
2021-09-16,17332.34,17411.37,17254.1,17278.7,264266555.0,264050224.0,0.37117304426492304,0.012642574743684909,0.0011153298265313971,0.9654001327662911,0.9952152782693976,False,NORMAL
2021-09-17,17279.29,17408.71,17235.45,17276.79,264378901.0,264266526.0,0.3642917157576544,0.011785271923891338,-0.0017182728507950662,0.9667937250598742,0.9952152782693976,False,NORMAL
2021-09-22,17196.79,17196.79,16838.58,16925.82,263579380.0,264378901.0,0.3424049337831858,-0.02370057525332081,0.003319171710151503,0.9677358870164025,0.9952152782693976,False,NORMAL
2021-09-23,16998.07,17145.25,16998.07,17078.22,263626185.0,263579217.0,0.3456158528177755,-0.018941909333431206,-0.020198162186567004,0.9685653225934608,0.9952152782693976,False,NORMAL
2021-09-24,17130.74,17273.59,17130.74,17260.19,265237980.0,263626157.0,0.36164863383020585,-0.013871915598420825,-0.024968155266688496,0.9696579350860532,0.9952152782693976,False,NORMAL
2021-09-27,17278.11,17335.99,17235.68,17313.77,266204586.0,265237980.0,0.35392662705605815,-0.015758084972005593,-0.05025029148465232,0.9705525436862805,0.9952152782693976,False,NORMAL
2021-09-28,17286.89,17286.89,17113.47,17181.44,266685702.0,266204586.0,0.3375298252715899,-0.02368141269073698,-0.03588983157632397,0.9713734786914866,0.9952152782693976,False,NORMAL
2021-09-29,17127.86,17127.86,16801.78,16855.46,265575908.0,266685702.0,0.29889587231327375,-0.05068863324295736,-0.07416457613748517,0.9720265793914497,0.9952152782693976,False,NORMAL
2021-09-30,16886.57,16994.21,16767.2,16934.77,266014824.0,265575897.0,0.31555286597880494,-0.043986261667364746,-0.06370651850758291,0.9730030471234205,0.9952152782693976,False,NORMAL
2021-10-01,16883.0,16883.0,16503.74,16570.89,259424153.0,266014824.0,0.2869974416765948,-0.06432808304842152,-0.10274662252129896,0.9738479437863891,0.9952152782693976,False,NORMAL
2021-10-04,16600.52,16680.29,16380.06,16408.35,253184985.0,259423783.0,0.2823912554161272,-0.08432123299252836,-0.15056336606261622,0.9747920615021781,0.9952152782693976,False,NORMAL
2021-10-05,16362.27,16460.75,16162.17,16460.75,251601551.0,253184668.0,0.30170708812851355,-0.08107599646515085,-0.15749438647260972,0.9762589935627483,0.9952152782693976,False,NORMAL
2021-10-06,16488.21,16568.21,16303.63,16393.16,251252047.0,251601492.0,0.3027110875183172,-0.08165118547238226,-0.14984831810322263,0.9774021729100474,0.9952152782693976,False,NORMAL
2021-10-07,16465.57,16731.58,16465.57,16713.86,251040817.0,251252032.0,0.36279697791490495,-0.0644925666444085,-0.16138216943880723,0.9785776644339298,0.9952152782693976,False,NORMAL
2021-10-08,16742.35,16771.71,16605.49,16640.43,251374377.0,251042773.0,0.36030020657390605,-0.05781225582454019,-0.14921648982041902,0.9795235405936762,0.9952152782693976,False,NORMAL
2021-10-12,16589.72,16589.72,16349.49,16462.84,248810833.0,251373267.0,0.3209626118131137,-0.07586532864272755,-0.16855839632991987,0.9804071133371951,0.9952152782693976,False,NORMAL
2021-10-13,16480.98,16543.33,16328.47,16347.99,247276575.0,248802090.0,0.31122425654068553,-0.08401895613508215,-0.15705475446997952,0.9811153006782916,0.9952152782693976,False,NORMAL
2021-10-14,16392.51,16519.96,16347.88,16387.28,246508125.0,247276543.0,0.3093472871078595,-0.0817264614824259,-0.15361798052517528,0.981771617509792,0.9952152782693976,False,NORMAL
2021-10-15,16426.76,16781.19,16426.76,16781.19,246382510.0,246508103.0,0.3373298970058045,-0.0694791393458758,-0.1689936860589224,0.9824155605329281,0.9952152782693976,False,NORMAL
2021-10-18,16816.94,16862.03,16695.89,16705.46,245515713.0,246382510.0,0.3149525787867504,-0.06648635811178949,-0.16968201160693352,0.9834018330679402,0.9952152782693976,False,NORMAL
2021-10-19,16791.12,16916.72,16772.15,16900.67,245744911.0,245514892.0,0.3259202423905785,-0.04995039138805746,-0.18065243788620888,0.9838906885616032,0.9952152782693976,False,NORMAL
2021-10-20,16936.2,16973.86,16855.81,16887.82,246685086.0,245744912.0,0.31043462539157085,-0.03656395154472036,-0.16552059704248034,0.9842435378060348,0.9952152782693976,False,NORMAL
2021-10-21,16904.46,17026.89,16873.99,16889.51,247999714.0,246685002.0,0.30361433507951197,-0.032607070707649455,-0.15581345378382416,0.9847346419334877,0.9952152782693976,False,NORMAL
2021-10-22,16900.32,16932.89,16800.49,16888.74,248501531.0,247999712.0,0.30443889881386865,-0.03890150025636896,-0.15653911660497222,0.9854701187686423,0.9952152782693976,False,NORMAL
2021-10-25,16879.34,16930.98,16784.11,16894.24,250016440.0,248500017.0,0.30767355222531245,-0.03862078698360871,-0.15664749091247077,0.9856549113873144,0.9952152782693976,False,NORMAL
2021-10-26,16909.32,17067.15,16909.32,17034.34,251136823.0,250016440.0,0.3279216577719364,-0.02121519964880758,-0.15731614433375318,0.9858142684193508,0.9952152782693976,False,NORMAL
2021-10-27,17037.37,17079.6,16973.16,17074.55,252932883.0,251136198.0,0.3391415307947925,-0.011309870890747864,-0.14714138304967528,0.9861749126349272,0.9952152782693976,False,NORMAL
2021-10-28,17081.17,17104.86,16994.37,17041.63,254117829.0,252932883.0,0.3202030625161718,-0.005461849920806339,-0.12227266273127702,0.9859404433252413,0.9952152782693976,False,NORMAL
2021-10-29,17058.04,17073.97,16920.68,16987.41,255433428.0,254117829.0,0.32070605961420795,-0.02386970839766689,-0.12403637878885665,0.9860637604237182,0.9952152782693976,False,NORMAL
2021-11-01,17021.77,17119.43,17021.77,17068.24,259445801.0,255433421.0,0.3254569104428353,-0.010388226406167544,-0.10986083885670561,0.9859340507325375,0.9952152782693976,False,NORMAL
2021-11-02,17094.42,17237.09,17026.63,17065.97,260817958.0,259445801.0,0.32119922304120996,-0.0249844600554866,-0.10668537451974591,0.9858430801149514,0.9952152782693976,False,NORMAL
2021-11-03,17087.89,17153.76,17080.51,17122.16,262291856.0,260817958.0,0.32742064778018465,-0.024587324880823158,-0.10476266611839902,0.98584141805831,0.9952152782693976,False,NORMAL
2021-11-04,17158.28,17219.65,17061.46,17078.86,263063087.0,262291856.0,0.3230165240920502,-0.030925635600312917,-0.10406729534298109,0.9858086523449612,0.9952152782693976,False,NORMAL
2021-11-05,17097.16,17296.9,17097.16,17296.9,264349332.0,263063087.0,0.3434475002349513,-0.017395779839028402,-0.1005756905133659,0.986053100871163,0.9952152782693976,False,NORMAL
2021-11-08,17323.39,17415.3,17279.46,17415.3,265615302.0,264349332.0,0.36123497801660953,-0.006332205122821288,-0.09519763923139546,0.9871984063228603,0.9952152782693976,False,NORMAL
2021-11-09,17433.1,17581.52,17433.1,17541.36,265737409.0,265615302.0,0.38525504801029165,0.0032147279262688677,-0.0842878805194579,0.9878709053195786,0.9952152782693976,False,NORMAL
2021-11-10,17549.09,17575.44,17489.87,17559.65,267944002.0,265737409.0,0.3995834641815861,0.013623580263732116,-0.060748695499012295,0.987901044776791,0.9952152782693976,False,NORMAL
2021-11-11,17527.18,17527.18,17403.48,17452.52,268334044.0,267944002.0,0.38607658774186326,0.013080492570461288,-0.03506486134181286,0.9878202491350478,0.9952152782693976,False,NORMAL
2021-11-12,17479.55,17602.05,17479.55,17518.13,268482316.0,268333926.0,0.37548023282016896,0.01731655278705979,-0.04173244541920451,0.988988773587133,0.9952152782693976,False,NORMAL
2021-11-15,17560.52,17683.19,17560.52,17634.47,270407102.0,268482272.0,0.37042330139338997,0.03841454330468941,-0.02655321370353736,0.9890103581758591,0.9952152782693976,False,NORMAL
2021-11-16,17639.96,17708.1,17629.8,17693.13,270660146.0,270407146.0,0.36956451063566287,0.04949115504867807,-0.00965290782723549,0.9890491579000009,0.9952152782693976,False,NORMAL
2021-11-17,17705.29,17764.04,17669.58,17764.04,274050553.0,270659944.0,0.36925262438210726,0.06618187230814288,0.017585577326244328,0.9889082051710815,0.9952152782693976,False,NORMAL
2021-11-18,17767.06,17841.37,17748.21,17841.37,274482717.0,274050251.0,0.3590867090155223,0.060328284284039135,0.016310052363257554,0.9889006814483977,0.9952152782693976,False,NORMAL
2021-11-19,17864.19,17986.18,17786.05,17818.31,275671826.0,274482564.0,0.3620770051644586,0.08811448880638051,0.031961666698205216,0.9888482113453104,0.9952152782693976,False,NORMAL
2021-11-22,17828.53,17857.73,17790.64,17803.54,275351060.0,275671807.0,0.34242836213325245,0.08943858562692064,0.03630483068315815,0.9888714688691818,0.9952152782693976,False,NORMAL
2021-11-23,17797.9,17797.9,17650.07,17666.12,273648274.0,275351079.0,0.33613779687757606,0.055207790780463784,0.012538465187658998,0.9887627355519676,0.9952152782693976,False,NORMAL
2021-11-24,17680.16,17722.89,17588.78,17642.52,275764603.0,273648248.0,0.3291705999926169,0.04898051160818917,0.026884708157113746,0.9887232779729632,0.9952152782693976,False,NORMAL
2021-11-25,17686.12,17724.5,17609.51,17654.19,277809171.0,275764578.0,0.30271631211430483,0.035687844438473615,0.03160107534289236,0.9889344613298044,0.9952152782693976,False,NORMAL
2021-11-26,17641.79,17641.79,17330.44,17369.39,273211949.0,277809168.0,0.2778177901730374,0.017720203246506694,0.005680154809664106,0.9888126819303671,0.9952152782693976,False,NORMAL
2021-11-29,17320.01,17415.63,17167.24,17328.09,271492289.0,273211947.0,0.2580937452126544,0.006865803637783552,0.007261814511226872,0.9889042097377687,0.9952152782693976,False,NORMAL
2021-11-30,17369.79,17535.23,17369.79,17427.76,273108202.0,271492286.0,0.27001996002165773,0.0017957614511405762,0.011528373396555214,0.9889117929617932,0.9952152782693976,False,NORMAL
2021-12-01,17428.61,17626.21,17374.59,17585.99,275384843.0,273108152.0,0.28211037266229444,0.005471607389014199,0.02665896548044633,0.9889050070135409,0.9952152782693976,False,NORMAL
2021-12-02,17575.91,17741.55,17559.44,17724.88,276872544.0,275384819.0,0.27719175876080215,0.014357911387153033,0.03482628449262637,0.9888454545647652,0.9952152782693976,False,NORMAL
2021-12-03,17720.93,17781.14,17670.32,17697.14,278462123.0,276872541.0,0.28173921734639995,0.021788985528667926,0.04174172966027312,0.9887875250262744,0.9952152782693976,False,NORMAL
2021-12-06,17650.67,17763.42,17585.95,17688.21,279727169.0,278462124.0,0.2874611593563643,0.009778545543394745,0.04248220398195923,0.9887437611399682,0.9952152782693976,False,NORMAL
2021-12-07,17734.19,17796.92,17642.32,17796.92,279918579.0,279727169.0,0.28537895629388554,0.017240058758637877,0.048539095972436774,0.9887069613745344,0.9952152782693976,False,NORMAL
2021-12-08,17845.06,17988.88,17832.42,17832.42,278908956.0,279918579.0,0.28595256827495885,0.02315411154022029,0.051841506219443945,0.9886563307477568,0.9952152782693976,False,NORMAL
2021-12-09,17880.41,17925.12,17807.12,17914.12,279547192.0,278908946.0,0.3054189022866174,0.037267616610761944,0.06311093792532718,0.9885908759862069,0.9952152782693976,False,NORMAL
2021-12-10,17893.29,17893.29,17767.8,17826.26,279481062.0,279547182.0,0.28378825076499714,0.030161814990814273,0.06207272783280171,0.9886415197311831,0.9952152782693976,False,NORMAL
2021-12-13,17841.03,17919.35,17767.6,17767.6,279030569.0,279481062.0,0.27009952005627214,0.01676893909263577,0.05587098736685081,0.9886964525424478,0.9952152782693976,False,NORMAL
2021-12-14,17754.38,17754.38,17566.99,17599.37,274846778.0,278811269.0,0.25915837989166546,0.008773201897707805,0.03851400698820617,0.9887135347164895,0.9952152782693976,False,NORMAL
2021-12-15,17592.87,17678.78,17556.87,17660.1,276140551.0,274846778.0,0.24961436241724688,0.012916621259657202,0.04490050031086246,0.9886304793743984,0.9952152782693976,False,NORMAL
2021-12-16,17719.06,17814.32,17719.06,17785.74,279146029.0,276140545.0,0.2475442952737681,0.02487841419845571,0.05716960680074479,0.9884860992081764,0.9952152782693976,False,NORMAL
2021-12-17,17744.54,17822.74,17718.27,17812.59,278993538.0,279146029.0,0.24039650706108473,0.03089873659476683,0.05572775942078634,0.9883807468160587,0.9952152782693976,False,NORMAL
2021-12-20,17812.81,17812.81,17646.39,17669.11,279528026.0,278993538.0,0.22786227236149204,0.022707922015605897,0.05730080934106008,0.9884539387755549,0.9952152782693976,False,NORMAL
2021-12-21,17686.84,17825.89,17652.32,17789.27,280371186.0,279528026.0,0.24841450465946502,0.05101377658512263,0.06370682714254805,0.9885985142633951,0.9952152782693976,False,NORMAL
2021-12-22,17805.74,17870.16,17799.72,17826.83,280962193.0,280371181.0,0.24998019168836239,0.04383419349323292,0.0657598106197228,0.9884825878915162,0.9952152782693976,False,NORMAL
2021-12-23,17855.78,17960.99,17855.78,17946.66,281376657.0,280962188.0,0.262866572139286,0.039771868096469376,0.06084602589719612,0.9885997988282392,0.9952152782693976,False,NORMAL
2021-12-24,17966.35,18039.85,17953.57,17961.64,281583023.0,281376653.0,0.27672562572324577,0.03741934887664544,0.05776924143598339,0.9885647293625224,0.9952152782693976,False,NORMAL
2021-12-27,17975.41,18099.78,17975.41,18048.94,282330910.0,281583023.0,0.2617701052678676,0.05049052931535414,0.0586653423212018,0.9888799504157579,0.9952152782693976,False,NORMAL
2021-12-28,18099.71,18197.36,18099.71,18196.81,281689753.0,282330905.0,0.27616938998929097,0.07957955463689514,0.060675100845367425,0.9887217292031311,0.9952152782693976,False,NORMAL
2021-12-29,18209.14,18283.25,18192.86,18248.28,281982192.0,281689753.0,0.2805846472551501,0.077562907556465,0.06002435413148244,0.9886129078372631,0.9952152782693976,False,NORMAL
2021-12-30,18270.0,18291.25,18216.45,18218.84,282217824.0,281976763.0,0.2665200320334573,0.0994484906966373,0.08786256305132856,0.9884872339067451,0.9952152782693976,False,NORMAL
2022-01-03,18260.23,18379.69,18238.47,18270.51,282449509.0,282223239.0,0.2887012201057171,0.11348855917871092,0.1155855431158368,0.9879102082769406,0.9952152782693976,False,NORMAL
2022-01-04,18395.14,18526.35,18395.14,18526.35,283576842.0,282449467.0,0.30255450819758556,0.1254863842777516,0.12708701863288585,0.9876973092295935,0.9952152782693976,False,NORMAL
2022-01-05,18598.13,18619.61,18446.52,18499.96,284347962.0,283575969.0,0.2954900043976727,0.1285170156333495,0.13172396163602196,0.9874256595818437,0.9952152782693976,False,NORMAL
2022-01-06,18395.72,18427.15,18253.82,18367.92,284101376.0,284348548.0,0.2816538765872467,0.09896337530648203,0.1316939587557191,0.9872715467544266,0.9952152782693976,False,NORMAL
2022-01-07,18388.16,18444.12,18134.41,18169.76,281250557.0,284101376.0,0.25455169380524967,0.09190447602616025,0.11885133384139634,0.9870130992346435,0.9952152782693976,False,NORMAL
2022-01-10,18095.39,18243.26,18043.97,18239.38,281034115.0,281253143.0,0.2603176467742996,0.10791212208829104,0.12950916007744717,0.9868473848377161,0.9952152782693976,False,NORMAL
2022-01-11,18266.54,18293.53,18135.43,18288.21,278684857.0,281034115.0,0.24513776833677148,0.11868248023151473,0.12701681103436502,0.9866677252382506,0.9952152782693976,False,NORMAL
2022-01-12,18348.39,18394.7,18255.38,18375.4,277123972.0,278684857.0,0.24726710212027392,0.12132092696286412,0.12419812531534213,0.9864832671380369,0.9952152782693976,False,NORMAL
2022-01-13,18356.21,18459.73,18346.81,18436.93,276229676.0,277124547.0,0.2372092929620997,0.09866642353730581,0.1211415777848841,0.9863668796940689,0.9952152782693976,False,NORMAL
2022-01-14,18509.0,18509.0,18213.44,18403.33,273761363.0,276229676.0,0.22688621289424105,0.10163563290086008,0.11504620072931959,0.9862443782224243,0.9952152782693976,False,NORMAL
2022-01-17,18512.15,18535.42,18435.02,18525.44,273724245.0,273761394.0,0.23641989357363924,0.09613642536065137,0.11385519189856175,0.9862624807387848,0.9952152782693976,False,NORMAL
2022-01-18,18492.81,18575.41,18378.64,18378.64,272950210.0,273724223.0,0.20800841330353625,0.08827782389911776,0.10647228183060897,0.986426902599054,0.9952152782693976,False,NORMAL
2022-01-19,18275.18,18359.14,18199.35,18227.46,270452751.0,272964110.0,0.1787066047161301,0.0792178103450012,0.09053654392520794,0.9864475791240325,0.9952152782693976,False,NORMAL
2022-01-20,18212.26,18292.14,18125.2,18218.28,270323618.0,270452751.0,0.1710438186574792,0.07872345716731965,0.08781469841326661,0.9864111554977432,0.9952152782693976,False,NORMAL
2022-01-21,18113.94,18113.94,17851.39,17899.3,266694022.0,270323618.0,0.15474139877553905,0.05949128223583888,0.06670594141729236,0.9864527054632557,0.9952152782693976,False,NORMAL
2022-01-24,17843.33,18004.45,17682.33,17989.04,263350547.0,266694020.0,0.14071419240861438,0.056045611394395234,0.04863374416423194,0.9863237010338242,0.9952152782693976,False,NORMAL
2022-01-25,17890.71,17890.71,17645.66,17701.12,260593413.0,263350687.0,0.12694377543023272,0.03669613547648409,0.03028680932719996,0.9866740285315497,0.9952152782693976,False,NORMAL
2022-01-26,17657.97,17776.42,17633.03,17674.4,256445014.0,260593406.0,0.13178525894909154,0.0371308378365216,0.009157897378385016,0.986523825241706,0.9952152782693976,False,NORMAL
2022-02-07,17750.7,17900.3,17712.35,17900.3,259031744.0,256188672.0,0.1465731488598514,0.053739210391695824,0.014087099046409923,0.9866229870718217,0.9952152782693976,False,NORMAL
2022-02-08,17955.95,18063.55,17955.95,17966.56,261182820.0,259031744.0,0.13158287550142123,0.05263108557179885,0.006695113173174949,0.9870790288090654,0.9952152782693976,False,NORMAL
2022-02-09,18060.33,18168.6,18039.23,18151.76,261883380.0,261182635.0,0.1483963867297473,0.0636231049275251,0.004084925778001791,0.9870100045511309,0.9952152782693976,False,NORMAL
2022-02-10,18217.29,18338.05,18145.04,18338.05,263291737.0,261883380.0,0.13521797078948117,0.07101265260925027,0.003812093197434141,0.9869344422214006,0.9952152782693976,False,NORMAL
2022-02-11,18258.81,18310.94,18191.75,18310.94,263509550.0,263291737.0,0.14307420611610056,0.07214064638974715,0.0016971708387196749,0.9869527566837676,0.9952152782693976,False,NORMAL
2022-02-14,18182.73,18182.73,17965.22,17997.67,263152721.0,263509550.0,0.128625394599706,0.040514196185443385,-0.004526627667059913,0.9871032794523791,0.9952152782693976,False,NORMAL
2022-02-15,17978.44,18085.91,17942.68,17951.81,263551169.0,263152742.0,0.14643220926185507,0.03080681929108331,-0.007771137372198589,0.987620625241434,0.9952152782693976,False,NORMAL
2022-02-16,18109.17,18233.79,18109.17,18231.47,264034602.0,263551169.0,0.16113288900069733,0.039341875430411344,-0.006407855809266172,0.988074196476066,0.9952152782693976,False,NORMAL
2022-02-17,18213.3,18330.63,18190.24,18268.57,264774256.0,264034602.0,0.18504879384115602,0.04037210308861505,-0.011829882275177783,0.9879364941161036,0.9952152782693976,False,NORMAL
2022-02-18,18250.37,18262.96,18098.52,18232.35,267034642.0,264774235.0,0.2043847695020118,0.044682945500134075,-0.004842479100415575,0.988280454983685,0.9952152782693976,False,NORMAL
2022-02-21,18196.4,18253.1,18129.65,18221.49,269854700.0,267034642.0,0.18243890853330513,0.04015040418126814,0.0051116364773908796,0.990553479207041,0.9952152782693976,False,NORMAL
2022-02-22,18159.51,18159.51,17840.38,17969.29,267507030.0,269854700.0,0.1401797583129496,0.018986677796384077,-0.010724836657581616,0.9901497199000111,0.9952152782693976,False,NORMAL
2022-02-23,17954.75,18109.28,17954.75,18055.73,269379678.0,267507030.0,0.1448458340836405,0.020493830091114384,-0.004730907076359925,0.9899383210578037,0.9952152782693976,False,NORMAL
2022-02-24,17939.53,17939.53,17561.07,17594.55,264032727.0,269379957.0,0.12022816438328254,-0.009541185451057421,-0.03655466442353794,0.9893204644193271,0.9952152782693976,False,NORMAL
2022-02-25,17617.36,17737.32,17554.97,17652.18,266167981.0,264032674.0,0.11705690274894964,-0.01060400630669045,-0.030292384492827673,0.9891490915022618,0.9952152782693976,False,NORMAL
2022-03-01,17657.5,17944.5,17657.5,17898.25,266890791.0,266168235.0,0.09387194579731806,0.004486396296842887,-0.03185321883419456,0.9888429177968702,0.9952152782693976,False,NORMAL
2022-03-02,17864.11,17918.98,17784.64,17867.6,269009962.0,266890791.0,0.08786198187952032,0.003598160815208473,-0.023029139600915238,0.9885888145343162,0.9952152782693976,False,NORMAL
2022-03-03,17932.15,18026.03,17906.24,17934.4,271652022.0,269009930.0,0.09748381103676684,0.015186130287805355,-0.007294955567671568,0.9881515431745669,0.9952152782693976,False,NORMAL
2022-03-04,17845.01,17845.01,17710.54,17736.52,273849123.0,271652003.0,0.08082553735003195,0.005328037037792832,-0.0069460691443419265,0.9877339602594665,0.9952152782693976,False,NORMAL
2022-03-07,17581.57,17581.57,17135.68,17178.69,269033280.0,273849123.0,0.044716421178101706,-0.026934115923755164,-0.03158963747816668,0.9872330465650545,0.9952152782693976,False,NORMAL
2022-03-08,17000.0,17113.67,16764.78,16825.25,262299095.0,269056017.0,0.037792990976732055,-0.03132752503110359,-0.03994281377495679,0.9869154572909535,0.9952152782693976,False,NORMAL
2022-03-09,16944.08,17072.74,16944.08,17015.36,264064412.0,262299095.0,0.034231329829846224,-0.018047574775985065,-0.027359440031830884,0.9868671113872667,0.9952152782693976,False,NORMAL
2022-03-10,17224.73,17478.43,17224.73,17433.2,263939892.0,264064412.0,0.09273025862177042,0.0003121456802253064,-0.03357024773646311,0.9866627318083716,0.9952152782693976,False,NORMAL
2022-03-11,17373.82,17373.9,17239.9,17264.74,265609675.0,263939822.0,0.08264061684793522,-0.018267382160458423,-0.035496390772675857,0.9868754080955472,0.9952152782693976,False,NORMAL
2022-03-14,17287.9,17363.04,17217.58,17263.04,268267912.0,265609671.0,0.06484872373275419,-0.02605602971642118,-0.031077953327145358,0.9867429615357644,0.9952152782693976,False,NORMAL
2022-03-15,17177.27,17177.27,16911.95,16926.06,266035433.0,268267788.0,0.06410308800037234,-0.04357088207473059,-0.044626141128716434,0.9865588999010256,0.9952152782693976,False,NORMAL
2022-03-16,17007.58,17085.77,16808.43,16940.83,264097007.0,266035433.0,0.06846952078273238,-0.042253003554344803,-0.05587645295906174,0.9864589274009288,0.9952152782693976,False,NORMAL
2022-03-17,17172.81,17472.95,17172.81,17448.22,264605301.0,264097028.0,0.10291394939731768,-0.019593277937980158,-0.0547061865443379,0.9864163207807992,0.9952152782693976,False,NORMAL
2022-03-18,17439.91,17472.38,17359.5,17456.52,264108630.0,264605269.0,0.10114305791489242,-0.021079584262820084,-0.05306507977463437,0.9863912084212025,0.9952152782693976,False,NORMAL
2022-03-21,17503.95,17603.99,17503.95,17560.36,264625633.0,264108471.0,0.10361514536186345,-0.01974755109377402,-0.05337760287715576,0.9864461329525357,0.9952152782693976,False,NORMAL
2022-03-22,17512.41,17573.29,17468.55,17559.71,264490426.0,264625633.0,0.0853020724914646,-0.014952659727839657,-0.05363739457952965,0.9865543964933714,0.9952152782693976,False,NORMAL
2022-03-23,17581.62,17738.69,17581.62,17731.37,264802038.0,264490419.0,0.0908135129847838,-0.0020391048875481044,-0.05099273191103304,0.9866121769335532,0.9952152782693976,False,NORMAL
2022-03-24,17711.17,17711.17,17603.22,17699.06,266473625.0,264802038.0,0.08921783236601155,0.005664407305489005,-0.03046480319299938,0.9867107350561259,0.9952152782693976,False,NORMAL
2022-03-25,17695.8,17747.13,17633.86,17676.95,265405589.0,266473600.0,0.08360060221318255,0.0009541282325695732,-0.038874993046566386,0.9867317054769732,0.9952152782693976,False,NORMAL
2022-03-28,17510.15,17527.15,17368.66,17520.01,265578378.0,265405581.0,0.08042701510006878,-0.014940620969383533,-0.048604134003281896,0.9866986566259229,0.9952152782693976,False,NORMAL
2022-03-29,17568.32,17585.91,17493.01,17548.66,266075724.0,265578378.0,0.0774086680615722,-0.01481704794193317,-0.0463014810041944,0.9867113827995698,0.9952152782693976,False,NORMAL
2022-03-30,17572.9,17770.07,17572.9,17740.56,265892074.0,266075724.0,0.10393870906719505,0.004043780360188043,-0.04878205665145008,0.9867383734661854,0.9952152782693976,False,NORMAL
2022-03-31,17754.1,17767.81,17682.53,17693.47,265833142.0,265892233.0,0.09291676807159344,-0.005385268760325745,-0.05185284624790221,0.9870652882984149,0.9952152782693976,False,NORMAL
2022-04-01,17657.76,17657.76,17465.61,17625.59,265675623.0,265833142.0,0.08950653342061465,-0.011288602628734434,-0.05440792526843641,0.9870945526837055,0.9952152782693976,False,NORMAL
2022-04-06,17484.19,17528.99,17381.07,17522.5,267859193.0,265675623.0,0.09296212852698194,-0.02363448129066914,-0.04804045987368455,0.9874498604871184,0.9952152782693976,False,NORMAL
2022-04-07,17430.13,17438.6,17178.63,17178.63,265467802.0,267858764.0,0.06964385117439842,-0.04359345805839543,-0.057230797610976714,0.9875318940352223,0.9952152782693976,False,NORMAL
2022-04-08,17210.4,17316.69,17210.4,17284.54,266191618.0,265467728.0,0.06001883982955847,-0.04235151759604705,-0.05716445287552818,0.988385127083788,0.9952152782693976,False,NORMAL
2022-04-11,17273.05,17316.35,17046.67,17048.37,264163019.0,266191546.0,0.03474150535598186,-0.06311216086775662,-0.06221999136759515,0.9884199688241535,0.9952152782693976,False,NORMAL
2022-04-12,17005.84,17100.85,16905.13,16990.91,263375783.0,264163019.0,0.02633721737974848,-0.06890348021840953,-0.06598434059977798,0.9892820162412205,0.9952152782693976,False,NORMAL
2022-04-13,17080.4,17333.21,17080.4,17301.65,264230977.0,263375776.0,0.05297992286592579,-0.05034294170210607,-0.0637339156863459,0.9905741098693956,0.9952152782693976,False,NORMAL
2022-04-14,17353.25,17374.14,17245.65,17245.65,264837707.0,264230977.0,0.04069510623198713,-0.05609367226202211,-0.06235380639305699,0.9904292114251317,0.9952152782693976,False,NORMAL
2022-04-15,17139.34,17141.33,17004.18,17004.18,264314252.0,264837707.0,0.015789250454155246,-0.0821624335068698,-0.0679272322244141,0.9902197593105703,0.9952152782693976,False,NORMAL
2022-04-18,16958.66,16999.36,16845.51,16898.87,263433781.0,264314247.0,0.004966292722843768,-0.0865455925310109,-0.07355136591413303,0.9900989614349471,0.9952152782693976,False,NORMAL
2022-04-19,16926.34,17106.26,16926.34,16993.4,263384134.0,263433560.0,0.003955941119337725,-0.07483264299931602,-0.07292200513664526,0.9899502106816143,0.9952152782693976,False,NORMAL
2022-04-20,17057.13,17148.88,16983.55,17148.88,264434627.0,263383905.0,0.017490106264944627,-0.05618566233125799,-0.059789854922847274,0.989927221953244,0.9952152782693976,False,NORMAL
2022-04-21,17159.88,17213.66,17106.37,17127.95,264441722.0,264434648.0,0.01591072201759225,-0.06093573356111892,-0.05904049406955447,0.9896942770400726,0.9952152782693976,False,NORMAL
2022-04-22,17088.76,17088.76,16923.87,17025.09,264899731.0,264441722.0,0.011897834817541364,-0.06906744837247603,-0.04946492661422219,0.989373747096134,0.9952152782693976,False,NORMAL
2022-04-25,16912.3,16912.3,16579.89,16620.9,259689943.0,264899725.0,-0.014530442067666405,-0.09548091470117659,-0.06291057707559133,0.9891387167437362,0.9952152782693976,False,NORMAL
2022-04-26,16677.84,16729.47,16582.11,16644.79,257398956.0,259689780.0,-0.025294069766284233,-0.09720381864008809,-0.06817051763837279,0.9887511603767768,0.9952152782693976,False,NORMAL
2022-04-27,16427.32,16427.32,16219.41,16303.35,252837739.0,257398905.0,-0.04985543869300968,-0.11410869663262035,-0.07643015716575019,0.9884260076110097,0.9952152782693976,False,NORMAL
2022-04-28,16350.72,16455.57,16256.88,16419.38,252966966.0,252837713.0,-0.048884105453888105,-0.11368474918814331,-0.0758328112294181,0.9881072895558227,0.9952152782693976,False,NORMAL
2022-04-29,16599.84,16663.66,16521.94,16592.18,251787563.0,252966905.0,-0.042235943816248844,-0.09720305746235847,-0.077532994021144,0.9877654637051625,0.9952152782693976,False,NORMAL
2022-05-03,16593.21,16604.87,16465.99,16498.9,251848012.0,251788089.0,-0.04087928748275638,-0.09483274136934039,-0.06879108802261735,0.9873593612746108,0.9952152782693976,False,NORMAL
2022-05-04,16531.37,16617.06,16514.3,16565.83,252497809.0,251848012.0,-0.0310663234479559,-0.09070285449559434,-0.06594247713864199,0.986945182906503,0.9952152782693976,False,NORMAL
2022-05-05,16689.98,16783.78,16650.81,16696.12,253143450.0,252497763.0,-0.034921420301533,-0.06721938846770548,-0.05080943284135553,0.9863159355643649,0.9952152782693976,False,NORMAL
2022-05-06,16491.11,16491.11,16312.17,16408.2,253016723.0,253143450.0,-0.06624577673143339,-0.08787795235321061,-0.03923980457879972,0.9857368204313548,0.9952152782693976,False,NORMAL
2022-05-09,16345.84,16345.84,16048.92,16048.92,250126279.0,253016723.0,-0.08791707159054107,-0.09333872658905196,-0.04016653329606612,0.985758510018678,0.9952152782693976,False,NORMAL
2022-05-10,15891.4,16071.5,15734.44,16061.7,248696514.0,250125870.0,-0.08571666022485791,-0.0912449644683837,-0.030215054210412484,0.9853114282749514,0.9952152782693976,False,NORMAL
2022-05-11,16053.75,16081.15,15953.27,16006.25,248382067.0,248696514.0,-0.08882792744892887,-0.10581107579202575,-0.04111340500413729,0.9849482725093331,0.9952152782693976,False,NORMAL
2022-05-12,15943.62,15943.62,15616.68,15616.68,244115519.0,248382028.0,-0.09323175989339427,-0.13079187112057067,-0.06534618548034665,0.9840198568008902,0.9952152782693976,False,NORMAL
2022-05-13,15687.15,15860.69,15687.15,15832.54,243816019.0,244115467.0,-0.06503214285292458,-0.1277683265975309,-0.06899010162462393,0.9837759755252714,0.9952152782693976,False,NORMAL
2022-05-16,15943.69,16032.85,15847.46,15901.04,242279780.0,243816019.0,-0.05595056591765091,-0.13289362827563445,-0.07980484780652264,0.9834500804209713,0.9952152782693976,False,NORMAL
2022-05-17,15915.93,16085.85,15915.93,16056.09,241600907.0,242279780.0,-0.055210669892835074,-0.12314223081938991,-0.08314174192168744,0.9833064681694687,0.9952152782693976,False,NORMAL
2022-05-18,16174.78,16316.58,16172.8,16296.86,240843578.0,241600907.0,-0.057167486259762756,-0.09450167716154356,-0.08477641012117831,0.9832372813223809,0.9952152782693976,False,NORMAL
2022-05-19,16111.49,16111.49,15892.73,16020.32,241325531.0,240843572.0,-0.07051041419479787,-0.10759305050577084,-0.08433139600302819,0.9833295316973115,0.9952152782693976,False,NORMAL
2022-05-20,16061.92,16181.66,16058.2,16144.85,241803166.0,241325531.0,-0.02642926878098406,-0.11445154998472429,-0.08419894904532244,0.9840036875282565,0.9952152782693976,False,NORMAL
2022-05-23,16193.92,16249.45,16125.45,16156.41,242488788.0,241803166.0,0.015974977314701988,-0.11561715011081874,-0.08416780519628764,0.9848994395055956,0.9952152782693976,False,NORMAL
2022-05-24,16166.57,16219.8,15963.63,15963.63,242277778.0,242488788.0,0.018731852381286496,-0.12443376745180956,-0.09271030835018024,0.9850791295591843,0.9952152782693976,False,NORMAL
2022-05-25,15987.74,16169.18,15980.9,16104.03,242997709.0,242277778.0,0.017497847045792936,-0.11620674269777065,-0.09952389563717068,0.9855582156797591,0.9952152782693976,False,NORMAL
2022-05-26,16128.21,16179.01,15949.61,15968.83,243362307.0,242997692.0,0.04005108803046009,-0.11132660221967594,-0.09025827470777126,0.9860092735795503,0.9952152782693976,False,NORMAL
2022-05-27,16075.91,16266.22,16075.91,16266.22,242664227.0,243362307.0,0.0074470549325591495,-0.09911036551831465,-0.09917396589953609,0.9869783674185598,0.9952152782693976,False,NORMAL
2022-05-30,16368.93,16610.62,16368.93,16610.62,241249354.0,242664227.0,0.02962685632747486,-0.05592243052536161,-0.08628995828990549,0.9869707183625185,0.9952152782693976,False,NORMAL
2022-05-31,16561.68,16807.77,16493.07,16807.77,240591083.0,241249354.0,0.04771180798835073,-0.04783601798757997,-0.09609306838451015,0.9873391247504707,0.9952152782693976,False,NORMAL
2022-06-01,16718.91,16811.04,16649.91,16675.09,241873188.0,240591083.0,0.02288238418948274,-0.06833964214378496,-0.0937372282732678,0.9875104363118838,0.9952152782693976,False,NORMAL
2022-06-02,16605.46,16617.26,16540.55,16552.57,242845808.0,241873173.0,0.01311520361065921,-0.07359858067115888,-0.0972609111033591,0.9881777049569799,0.9952152782693976,False,NORMAL
2022-06-06,16570.89,16654.12,16509.01,16605.96,242964895.0,242845808.0,0.0006200412517241016,-0.07407217414577583,-0.1056024791893505,0.9885325358940672,0.9952152782693976,False,NORMAL
2022-06-07,16593.75,16593.75,16465.87,16512.88,243261143.0,242964895.0,-0.007859435017114502,-0.06898985821344883,-0.11169646871573147,0.9887304432164713,0.9952152782693976,False,NORMAL
2022-06-08,16538.67,16702.99,16538.67,16670.51,242754599.0,243261143.0,0.00415019989025156,-0.029581999558755623,-0.09767817944307855,0.9892507737433464,0.9952152782693976,False,NORMAL
2022-06-09,16643.95,16643.95,16557.54,16621.34,242714824.0,242754599.0,-0.014789998850088248,-0.012119285003194591,-0.07466389085330238,0.9888410782378232,0.9952152782693976,False,NORMAL
2022-06-10,16581.81,16581.81,16403.33,16460.12,242197902.0,242714777.0,-0.03563948178010523,-0.032631692776409205,-0.08280748562210649,0.9889015233500925,0.9952152782693976,False,NORMAL
2022-06-13,16295.07,16295.07,16055.89,16070.98,241556677.0,242197882.0,-0.06359257865167889,-0.07813941215611597,-0.08480421368059055,0.9892073469518731,0.9952152782693976,False,NORMAL
2022-06-14,15975.17,16067.8,15869.06,16047.37,241574083.0,241556660.0,-0.06511316023731961,-0.0705119219866619,-0.09049215545329814,0.9893335419359722,0.9952152782693976,False,NORMAL
2022-06-15,16025.84,16106.75,15981.56,15999.25,240486013.0,241574083.0,-0.07230073245290547,-0.07320784751700748,-0.103560275967705,0.9893499578025434,0.9952152782693976,False,NORMAL
2022-06-16,16098.29,16209.25,15838.29,15838.61,235540080.0,240486010.0,-0.07632639564808907,-0.06424708408217861,-0.11462891486338211,0.9893834956966072,0.9952152782693976,False,NORMAL
2022-06-17,15794.16,15794.16,15573.38,15641.26,231698791.0,235540061.0,-0.08444495434593136,-0.07671229803970647,-0.12267543796889757,0.9895184938460818,0.9952152782693976,False,NORMAL
2022-06-20,15649.2,15667.68,15367.58,15367.58,222702330.0,231698697.0,-0.10005908805291097,-0.11924654778539023,-0.15836028545777325,0.988812771896312,0.9952152782693976,False,NORMAL
2022-06-21,15427.33,15728.64,15427.33,15728.64,219229066.0,222701205.0,-0.07294376708542039,-0.09898192766943248,-0.16992842679923026,0.9891613506090061,0.9952152782693976,False,NORMAL
2022-06-22,15687.46,15687.46,15346.95,15347.75,214114018.0,219227780.0,-0.10556831837344594,-0.12600026423148503,-0.1908795245092526,0.9892648364975443,0.9952152782693976,False,NORMAL
2022-06-23,15305.51,15380.28,15102.4,15176.44,210404758.0,214113720.0,-0.118341861513508,-0.13572376764764327,-0.2044900785936199,0.9896316711482486,0.9952152782693976,False,NORMAL
2022-06-24,15232.34,15424.37,15232.34,15303.32,209523532.0,210404095.0,-0.11904527527892295,-0.13693527347294654,-0.20875408066156953,0.9902619117432279,0.9952152782693976,False,NORMAL
2022-06-27,15409.08,15656.35,15409.08,15548.01,209629086.0,209523444.0,-0.10167923706339199,-0.12153470297292635,-0.2133214459780025,0.990696688591579,0.9952152782693976,False,NORMAL
2022-06-28,15519.56,15533.34,15375.65,15439.92,209327189.0,209629060.0,-0.11216915335344768,-0.126550677577297,-0.21129321432639459,0.9911145628134308,0.9952152782693976,False,NORMAL
2022-06-29,15365.54,15365.54,15218.07,15240.13,209726316.0,209326994.0,-0.12001069374208229,-0.13013006271115135,-0.2103034984271197,0.9913794382182176,0.9952152782693976,False,NORMAL
2022-06-30,15146.92,15147.77,14825.73,14825.73,206725105.0,209726316.0,-0.13111719054936477,-0.1551645538747688,-0.2230591280849057,0.9916283628916802,0.9952152782693976,False,NORMAL
2022-07-01,14812.13,14812.13,14336.03,14343.08,196445574.0,206723788.0,-0.16002237116813223,-0.19150917445672522,-0.26118303925072994,0.9914032731508593,0.9952152782693976,False,NORMAL
2022-07-04,14237.83,14412.47,14167.1,14217.06,193412424.0,196443496.0,-0.17994475307021918,-0.1964798312597812,-0.27242922930956437,0.9918179220879214,0.9952152782693976,False,NORMAL
2022-07-05,14345.54,14488.8,14100.89,14349.2,193180359.0,193411080.0,-0.17571042212872723,-0.1858882454431312,-0.2728713428104015,0.9921850190245233,0.9952152782693976,False,NORMAL
2022-07-06,14289.67,14319.32,13985.51,13985.51,191054887.0,193180290.0,-0.2009645209189973,-0.20185418747324868,-0.2867338811104385,0.992547049569203,0.9952152782693976,False,NORMAL
2022-07-07,14052.18,14355.15,13951.81,14336.27,189771527.0,191054815.0,-0.18502106478494362,-0.1654590616364635,-0.2851429605764393,0.9928457361817784,0.9952152782693976,False,NORMAL
2022-07-08,14462.5,14552.42,14373.84,14464.53,189954736.0,189771353.0,-0.17806717622664592,-0.16315215793998572,-0.28639850710851456,0.993132105933338,0.9952152782693976,False,NORMAL
2022-07-11,14478.31,14525.03,14313.94,14340.53,190305569.0,189954736.0,-0.19233126035596926,-0.15883277990799116,-0.27959042215519203,0.9933021857404437,0.9952152782693976,False,NORMAL
2022-07-12,14235.63,14235.63,13928.66,13950.62,188217854.0,190305560.0,-0.21244963006536088,-0.17893626650956296,-0.2853638559472266,0.9938793110086234,0.9952152782693976,False,NORMAL
2022-07-13,14194.94,14403.51,14194.94,14324.68,188486826.0,188217421.0,-0.1911598715990548,-0.17206278013946652,-0.28665886134917484,0.9943785286983534,0.9952152782693976,False,NORMAL
2022-07-14,14252.02,14450.47,14159.39,14438.52,189160534.0,188486826.0,-0.1942488921181763,-0.16277322107314018,-0.2857492381173652,0.9945265590645795,0.9952152782693976,False,NORMAL
2022-07-15,14483.96,14579.73,14378.33,14550.62,190602949.0,189160421.0,-0.18770930945951747,-0.14429158007031206,-0.27887751962765894,0.9945441969448113,0.9952152782693976,False,NORMAL
2022-07-18,14589.1,14719.64,14589.1,14719.64,190943686.0,190602860.0,-0.1754021833329692,-0.128957143288279,-0.27517387756735723,0.9945463329844133,0.9952152782693976,False,NORMAL
2022-07-19,14638.45,14720.13,14598.99,14694.08,191618764.0,190943686.0,-0.1775436035528759,-0.13530664846352125,-0.2724741574600693,0.9945869654529939,0.9952152782693976,False,NORMAL
2022-07-20,14810.4,14906.95,14694.2,14733.22,191024002.0,191618764.0,-0.16579924219261355,-0.14086400977789815,-0.27761351012475377,0.994672316196219,0.9952152782693976,False,NORMAL
2022-07-21,14744.17,14937.7,14716.02,14937.7,190847336.0,191024002.0,-0.16147842776012344,-0.12787578198208194,-0.2783009634160528,0.9946639794613568,0.9952152782693976,False,NORMAL
2022-07-22,14953.27,14996.24,14902.32,14949.36,191145679.0,190847336.0,-0.1623844657408985,-0.12192182243970517,-0.2784225250874264,0.9946482949375435,0.9952152782693976,False,NORMAL
2022-07-25,14902.25,14968.23,14851.37,14936.33,191585486.0,191145679.0,-0.1630315341187678,-0.10135251400345358,-0.26225296294974354,0.9944667815849324,0.9952152782693976,False,NORMAL
2022-07-26,14912.41,14912.41,14750.71,14806.78,191179256.0,191585486.0,-0.1789606297815426,-0.11042554456980236,-0.257264835215571,0.9943920641398757,0.9952152782693976,False,NORMAL
2022-07-27,14791.71,14921.59,14717.02,14921.59,191169234.0,191179256.0,-0.16617035246783363,-0.0847531335584405,-0.2439054598570034,0.9942210656926729,0.9952152782693976,False,NORMAL
2022-07-28,14978.95,15031.99,14849.94,14891.9,192038817.0,191169220.0,-0.1628708349143444,-0.09302909123243397,-0.2408541714494058,0.9941224466507537,0.9952152782693976,False,NORMAL
2022-07-29,14950.18,15035.27,14929.49,15000.07,190881495.0,192038817.0,-0.14425851487328822,-0.0959554440706405,-0.24189466419356065,0.9941019705319365,0.9952152782693976,False,NORMAL
2022-08-01,14982.27,14994.36,14886.81,14981.69,191030394.0,190881492.0,-0.14188268488251476,-0.09195825176223871,-0.24148540032946542,0.9940257326880015,0.9952152782693976,False,NORMAL
2022-08-02,14860.94,14860.94,14663.46,14747.23,191188634.0,191030394.0,-0.16076980115898132,-0.10978019211835455,-0.24281072078530397,0.9941067615559204,0.9952152782693976,False,NORMAL
2022-08-03,14757.51,14777.02,14673.35,14777.02,190662760.0,191188634.0,-0.15910275583113098,-0.11494287295491401,-0.24681930344237624,0.9941828754958613,0.9952152782693976,False,NORMAL
2022-08-04,14741.47,14766.57,14545.69,14702.2,190023702.0,190662760.0,-0.15521881729944909,-0.10397240404188146,-0.24896781624983733,0.9942991290318601,0.9952152782693976,False,NORMAL
2022-08-05,14802.34,15041.41,14802.34,15036.04,189978040.0,190023702.0,-0.12934839694797928,-0.06311203495313078,-0.24047149000285573,0.9944296601034466,0.9952152782693976,False,NORMAL
2022-08-08,14972.21,15034.87,14908.17,15020.41,190076960.0,189978040.0,-0.12341889978652165,-0.06483062191424327,-0.23570718003711144,0.9944398814475596,0.9952152782693976,False,NORMAL
2022-08-09,14965.12,15077.63,14905.23,15050.28,190402068.0,190076960.0,-0.1351810426017408,-0.05972479500195227,-0.23343069691098106,0.9944478550408377,0.9952152782693976,False,NORMAL
2022-08-10,14940.76,14982.33,14890.55,14939.02,192314868.0,190402068.0,-0.1338398055128277,-0.04339334608892542,-0.21219728762922274,0.9941965276417651,0.9952152782693976,False,NORMAL
2022-08-11,15087.59,15204.79,15087.59,15197.85,191062639.0,192314868.0,-0.13171417014411002,-0.04008769281492419,-0.21636552108579876,0.9941724268668245,0.9952152782693976,False,NORMAL
2022-08-12,15203.91,15298.42,15198.93,15288.97,190697137.0,191063194.0,-0.12902022130871105,-0.038492450808249146,-0.21290527422470007,0.9941362561503079,0.9952152782693976,False,NORMAL
2022-08-15,15332.92,15437.23,15315.12,15417.35,190603369.0,190697137.0,-0.12520164390494948,-0.03978178996256243,-0.21108173240425787,0.9941133736566353,0.9952152782693976,False,NORMAL
2022-08-16,15435.04,15451.83,15392.49,15420.57,190229176.0,190603366.0,-0.1239865432945978,-0.05377048093927306,-0.21015466727537158,0.9940858990080622,0.9952152782693976,False,NORMAL
2022-08-17,15423.44,15475.89,15390.84,15465.45,190980581.0,190229021.0,-0.11758513500868395,-0.03463538805716737,-0.2086184159271569,0.9940571740267884,0.9952152782693976,False,NORMAL
2022-08-18,15384.73,15396.76,15311.22,15396.76,191769761.0,190980571.0,-0.11943792303754908,-0.04633613814931692,-0.2069179069392334,0.9940260357829662,0.9952152782693976,False,NORMAL
2022-08-19,15394.36,15458.45,15346.26,15408.78,192885043.0,191769761.0,-0.11053450660484743,-0.04627451271662453,-0.20456098366081976,0.9940181528520771,0.9952152782693976,False,NORMAL
2022-08-22,15375.2,15375.2,15229.36,15245.14,193054091.0,192885045.0,-0.11505307310888957,-0.045007933659199084,-0.2031704575068375,0.9940287465185329,0.9952152782693976,False,NORMAL
2022-08-23,15225.17,15225.17,15086.43,15095.89,193774141.0,193054091.0,-0.1233482811206078,-0.06260172143246134,-0.20256803326487327,0.9940589518249326,0.9952152782693976,False,NORMAL
2022-08-24,15112.15,15183.96,15053.52,15069.19,193820303.0,193743960.0,-0.11264324633393608,-0.05633725200907014,-0.20357303729866438,0.9940364420987708,0.9952152782693976,False,NORMAL
2022-08-25,15105.31,15244.06,15105.31,15200.04,194090529.0,193845866.0,-0.09838974017677449,-0.06554565227815667,-0.20016835031889557,0.9944254691310171,0.9952152782693976,False,NORMAL
2022-08-26,15221.5,15337.25,15221.5,15278.44,193725901.0,194085544.0,-0.08300162771826547,-0.08020049823546616,-0.19698893369886494,0.9944168608513798,0.9952152782693976,False,NORMAL
2022-08-29,15197.19,15197.19,14843.72,14926.19,192898342.0,193723360.0,-0.11292342271935496,-0.11194703402057504,-0.19823154044325075,0.9943810534202016,0.9952152782693976,False,NORMAL
2022-08-30,14919.67,15027.5,14911.97,14953.63,194135619.0,192898342.0,-0.08682352797488924,-0.10323542481629788,-0.1973661049194092,0.9943922754918303,0.9952152782693976,False,NORMAL
2022-08-31,14912.12,15095.44,14874.33,15095.44,193955614.0,194135622.0,-0.07627613367813124,-0.08803043877778494,-0.20132195981739986,0.9944887123662011,0.9952152782693976,False,NORMAL
2022-09-01,14981.0,14981.0,14773.19,14801.86,195124063.0,193955219.0,-0.1158761522031031,-0.10864171658850186,-0.1969042976352613,0.9944010882869226,0.9952152782693976,False,NORMAL
2022-09-02,14790.28,14817.4,14673.04,14673.04,195241476.0,195124441.0,-0.12757740923363414,-0.11141848060423132,-0.19739966033128442,0.9945996538442893,0.9952152782693976,False,NORMAL
2022-09-05,14670.18,14753.03,14632.79,14661.1,193991758.0,195241476.0,-0.13990259218367396,-0.12053680421294843,-0.2008729853146881,0.9945764413481544,0.9952152782693976,False,NORMAL
2022-09-06,14705.16,14789.31,14623.22,14677.2,192604634.0,193991758.0,-0.14002259336167655,-0.11696650209910875,-0.20645706419645793,0.9946295355988146,0.9952152782693976,False,NORMAL
2022-09-07,14557.86,14557.86,14397.12,14410.05,192284618.0,192604634.0,-0.1626897959491992,-0.12454769467051274,-0.20608470836382387,0.9945873989436184,0.9952152782693976,False,NORMAL
2022-09-08,14447.09,14583.42,14447.09,14583.42,192296272.0,192284582.0,-0.16170475474405233,-0.09256187239359392,-0.20392897274373423,0.9945317685000975,0.9952152782693976,False,NORMAL
2022-09-12,14711.34,14856.23,14711.34,14807.43,191781992.0,192296252.0,-0.15339139602602359,-0.07726748993760346,-0.20611520234974878,0.9944976497056789,0.9952152782693976,False,NORMAL
2022-09-13,14895.87,14949.56,14856.98,14894.41,191402802.0,191781992.0,-0.1476239828453605,-0.06905573698767131,-0.20410006547865223,0.9945144613314278,0.9952152782693976,False,NORMAL
2022-09-14,14695.19,14699.78,14522.7,14658.31,192668070.0,191402802.0,-0.15366552423359214,-0.07452042824465033,-0.18201577413067027,0.9942254976754038,0.9952152782693976,False,NORMAL
2022-09-15,14647.0,14750.28,14624.55,14670.04,193431438.0,192668024.0,-0.16252172185521185,-0.06209346305860264,-0.1651599166091462,0.994000150521678,0.9952152782693976,False,NORMAL
2022-09-16,14602.16,14602.16,14521.65,14561.76,193925843.0,193431427.0,-0.1676758900961972,-0.05243636278451125,-0.12921502437805654,0.993181321537909,0.9952152782693976,False,NORMAL
2022-09-19,14567.27,14585.06,14424.33,14425.68,192813997.0,193926064.0,-0.17231122843879143,-0.0828399658203125,-0.12049072452828857,0.993061391099407,0.9952152782693976,False,NORMAL
2022-09-20,14474.95,14558.72,14461.39,14549.3,192516612.0,192813997.0,-0.15756298750064424,-0.052023912299848596,-0.10086871565784172,0.9927617938049359,0.9952152782693976,False,NORMAL
2022-09-21,14517.34,14525.46,14384.11,14424.52,192445009.0,192530791.0,-0.16642135234360422,-0.049545216137644954,-0.08535809347049084,0.9925644371518221,0.9952152782693976,False,NORMAL
2022-09-22,14325.67,14325.67,14151.8,14284.63,192613079.0,192444955.0,-0.18254755338757978,-0.06656660123424196,-0.08070908713012725,0.9927478580897068,0.9952152782693976,False,NORMAL
2022-09-23,14231.03,14277.53,14109.71,14118.38,191583846.0,192612937.0,-0.19075265772533,-0.09194938773515071,-0.08608175680353825,0.9926888120709182,0.9952152782693976,False,NORMAL
2022-09-26,13993.42,13993.42,13743.19,13778.19,184889118.0,191583706.0,-0.20973507160924354,-0.1076255576453764,-0.11674580410096658,0.9921177055880033,0.9952152782693976,False,NORMAL
2022-09-27,13812.99,13862.84,13732.32,13826.59,184541425.0,184888915.0,-0.20326207214475045,-0.09275117731935356,-0.12008455343296065,0.9920249003883065,0.9952152782693976,False,NORMAL
2022-09-28,13816.7,13854.09,13466.07,13466.07,179729983.0,184541295.0,-0.2206549103809894,-0.09170948074732244,-0.13058463315328828,0.9918645075248825,0.9952152782693976,False,NORMAL
2022-09-29,13550.7,13651.29,13462.57,13534.26,179024025.0,179729307.0,-0.21662183773721855,-0.05639095647517822,-0.08868384583711719,0.9906547435023452,0.9952152782693976,False,NORMAL
2022-09-30,13409.65,13466.82,13274.72,13424.58,177794031.0,179023927.0,-0.2068579247563781,-0.0557414824161957,-0.08075175667101919,0.9905491556126216,0.9952152782693976,False,NORMAL
2022-10-03,13359.26,13440.23,13273.48,13300.48,178045703.0,177794033.0,-0.2212022095979559,-0.07308560756000337,-0.07834469341678774,0.9905132138225008,0.9952152782693976,False,NORMAL
2022-10-04,13447.36,13586.96,13447.36,13576.52,177739064.0,178045683.0,-0.21342001449578474,-0.029243838801731203,-0.06969632239765733,0.9904628363091315,0.9952152782693976,False,NORMAL
2022-10-05,13727.3,13902.02,13727.3,13801.43,176873002.0,177739062.0,-0.20286396319230304,-0.03730677505376223,-0.06796870533691812,0.9904343571872746,0.9952152782693976,False,NORMAL
2022-10-06,13865.45,13899.23,13814.33,13892.05,176853569.0,176873002.0,-0.1914501927661476,-0.039578195765780255,-0.0689699413443422,0.990429377987887,0.9952152782693976,False,NORMAL
2022-10-07,13847.52,13847.52,13684.21,13702.28,177495761.0,176853543.0,-0.1870717263130166,-0.044506723252208946,-0.06731178739178145,0.9904272464962031,0.9952152782693976,False,NORMAL
2022-10-11,13394.12,13394.12,13106.03,13106.03,176101935.0,177495726.0,-0.2260875110792765,-0.06054139529282565,-0.06437178377349895,0.9904227935528683,0.9952152782693976,False,NORMAL
2022-10-12,13076.91,13130.73,12991.59,13081.24,175702561.0,176101082.0,-0.21058917173428826,-0.08680403331871989,-0.06782577473080265,0.9904099696957324,0.9952152782693976,False,NORMAL
2022-10-13,13108.4,13111.39,12809.43,12810.73,170337688.0,175702564.0,-0.2192554400655763,-0.11273939434235647,-0.09950725768198565,0.98976367356971,0.9952152782693976,False,NORMAL
2022-10-14,13023.71,13221.87,13023.71,13128.12,169501621.0,170337154.0,-0.2024591832085415,-0.09776215721391945,-0.11070829759302414,0.9896441091872324,0.9952152782693976,False,NORMAL
2022-10-17,12988.83,12988.83,12814.82,12966.05,169222006.0,169501621.0,-0.20905731414809592,-0.11913266900549202,-0.1137596139209337,0.9895738298123187,0.9952152782693976,False,NORMAL
2022-10-18,13075.05,13143.15,12978.13,13124.68,169517149.0,169221975.0,-0.21474273447306602,-0.10680491735447195,-0.1153416008883138,0.989611058667245,0.9952152782693976,False,NORMAL
2022-10-19,13096.35,13155.62,12976.76,12976.76,169664840.0,169517149.0,-0.22016678655539546,-0.11921765914036442,-0.11181402219811098,0.9894961427180221,0.9952152782693976,False,NORMAL
2022-10-20,12912.93,12946.1,12698.91,12946.1,169779618.0,169664840.0,-0.21361684861178265,-0.13332708516036607,-0.11039042221684459,0.9894479903974305,0.9952152782693976,False,NORMAL
2022-10-21,12931.2,12954.02,12813.6,12819.2,169136477.0,169779618.0,-0.215854670818859,-0.14249171870902833,-0.11514360206907948,0.9894214360373731,0.9952152782693976,False,NORMAL
2022-10-24,12913.58,13027.84,12856.77,12856.98,168938958.0,169136476.0,-0.21542928417650764,-0.13921425142588573,-0.11820586450896386,0.9893308532957614,0.9952152782693976,False,NORMAL
2022-10-25,12830.29,12843.31,12629.48,12666.12,167883694.0,168938958.0,-0.2452192007837345,-0.14457295914439194,-0.12185193355915147,0.9892747551571504,0.9952152782693976,False,NORMAL
2022-10-26,12666.42,12791.97,12635.52,12729.05,166897241.0,167883555.0,-0.23803056006838486,-0.1469374242289193,-0.12696600018808468,0.9891764796035871,0.9952152782693976,False,NORMAL
2022-10-27,12807.69,12954.32,12807.69,12926.37,166357481.0,166897201.0,-0.23515635770652865,-0.1319865161597915,-0.13372992190427835,0.9890587984129305,0.9952152782693976,False,NORMAL
2022-10-28,12874.83,12891.38,12723.98,12788.42,165925766.0,166357481.0,-0.24274299465531957,-0.14744264526765538,-0.1307393836159969,0.9890095078115362,0.9952152782693976,False,NORMAL
2022-10-31,12862.37,12977.61,12826.34,12949.75,165317881.0,165925636.0,-0.23326668446864351,-0.1356282235181745,-0.13459906804149713,0.9888885278624456,0.9952152782693976,False,NORMAL
2022-11-01,12933.12,13062.9,12907.61,13037.21,165337843.0,165317881.0,-0.22805312888942586,-0.11595533534094205,-0.1352109194943042,0.9889240923356579,0.9952152782693976,False,NORMAL
2022-11-02,13033.15,13100.17,13014.04,13100.17,165071224.0,165337843.0,-0.22457772589947822,-0.11347687152078023,-0.13422409284330095,0.9888409832971603,0.9952152782693976,False,NORMAL
2022-11-03,12985.55,12991.37,12905.35,12986.6,165908630.0,165071224.0,-0.2376223557824958,-0.1166900191808029,-0.1269056004392547,0.9885522283271281,0.9952152782693976,False,NORMAL
2022-11-04,12941.78,13029.94,12868.25,13026.71,166888609.0,165908630.0,-0.23706861967079662,-0.13363425476388746,-0.12153736821371564,0.9883687863015735,0.9952152782693976,False,NORMAL
2022-11-07,13109.35,13246.59,13103.35,13223.73,166176469.0,166888209.0,-0.2240337338623125,-0.11961590928609811,-0.12574112612070398,0.9881481285737654,0.9952152782693976,False,NORMAL
2022-11-08,13274.91,13389.25,13274.91,13347.76,165607194.0,166176459.0,-0.2142557340995478,-0.11312214789359398,-0.13022376416625892,0.9883350131124327,0.9952152782693976,False,NORMAL
2022-11-09,13410.19,13638.81,13410.19,13638.81,164523129.0,165607191.0,-0.20092464132212817,-0.0870344908836056,-0.1445116505500761,0.988023293139354,0.9952152782693976,False,NORMAL
2022-11-10,13556.51,13559.4,13463.85,13503.76,165142511.0,164523096.0,-0.20873176268328142,-0.11146905647838345,-0.13566298537308485,0.9878735109082883,0.9952152782693976,False,NORMAL
2022-11-11,13878.95,14045.51,13878.95,14007.56,163366822.0,165142511.0,-0.18190461951062253,-0.08381270942385266,-0.1433179093821424,0.9877058635798368,0.9952152782693976,False,NORMAL
2022-11-14,14080.91,14217.3,14076.94,14174.9,162495854.0,163366822.0,-0.17003242605185598,-0.08058777935248285,-0.14746599258694115,0.9875626004782956,0.9952152782693976,False,NORMAL
2022-11-15,14325.49,14568.51,14278.53,14546.31,163015639.0,162495854.0,-0.15902213691470735,-0.056694402346994965,-0.14305658875376714,0.9874076964098193,0.9952152782693976,False,NORMAL
2022-11-16,14637.85,14657.66,14481.06,14537.35,163257826.0,163015639.0,-0.16525411563395398,-0.06001118622477852,-0.14516007258350527,0.9872671587623939,0.9952152782693976,False,NORMAL
2022-11-17,14489.41,14545.89,14383.55,14535.23,163979296.0,163257826.0,-0.17137382734291984,-0.05595527890283414,-0.14491578262956695,0.9871220141021765,0.9952152782693976,False,NORMAL
2022-11-18,14584.31,14669.98,14470.48,14504.99,163816097.0,163979296.0,-0.1739590481587049,-0.05865422181379709,-0.15070606589231494,0.9870125643151547,0.9952152782693976,False,NORMAL
2022-11-21,14514.71,14530.76,14421.65,14449.39,163892375.0,163816097.0,-0.17207429070415048,-0.052196962441801165,-0.15105463887838566,0.986928767519614,0.9952152782693976,False,NORMAL
2022-11-22,14404.08,14542.79,14371.09,14542.2,164157179.0,163892375.0,-0.16987715012960858,-0.03667819519087634,-0.15284269535221418,0.9868934159448978,0.9952152782693976,False,NORMAL
2022-11-23,14595.5,14647.98,14573.41,14608.54,164344922.0,164157179.0,-0.17159177451888263,-0.030568995413821187,-0.15207581736161047,0.9868224826927129,0.9952152782693976,False,NORMAL
2022-11-24,14649.8,14784.0,14649.8,14784.0,164282017.0,164344922.0,-0.16442144493371158,-0.027370980602682726,-0.15358045626224248,0.986854679342226,0.9952152782693976,False,NORMAL
2022-11-25,14764.94,14835.66,14756.01,14778.51,163925314.0,164282017.0,-0.1680659354516203,-0.03272127259065716,-0.15382861479116305,0.9867779631475146,0.9952152782693976,False,NORMAL
2022-11-28,14636.9,14638.19,14503.12,14556.87,165119440.0,163925464.0,-0.1840946070845455,-0.024743085810913557,-0.14400798737813936,0.9865547244487713,0.9952152782693976,False,NORMAL
2022-11-29,14503.79,14716.58,14449.05,14709.64,165330932.0,165119440.0,-0.174464918390128,-0.01631643955347295,-0.1483740446414421,0.9864160085105741,0.9952152782693976,False,NORMAL
2022-11-30,14678.23,14879.55,14678.23,14879.55,165400997.0,165330932.0,-0.16423643837124535,-0.014301669908263759,-0.14722243100423993,0.986354083538662,0.9952152782693976,False,NORMAL
2022-12-01,15059.92,15152.38,14998.03,15012.8,166071709.0,165400997.0,-0.15019257199656744,0.014250911709744463,-0.1488917028137119,0.9862901307305653,0.9952152782693976,False,NORMAL
2022-12-02,14933.2,15021.73,14921.06,14970.68,167705189.0,166071870.0,-0.15144321786230086,0.020284821686576082,-0.14103707656871023,0.9863251994072416,0.9952152782693976,False,NORMAL
2022-12-05,14972.17,15088.06,14969.97,14980.74,168577934.0,167705100.0,-0.15143430539718894,0.021801911179925026,-0.13100465845564424,0.9866042109688468,0.9952152782693976,False,NORMAL
2022-12-06,14955.29,14957.82,14728.88,14728.88,168402389.0,168577934.0,-0.15202088271378555,0.0035211075682008985,-0.12565764643025157,0.9864322760516199,0.9952152782693976,False,NORMAL
2022-12-07,14708.08,14823.15,14630.01,14630.01,167806192.0,168402389.0,-0.155705562471109,0.01526434675799182,-0.1273030898394587,0.9862719107402048,0.9952152782693976,False,NORMAL
2022-12-08,14631.21,14634.16,14464.2,14553.04,168780126.0,167806192.0,-0.1649506304883701,-0.0020831876199135513,-0.12229122153756578,0.9861240880243788,0.9952152782693976,False,NORMAL
2022-12-09,14620.27,14742.79,14620.27,14705.43,168681849.0,168780126.0,-0.16379856920196134,-0.006888433711994546,-0.1204500107601344,0.9861895601777616,0.9952152782693976,False,NORMAL
2022-12-12,14658.46,14658.46,14538.66,14612.59,169199616.0,168681874.0,-0.17558877690568286,-0.018921192581646373,-0.11600240836599662,0.986257372433405,0.9952152782693976,False,NORMAL
2022-12-13,14617.86,14658.7,14515.74,14522.96,169205573.0,169199616.0,-0.1793611849146246,-0.009233670184352838,-0.12177677909993079,0.9862884125667857,0.9952152782693976,False,NORMAL
2022-12-14,14557.56,14739.36,14557.56,14739.36,168473804.0,169205573.0,-0.1667127425556344,0.004725276822694413,-0.12902573779139248,0.9875668967566944,0.9952152782693976,False,NORMAL
2022-12-15,14692.92,14756.38,14649.54,14734.13,169138256.0,168473804.0,-0.17209663245100837,0.011837168034633194,-0.1278199265066492,0.9877598688648958,0.9952152782693976,False,NORMAL
2022-12-16,14554.21,14568.31,14447.77,14528.55,169145664.0,169138256.0,-0.1852732270774241,0.007131032991165576,-0.12275215165006925,0.988256937995432,0.9952152782693976,False,NORMAL
2022-12-19,14478.45,14493.72,14411.81,14433.32,169562670.0,169145664.0,-0.19430482770016055,-0.007971517530052985,-0.1192309679748571,0.9885029119218879,0.9952152782693976,False,NORMAL
2022-12-20,14410.75,14451.91,14157.99,14170.03,166715453.0,169562670.0,-0.2051035943602303,-0.01764287477156956,-0.1336982244106939,0.9883227493966669,0.9952152782693976,False,NORMAL
2022-12-21,14205.06,14291.98,14197.86,14234.4,167486421.0,166715453.0,-0.19885634525765994,-0.0035163668922471025,-0.1304514632674555,0.9883472907119433,0.9952152782693976,False,NORMAL
2022-12-22,14323.04,14442.94,14323.04,14442.94,167608692.0,167486421.0,-0.17934903351654052,0.022988473181767333,-0.12514183476617335,0.9883360380137386,0.9952152782693976,False,NORMAL
2022-12-23,14318.12,14318.12,14192.98,14271.63,167846786.0,167609255.0,-0.19187150695635924,0.035813122042880785,-0.09217596029637609,0.9873783495425686,0.9952152782693976,False,NORMAL
2022-12-26,14271.2,14301.11,14253.2,14285.13,168213827.0,167846786.0,-0.19682116122241766,0.03316363615323792,-0.0884766008499176,0.987660489617478,0.9952152782693976,False,NORMAL
2022-12-27,14310.19,14410.24,14310.19,14328.43,168205983.0,168213827.0,-0.19560097661260933,0.06403947105577212,-0.0641184058866795,0.9887379325308443,0.9952152782693976,False,NORMAL
2022-12-28,14249.83,14249.83,14119.3,14173.1,167367886.0,168205983.0,-0.19785999408006405,0.04720169407119412,-0.0651093561325079,0.9889089314027627,0.9952152782693976,False,NORMAL
2022-12-29,14097.51,14120.57,13981.63,14085.02,167182755.0,167367886.0,-0.20822945517157254,0.04919632495020343,-0.05968297102167619,0.9888869903061943,0.9952152782693976,False,NORMAL
2022-12-30,14183.52,14248.9,14137.69,14137.69,166532123.0,167183608.0,-0.2069431301022111,0.0629458485708787,-0.06466643005700623,0.9890329762652523,0.9952152782693976,False,NORMAL
2023-01-03,14108.16,14237.94,14001.97,14224.12,165795086.0,166532123.0,-0.2074224396071469,0.04769999970537375,-0.06719950995128454,0.9888923219719833,0.9952152782693976,False,NORMAL
2023-01-04,14186.95,14257.45,14177.97,14199.13,166079190.0,165795086.0,-0.20947474729479043,0.02881585458898095,-0.0610257748664208,0.9887422362911856,0.9952152782693976,False,NORMAL
2023-01-05,14285.12,14357.6,14270.93,14301.05,165406880.0,166079190.0,-0.20765152967431877,0.02944129916031102,-0.06472410517200244,0.9885971258568914,0.9952152782693976,False,NORMAL
2023-01-06,14278.52,14384.92,14278.52,14373.34,164378023.0,165406880.0,-0.21011759753495263,0.048974331279173944,-0.07390451426048428,0.9883778199468721,0.9952152782693976,False,NORMAL
2023-01-09,14504.47,14752.21,14504.47,14752.21,162599873.0,164378023.0,-0.19158353554417185,0.12560477886896315,-0.07667185485497363,0.9881253820823197,0.9952152782693976,False,NORMAL
2023-01-10,14796.27,14816.13,14728.56,14802.96,161019649.0,162599873.0,-0.18749162954392273,0.13161749191972616,-0.08356686388879675,0.9877584762537185,0.9952152782693976,False,NORMAL
2023-01-11,14822.86,14842.74,14734.44,14751.44,160324125.0,161019649.0,-0.19260929224197887,0.15149097670468437,-0.0587865381852547,0.9868545992747152,0.9952152782693976,False,NORMAL
2023-01-12,14780.58,14813.31,14700.73,14731.64,159222919.0,160324125.0,-0.20482771835790636,0.12214391702696181,-0.06064072980163415,0.9866171370685368,0.9952152782693976,False,NORMAL
2023-01-13,14923.05,14962.31,14822.15,14824.13,156923871.0,159222919.0,-0.19869394312203914,0.14330347330142956,-0.07267456101424541,0.9861535824608973,0.9952152782693976,False,NORMAL
2023-01-16,14895.26,14960.92,14895.26,14927.01,154233707.0,156923871.0,-0.1873325885565703,0.13732372903567924,-0.09015867769224928,0.9854557786941907,0.9952152782693976,False,NORMAL
2023-01-17,14922.34,14945.23,14884.78,14932.93,151985060.0,154233707.0,-0.17814379496482058,0.15074409945163514,-0.10420414742382689,0.9846774611752254,0.9952152782693976,False,NORMAL
2023-01-30,15291.53,15493.82,15291.53,15493.82,151144020.0,151760467.0,-0.15052923948072805,0.19679440140273896,-0.1097634581790613,0.9840002362955472,0.9952152782693976,False,NORMAL
2023-01-31,15419.21,15441.98,15265.2,15265.2,152452742.0,151144037.0,-0.1652982987400078,0.1908075386919621,-0.0986406675598428,0.9834290504091984,0.9952152782693976,False,NORMAL
2023-02-01,15346.35,15420.13,15291.68,15420.13,153394532.0,152452742.0,-0.1608275194009383,0.19935863632050443,-0.09201208640105385,0.9828450718268675,0.9952152782693976,False,NORMAL
2023-02-02,15508.83,15602.09,15496.52,15595.16,153903696.0,153394532.0,-0.15413466341739113,0.23124998026230603,-0.08327192276338646,0.9824572883178665,0.9952152782693976,False,NORMAL
2023-02-03,15591.95,15617.73,15504.03,15602.66,154012577.0,153903696.0,-0.1521827843113177,0.22575211818635332,-0.07720118033586909,0.982052244389894,0.9952152782693976,False,NORMAL
2023-02-06,15514.8,15514.8,15392.82,15392.82,155401329.0,154012577.0,-0.16909827782767906,0.1908076281276181,-0.06585908811639196,0.9815705044947008,0.9952152782693976,False,NORMAL
2023-02-07,15376.12,15462.1,15363.65,15400.91,155973586.0,155401329.0,-0.16202123769767507,0.20428559587501827,-0.05997971406080471,0.9812248359652025,0.9952152782693976,False,NORMAL
2023-02-08,15538.71,15631.22,15520.05,15618.17,156369230.0,155973586.0,-0.14315159654718757,0.20605957643969952,-0.054129964320072554,0.980898383869776,0.9952152782693976,False,NORMAL
2023-02-09,15590.0,15617.34,15553.84,15598.71,157015335.0,156369230.0,-0.14378799754971383,0.19647608652464754,-0.05033637701442617,0.9806074525855718,0.9952152782693976,False,NORMAL
2023-02-10,15627.33,15628.3,15546.11,15586.65,156892061.0,157015335.0,-0.12920337666836135,0.18980517046725343,-0.04954929636918426,0.9802326856507811,0.9952152782693976,False,NORMAL
2023-02-13,15564.76,15569.99,15465.56,15544.28,157068974.0,156892061.0,-0.1359027496742461,0.19694762293440937,-0.05328026637312355,0.979815607413161,0.9952152782693976,False,NORMAL
2023-02-14,15584.74,15669.63,15584.74,15654.48,157740368.0,157068974.0,-0.11562206233277894,0.20172169335158308,-0.05481644945581632,0.9793923820459921,0.9952152782693976,False,NORMAL
2023-02-15,15497.67,15553.68,15388.85,15432.89,157289591.0,157740368.0,-0.12682240981306303,0.16706027724401507,-0.0534785583872287,0.9789663234623307,0.9952152782693976,False,NORMAL
2023-02-16,15474.46,15585.48,15474.46,15550.5,157707773.0,157101383.0,-0.13127154293503462,0.16502694085000025,-0.047699745459125364,0.9792873882499972,0.9952152782693976,False,NORMAL
2023-02-17,15503.75,15503.75,15418.43,15479.7,159233826.0,157895513.0,-0.13841603512302858,0.13497438559522434,-0.032149297379336805,0.9789348926300334,0.9952152782693976,False,NORMAL
2023-02-20,15452.01,15575.32,15436.66,15551.23,160585339.0,159233826.0,-0.14326599734681367,0.15162221484978988,-0.0275953900204412,0.9789511002633604,0.9952152782693976,False,NORMAL
2023-02-21,15535.64,15567.74,15496.73,15563.0,161425942.0,160585338.0,-0.15132743121542358,0.11104289398010803,-0.011880502884484057,0.9787919189780072,0.9952152782693976,False,NORMAL
2023-02-22,15541.17,15541.17,15345.93,15418.77,161890090.0,161425942.0,-0.15794765315161308,0.08775158907646619,-0.0037278735739313396,0.9790514773828333,0.9952152782693976,False,NORMAL
2023-02-23,15463.46,15657.63,15463.46,15615.41,162189609.0,161890074.0,-0.13236491168023412,0.07349630249870942,-0.005067182541915516,0.9793551404422105,0.9952152782693976,False,NORMAL
2023-02-24,15669.88,15717.96,15503.79,15503.79,162343219.0,162189671.0,-0.13636619371528558,0.0664797917089428,-0.005602224545119161,0.9796216798116142,0.9952152782693976,False,NORMAL
2023-03-01,15435.38,15617.03,15387.38,15598.49,162501274.0,162343219.0,-0.14441951197572112,0.07315054526140963,-0.009013467163561883,0.9798007191269756,0.9952152782693976,False,NORMAL
2023-03-02,15580.28,15618.06,15492.37,15598.72,163582615.0,162501269.0,-0.14614444370851143,0.07540370589707401,-0.0014252689709729482,0.9799873789239297,0.9952152782693976,False,NORMAL
2023-03-03,15621.36,15713.42,15606.85,15608.42,164044928.0,163582615.0,-0.14391617098179876,0.08021307473879524,0.0009308120649298424,0.980254067565032,0.9952152782693976,False,NORMAL
2023-03-06,15675.28,15818.88,15675.28,15763.51,165129131.0,164044928.0,-0.13489456679997092,0.08398385388730722,0.005920861980699632,0.9805170529318846,0.9952152782693976,False,NORMAL
2023-03-07,15763.87,15879.16,15749.04,15857.89,165701829.0,165129131.0,-0.11750046885547516,0.08552189335826843,0.00825645832853894,0.9808073630507216,0.9952152782693976,False,NORMAL
2023-03-08,15819.18,15821.49,15740.98,15818.2,166976131.0,165701829.0,-0.12392354116947912,0.06995400432900434,0.01639932385295717,0.9811096607053773,0.9952152782693976,False,NORMAL
2023-03-09,15827.98,15878.75,15770.66,15770.66,168703974.0,166976131.0,-0.1036622135831834,0.06713464347894349,0.029151446371485923,0.9814206362169603,0.9952152782693976,False,NORMAL
2023-03-10,15729.29,15729.29,15488.71,15526.2,167185992.0,168703974.0,-0.12043724911030818,0.06658917748114801,0.012515497872328085,0.981227423121742,0.9952152782693976,False,NORMAL
2023-03-13,15514.03,15571.17,15349.67,15560.49,168040186.0,167185992.0,-0.13061388683251152,0.05784301995154206,0.016386854941336626,0.9814750185164832,0.9952152782693976,False,NORMAL
2023-03-14,15517.74,15517.74,15348.12,15360.42,168588779.0,168040186.0,-0.1403199086614878,0.03231750960210489,0.01927305190306683,0.9817030702623751,0.9952152782693976,False,NORMAL
2023-03-15,15425.99,15526.73,15387.59,15387.59,168604706.0,168588779.0,-0.14200698099741282,0.024964696792070917,0.015252429298478587,0.981836316488635,0.9952152782693976,False,NORMAL
2023-03-16,15334.25,15334.25,15186.74,15221.12,167477116.0,168604706.0,-0.14182037964606353,0.01672869903037144,-0.0013599638828110105,0.9814239105542679,0.9952152782693976,False,NORMAL
2023-03-17,15337.97,15452.96,15337.97,15452.96,168024695.0,167477113.0,-0.10045760183110586,0.03152180733395005,-0.003281799621532966,0.9813264526722335,0.9952152782693976,False,NORMAL
2023-03-20,15454.75,15488.98,15399.07,15419.97,168686535.0,168024695.0,-0.08352208733896971,0.04692074346454045,0.001687303854103872,0.9810917855972778,0.9952152782693976,False,NORMAL
2023-03-21,15437.95,15547.97,15437.95,15513.45,169924888.0,168686535.0,-0.08826789442010041,0.06038546795251687,0.012625851136649269,0.9807962407516343,0.9952152782693976,False,NORMAL
2023-03-22,15535.17,15760.46,15535.17,15760.46,170035290.0,169924888.0,-0.09595140307000449,0.08296685778366575,0.00743668125949859,0.9805881342004602,0.9952152782693976,False,NORMAL
2023-03-23,15711.6,15882.75,15680.84,15863.95,170477406.0,170035290.0,-0.08113588736349353,0.07878178332765517,0.010644636697099585,0.9803475802354882,0.9952152782693976,False,NORMAL
2023-03-24,15869.84,15921.97,15845.99,15914.7,170889970.0,170477423.0,-0.07810559437966891,0.0891087753779447,0.00999029454062117,0.98082167169521,0.9952152782693976,False,NORMAL
2023-03-27,15873.67,15902.06,15821.63,15830.31,171615852.0,170890016.0,-0.06473745218910965,0.09001952769958743,0.01424467857214129,0.9812544653938331,0.9952152782693976,False,NORMAL
2023-03-28,15790.7,15846.54,15685.59,15701.48,170553917.0,171615852.0,-0.07315757256285571,0.06527556148977975,0.01234680377965458,0.9832822766368474,0.9952152782693976,False,NORMAL
2023-03-29,15766.29,15811.2,15681.1,15769.76,170017261.0,170553917.0,-0.09619663209198426,0.07028782832783476,0.005196961472749173,0.9835674145105131,0.9952152782693976,False,NORMAL
2023-03-30,15824.65,15885.21,15791.75,15849.43,170232677.0,170017315.0,-0.09206245001867497,0.09091616162659055,0.006426490483374181,0.9843704169474615,0.9952152782693976,False,NORMAL
2023-03-31,15874.19,15951.8,15857.19,15868.06,169254916.0,170232677.0,-0.09637046165340579,0.09940471076647639,-0.0018149867538651554,0.9848265252734195,0.9952152782693976,False,NORMAL
2023-04-06,15838.07,15838.07,15733.29,15810.77,170123560.0,169254982.0,-0.09959959475412739,0.11578945139847963,0.020442658066016195,0.9846103942829209,0.9952152782693976,False,NORMAL
2023-04-07,15856.19,15877.99,15811.19,15836.5,170868430.0,170123563.0,-0.1068654029553271,0.11255128421289284,0.020192735505405457,0.9850465290071669,0.9952152782693976,False,NORMAL
2023-04-10,15850.94,15919.76,15850.94,15876.17,171833782.0,170868430.0,-0.10299360531011259,0.09923395098227927,0.02520806021205635,0.9866401615823758,0.9952152782693976,False,NORMAL
2023-04-11,15886.46,15945.63,15838.1,15913.88,172043043.0,171833782.0,-0.0997383598414886,0.11507094844807497,0.02500052041508849,0.9869429812674577,0.9952152782693976,False,NORMAL
2023-04-12,15914.15,15944.32,15867.02,15932.97,173033671.0,172042908.0,-0.09058442318240678,0.11535351795888449,0.028653078560539447,0.9873510643340871,0.9952152782693976,False,NORMAL
2023-04-13,15888.63,15913.2,15800.42,15804.76,173733126.0,173033671.0,-0.0993751089826801,0.10303501500164347,0.03285937219010804,0.989644983052504,0.9952152782693976,False,NORMAL
2023-04-14,15854.25,15973.82,15854.25,15929.43,174432026.0,173733126.0,-0.1020897874700687,0.12391996105298064,0.04220726071667058,0.9899434963439155,0.9952152782693976,False,NORMAL
2023-04-17,15934.64,15963.55,15894.77,15963.55,175517433.0,174432026.0,-0.09777166378330548,0.13337077263646058,0.04985369453924848,0.9902372300882749,0.9952152782693976,False,NORMAL
2023-04-18,15967.89,15967.89,15851.71,15869.44,175939894.0,175517433.0,-0.09963638096653782,0.12249172248082951,0.056492230030599,0.9906163972462516,0.9952152782693976,False,NORMAL
2023-04-19,15874.65,15915.39,15756.75,15770.47,177058053.0,175939894.0,-0.09998744471393928,0.10871322795364491,0.06793305683378326,0.9908970262760941,0.9952152782693976,False,NORMAL
2023-04-20,15771.45,15804.38,15686.54,15707.52,177045206.0,177056380.0,-0.08563604897480181,0.10623115641592129,0.06602883841136276,0.9912107914383187,0.9952152782693976,False,NORMAL
2023-04-21,15776.54,15802.93,15592.96,15602.99,174626865.0,177045184.0,-0.0972863611065149,0.09103807063117753,0.05574124244408707,0.9913221660728591,0.9952152782693976,False,NORMAL
2023-04-24,15555.1,15643.86,15529.39,15626.87,174861224.0,174626865.0,-0.08338040528214707,0.08721215806486171,0.06377495487946105,0.991565884354623,0.9952152782693976,False,NORMAL
2023-04-25,15606.83,15639.49,15353.22,15370.73,172743051.0,174861224.0,-0.09535569313238668,0.04192727733675161,0.06238121723502199,0.9918245270174021,0.9952152782693976,False,NORMAL
2023-04-26,15352.03,15398.4,15284.46,15374.63,172945235.0,172743051.0,-0.11137781656662815,0.03861862762582624,0.07406292383608415,0.9929503493689772,0.9952152782693976,False,NORMAL
2023-04-27,15374.39,15455.88,15306.69,15411.49,174212219.0,172945235.0,-0.10635493588238198,0.04474478423801331,0.0866251039885606,0.9932397399480933,0.9952152782693976,False,NORMAL
2023-04-28,15477.34,15580.63,15477.34,15579.18,174268398.0,174212219.0,-0.0838029237516893,0.05753195163607039,0.09449317406371627,0.9934749621182212,0.9952152782693976,False,NORMAL
2023-05-02,15588.68,15651.23,15532.63,15636.48,175409740.0,174268398.0,-0.07470262804554384,0.05479916865273049,0.1178015102622596,0.9934769500824367,0.9952152782693976,False,NORMAL
2023-05-03,15629.51,15629.51,15530.79,15553.41,176572633.0,175409684.0,-0.08473819247472558,0.04196419778642868,0.14483815784833598,0.9935038573594716,0.9952152782693976,False,NORMAL
2023-05-04,15548.02,15622.41,15523.5,15609.03,177498527.0,176572633.0,-0.089793036046669,0.045275776421640046,0.1678682562615037,0.9937513970730024,0.9952152782693976,False,NORMAL
2023-05-05,15627.93,15673.62,15578.67,15626.07,177553011.0,177498431.0,-0.08768591687855232,0.008535661315285603,0.17472732960258708,0.9941585154678274,0.9952152782693976,False,NORMAL
2023-05-08,15648.54,15757.8,15648.54,15699.57,177956514.0,177553011.0,-0.07785685714436752,0.028454917066268237,0.1672896903356451,0.9943345305619936,0.9952152782693976,False,NORMAL
2023-05-09,15702.26,15744.27,15635.9,15727.7,176106512.0,177956514.0,-0.05373956885607878,0.01994600564327298,0.1480625137276732,0.9941927792914386,0.9952152782693976,False,NORMAL
2023-05-10,15708.48,15711.39,15579.49,15641.76,176363252.0,176106694.0,-0.06026089845531246,0.0029881065663963646,0.14593253173075205,0.9943904963216528,0.9952152782693976,False,NORMAL
2023-05-11,15666.49,15675.37,15501.58,15514.64,174695540.0,176363252.0,-0.048377174016383195,-0.005641345770528883,0.13429398691251038,0.9944395836401109,0.9952152782693976,False,NORMAL
2023-05-12,15477.12,15545.99,15424.42,15502.36,174637696.0,174695540.0,-0.05584985547566357,0.007116304874610346,0.12378508680578926,0.9944578070492085,0.9952152782693976,False,NORMAL
2023-05-15,15489.18,15510.09,15434.52,15475.05,175426860.0,174637696.0,-0.06732870545039893,0.004814001250575517,0.12472159228293944,0.994580012352017,0.9952152782693976,False,NORMAL
2023-05-16,15550.57,15723.95,15550.57,15673.9,175530331.0,175426860.0,-0.05000333355557052,0.0035682797664515764,0.12253754143318352,0.9946637192210847,0.9952152782693976,False,NORMAL
2023-05-17,15702.74,15961.97,15698.63,15925.29,175803861.0,175530331.0,-0.038666339084730494,0.020936346659435445,0.1196604522736584,0.9947301067703057,0.9952152782693976,False,NORMAL
2023-05-18,16060.26,16128.72,16015.62,16101.88,176435429.0,175803861.0,-0.03559150269643485,0.03305585228384533,0.12456569105813453,0.9948313916063067,0.9952152782693976,False,NORMAL
2023-05-19,16146.29,16189.81,16099.9,16174.92,176252821.0,176435429.0,-0.014217281603100873,0.040570550710615105,0.12213645070349788,0.9949078514926741,0.9952152782693976,False,NORMAL
2023-05-22,16168.74,16202.92,16131.55,16180.89,178221222.0,176452821.0,0.008222983228777903,0.033626795652107244,0.1298390149565265,0.99499401029375,0.9952152782693976,False,NORMAL
2023-05-23,16186.15,16239.5,16121.45,16188.03,178941035.0,178221222.0,0.007865294458245353,0.04893056323216194,0.13765338101743807,0.995082277138352,0.9952152782693976,False,NORMAL
2023-05-24,16186.62,16186.62,16070.16,16159.32,179734883.0,178940499.0,0.009563139398672371,0.03915115269605485,0.13967041434286176,0.9952696485841563,0.9952152782693976,True,HOT_LEVERAGE_MOMENTUM
2023-05-25,16163.95,16323.77,16163.95,16292.0,179583774.0,179734883.0,0.043243506302235835,0.05247517716751604,0.12779915242380713,0.9952432488512293,0.9952152782693976,True,HOT_LEVERAGE_MOMENTUM
2023-05-26,16509.14,16537.79,16457.74,16505.05,178776776.0,179583774.0,0.042476444082882425,0.061334055248362995,0.11328205372471767,0.9951796597742535,0.9952152782693976,False,NORMAL
2023-05-29,16610.86,16683.76,16597.38,16636.3,180325169.0,178776700.0,0.04623974280927534,0.06896485253485829,0.11707676452648474,0.9952090930389647,0.9952152782693976,False,NORMAL
2023-05-30,16648.77,16681.19,16579.13,16622.74,181451800.0,180325169.0,0.03529190481617883,0.07808469806605856,0.12083327645317876,0.9952241690177661,0.9952152782693976,True,HOT_LEVERAGE_MOMENTUM
2023-05-31,16593.53,16636.65,16491.9,16578.96,182543864.0,181451800.0,0.01731008304667281,0.06170507210505516,0.12549666483257882,0.9952438604378294,0.9952152782693976,True,HOT_LEVERAGE_MOMENTUM
2023-06-01,16511.0,16555.5,16477.43,16512.65,184106790.0,182543864.0,0.030731595873241035,0.06507183082330203,0.1340590086488307,0.9952446189764637,0.9952152782693976,True,HOT_LEVERAGE_MOMENTUM
2023-06-02,16525.0,16752.2,16525.0,16706.91,184274470.0,184106790.0,0.03481357832373777,0.07105944229217065,0.13398784799681018,0.9952831727670436,0.9952152782693976,True,HOT_LEVERAGE_MOMENTUM
2023-06-05,16714.48,16781.19,16703.6,16714.43,185294084.0,184274339.0,0.03453861346672937,0.07152574057358563,0.13272479474667898,0.9952834160220131,0.9952152782693976,True,HOT_LEVERAGE_MOMENTUM
2023-06-06,16712.98,16793.81,16699.83,16761.66,184977626.0,185294026.0,0.049990509677310335,0.07388576165941196,0.12760344531956513,0.9952594901469919,0.9952152782693976,True,HOT_LEVERAGE_MOMENTUM
2023-06-07,16771.76,16922.48,16771.76,16922.48,186045144.0,184977728.0,0.05082268227269804,0.07352233100369143,0.12666458591125274,0.9952394457742695,0.9952152782693976,True,HOT_LEVERAGE_MOMENTUM
2023-06-08,16864.18,16899.51,16694.21,16733.69,186118893.0,186045144.0,0.0478970594589585,0.05522802844514629,0.12321568279128647,0.9952081240070494,0.9952152782693976,False,NORMAL
2023-06-09,16775.92,16895.99,16775.92,16886.4,187183967.0,186118893.0,0.038126866598386266,0.06752980743700299,0.12102230348120835,0.9951688360758132,0.9952152782693976,False,NORMAL
2023-06-12,16899.49,16999.72,16899.49,16955.37,186973589.0,187184086.0,0.020754794222009876,0.07512114267887315,0.10829392199142851,0.9950519567894882,0.9952152782693976,False,NORMAL
2023-06-13,17135.84,17254.96,17129.23,17216.6,187261344.0,186973589.0,0.02432386925808716,0.10887403228091852,0.12007795485640926,0.994979626789515,0.9952152782693976,False,NORMAL
2023-06-14,17190.7,17259.23,17182.18,17238.14,188745268.0,187261344.0,0.03376593469660438,0.10781472819943327,0.12321506237799573,0.9949321847759204,0.9952152782693976,False,NORMAL
2023-06-15,17259.37,17346.32,17259.37,17334.98,190378512.0,188745268.0,0.047268188565280145,0.128548568333418,0.12924782496941867,0.9948834973431991,0.9952152782693976,False,NORMAL
2023-06-16,17342.86,17342.86,17250.79,17288.91,190319897.0,190378545.0,0.04112680025725712,0.1235619093048359,0.12879350473171258,0.9948448422748514,0.9952152782693976,False,NORMAL
2023-06-19,17274.07,17306.81,17210.87,17274.56,191504227.0,190319897.0,0.04612641768122816,0.13490728671740326,0.14346503912809205,0.9947575456588573,0.9952152782693976,False,NORMAL
2023-06-20,17233.8,17247.16,17121.59,17184.91,192097126.0,191504227.0,0.03085688440245682,0.11207885091270553,0.14326722033329675,0.9947411324665824,0.9952152782693976,False,NORMAL
2023-06-21,17186.72,17246.77,17131.45,17202.4,193903234.0,192096922.0,0.03495867360874638,0.11559231308491524,0.14948851133850138,0.9947225155402897,0.9952152782693976,False,NORMAL
2023-06-26,17182.48,17182.48,17011.28,17059.24,194209498.0,193903233.0,0.03639827656177497,0.0996419236211159,0.14291379141588734,0.9946681461787498,0.9952152782693976,False,NORMAL
2023-06-27,17022.15,17035.49,16887.9,16887.9,191585955.0,194209256.0,0.0508319965552817,0.07153598308678832,0.12674230743512127,0.9944718823369636,0.9952152782693976,False,NORMAL
2023-06-28,16906.23,17011.12,16903.71,16935.63,192361945.0,191582144.0,0.055352372382515114,0.06755442370910147,0.1283720788196414,0.9944245813604137,0.9952152782693976,False,NORMAL
2023-06-29,16930.41,17077.44,16911.38,16942.3,192815870.0,192361945.0,0.058943387971311045,0.06456923473266851,0.12830419479855948,0.9944042290497429,0.9952152782693976,False,NORMAL
2023-06-30,16870.27,16919.95,16792.34,16915.54,194355483.0,192816070.0,0.06799397169322319,0.06855393229823048,0.13250309184724962,0.9943833268015835,0.9952152782693976,False,NORMAL
2023-07-03,16946.71,17103.73,16946.71,17084.2,196599121.0,194355483.0,0.0922521587135563,0.08806303609596045,0.15270950358765423,0.9941336899172616,0.9952152782693976,False,NORMAL
2023-07-04,17055.19,17154.1,17042.6,17140.77,199156773.0,196599121.0,0.11538511593887923,0.08693917979728294,0.17139149183211466,0.9939422805569518,0.9952152782693976,False,NORMAL
2023-07-05,17130.26,17153.17,17020.01,17056.43,200919501.0,199156773.0,0.0844186147054038,0.07615415822524851,0.18026400418998278,0.9938967057287798,0.9952152782693976,False,NORMAL
2023-07-06,17017.09,17017.09,16749.29,16762.17,201519796.0,200919446.0,0.09215813392842587,0.05634652251125849,0.19062890911836194,0.9939949945780633,0.9952152782693976,False,NORMAL
2023-07-07,16736.94,16762.39,16593.84,16664.21,202133095.0,201519796.0,0.09803155417212461,0.0539783957391069,0.1881546271427661,0.9939447645725307,0.9952152782693976,False,NORMAL
2023-07-10,16667.43,16798.81,16635.83,16652.8,202690030.0,202133089.0,0.08818217223452174,0.05154548037760853,0.18623451974130045,0.9938939466260065,0.9952152782693976,False,NORMAL
2023-07-11,16675.69,16898.91,16675.69,16898.91,203225770.0,202690030.0,0.08688571720753968,0.0644198191377392,0.1826881049501663,0.994353283336446,0.9952152782693976,False,NORMAL
2023-07-12,16903.25,16962.03,16864.01,16962.03,204662496.0,203225727.0,0.09858276467753702,0.06586388737378934,0.18960053502424978,0.9943517404040593,0.9952152782693976,False,NORMAL
2023-07-13,16994.59,17223.86,16994.59,17061.4,203681473.0,204662496.0,0.11950488611317645,0.07082358154192225,0.17712045189170156,0.9945247153533259,0.9952152782693976,False,NORMAL
2023-07-14,17152.81,17287.4,17128.07,17283.71,208523323.0,203681473.0,0.16579149896834755,0.09357623905709422,0.20025079730620865,0.9943384738506258,0.9952152782693976,False,NORMAL
2023-07-17,17279.11,17346.66,17235.92,17334.29,211193373.0,208524763.0,0.20854725763225201,0.08819273508217185,0.21074883920685528,0.9943807858851932,0.9952152782693976,False,NORMAL
2023-07-18,17368.36,17401.59,17164.92,17227.91,212775435.0,211193373.0,0.21177725915203283,0.07920293418443891,0.21227522168695345,0.9944682108429783,0.9952152782693976,False,NORMAL
2023-07-19,17265.38,17340.82,17082.54,17116.44,213320841.0,212775395.0,0.1928497755972456,0.07857870221003371,0.21246430329212318,0.9945276942032726,0.9952152782693976,False,NORMAL
2023-07-20,17104.91,17214.41,17098.65,17164.89,215705207.0,213320841.0,0.22733386197571614,0.08841968565299574,0.21827391268105711,0.9945885805068163,0.9952152782693976,False,NORMAL
2023-07-21,17106.29,17106.29,16859.13,17030.7,217757631.0,215706314.0,0.1879449815049521,0.08423863219655292,0.22995496980584718,0.9946298403133768,0.9952152782693976,False,NORMAL
2023-07-24,17036.79,17098.73,16941.15,17033.61,221087046.0,217757631.0,0.17761240773118803,0.09168883656273574,0.2660540289720026,0.9942672919942696,0.9952152782693976,False,NORMAL
2023-07-25,17061.88,17270.2,17061.88,17198.89,220933834.0,221086966.0,0.1993203877402019,0.10059724052225416,0.26348099908073386,0.9943609291545561,0.9952152782693976,False,NORMAL
2023-07-26,17205.47,17247.02,17121.99,17162.55,221230366.0,220933883.0,0.23023564544084762,0.11657351342454136,0.28069039373398597,0.994424641769441,0.9952152782693976,False,NORMAL
2023-07-27,17189.3,17282.86,17189.3,17241.82,222308527.0,221230366.0,0.20364433969903684,0.1214461746396498,0.2854273030419139,0.9948125039792739,0.9952152782693976,False,NORMAL
2023-07-28,17244.51,17328.21,17179.94,17292.93,224192229.0,222308480.0,0.19769408498932028,0.12208034395116885,0.28689152969230025,0.9949377722494852,0.9952152782693976,False,NORMAL
2023-07-31,17341.04,17463.76,17081.48,17145.43,223227529.0,224192229.0,0.17832985810913904,0.1005348163382156,0.2809409598176258,0.9950665075934624,0.9952152782693976,False,NORMAL
2023-08-01,17141.97,17252.32,17095.86,17212.87,224265854.0,223228346.0,0.16938118051800188,0.10081488928454485,0.2785256622579795,0.9952743719304535,0.9952152782693976,True,HOT_LEVERAGE_MOMENTUM
2023-08-02,17207.22,17212.55,16844.57,16893.73,220305572.0,224265928.0,0.149696340294867,0.08617531460946504,0.24767676766761482,0.9948990477445169,0.9952152782693976,False,NORMAL
2023-08-04,16847.24,16887.38,16748.51,16843.68,222303822.0,220305572.0,0.1432449932872788,0.07909844493860274,0.252426291965792,0.9948891673084186,0.9952152782693976,False,NORMAL
2023-08-07,16870.81,17032.32,16868.74,16996.0,225559048.0,222303892.0,0.13779229734162546,0.08766951639151754,0.27037579779483445,0.99477428332538,0.9952152782693976,False,NORMAL
2023-08-08,17006.46,17043.56,16812.59,16877.07,225860740.0,225559048.0,0.12894933294803246,0.07500205419638872,0.2691906293466728,0.9947593461797722,0.9952152782693976,False,NORMAL
2023-08-09,16836.64,16956.73,16798.5,16870.94,225452960.0,225860740.0,0.12952378529397768,0.07268958588986307,0.2802079686865866,0.9947427224088377,0.9952152782693976,False,NORMAL
2023-08-10,16827.11,16827.11,16601.17,16634.7,219889088.0,225452960.0,0.12345155395028495,0.06348006873906775,0.24679651518333312,0.9941499398611751,0.9952152782693976,False,NORMAL
2023-08-11,16644.65,16766.84,16601.25,16601.25,218428193.0,219889088.0,0.11256575204116981,0.0700377192123054,0.25033640240615185,0.9941420472200178,0.9952152782693976,False,NORMAL
2023-08-14,16585.41,16585.41,16307.28,16393.66,214694153.0,218428193.0,0.10084408302500014,0.05749447180945344,0.22936890440881674,0.9938630764258268,0.9952152782693976,False,NORMAL
2023-08-15,16438.63,16546.01,16437.63,16454.8,214891264.0,214694153.0,0.09698154741944531,0.06331158865399455,0.22496215231806582,0.9937873055198764,0.9952152782693976,False,NORMAL
2023-08-16,16422.2,16446.78,16304.44,16446.78,216706091.0,214891264.0,0.09779203814789916,0.04930999942579706,0.23457917366999093,0.9936998449328358,0.9952152782693976,False,NORMAL
2023-08-17,16411.63,16550.11,16264.65,16516.66,218356038.0,216706091.0,0.11998388849973862,0.03713401765368163,0.24204347252646508,0.9936365090514522,0.9952152782693976,False,NORMAL
2023-08-18,16508.46,16583.95,16344.29,16381.31,216306181.0,218356038.0,0.1085665445401034,0.017353874205993325,0.225979284466727,0.9934419332306721,0.9952152782693976,False,NORMAL
2023-08-21,16414.14,16485.25,16347.77,16381.49,216417602.0,216306182.0,0.11422032076832034,0.012771005977154637,0.22788163487040025,0.9933576594149681,0.9952152782693976,False,NORMAL
2023-08-22,16429.69,16535.07,16407.83,16437.61,215728781.0,216417602.0,0.09321403773865988,0.01586562914648093,0.2104550657833555,0.99307102111363,0.9952152782693976,False,NORMAL
2023-08-23,16440.39,16588.51,16440.39,16576.9,215978895.0,215728781.0,0.10362500091542115,0.024022070628729963,0.2069836021681668,0.9929228423078403,0.9952152782693976,False,NORMAL
2023-08-24,16651.03,16822.36,16651.03,16770.87,215117332.0,215978895.0,0.11432279000789336,0.0378450330830753,0.19685910942507467,0.9927969147951874,0.9952152782693976,False,NORMAL
2023-08-25,16708.53,16708.53,16481.58,16481.58,216403915.0,215117332.0,0.10325710789596654,0.011636385956297568,0.20503044445429697,0.9926476591702391,0.9952152782693976,False,NORMAL
2023-08-28,16498.86,16582.96,16498.86,16509.26,216013073.0,216403917.0,0.0862891790615119,0.00025507344721753533,0.2082837482201827,0.9926269147672045,0.9952152782693976,False,NORMAL
2023-08-29,16528.49,16627.7,16495.76,16623.65,216477468.0,216013073.0,0.08729692059046501,-0.0007603854222392181,0.20048393244539264,0.9925105251639302,0.9952152782693976,False,NORMAL
2023-08-30,16666.33,16780.42,16666.33,16719.82,217629337.0,216477378.0,0.08448079598634006,0.005840192411118661,0.19937822055223475,0.992418989075006,0.9952152782693976,False,NORMAL
2023-08-31,16707.35,16712.22,16630.67,16634.51,219385248.0,217629337.0,0.07872212246369603,0.0033506323677721106,0.20182208918290456,0.9923173903337373,0.9952152782693976,False,NORMAL
2023-09-01,16640.92,16730.13,16619.23,16644.94,219345067.0,219385248.0,0.07626612869331306,0.008011433658437372,0.191401289436419,0.9921406279593346,0.9952152782693976,False,NORMAL
2023-09-04,16649.67,16789.69,16648.51,16789.69,219908906.0,219345067.0,0.09046903374476178,0.004954836052866618,0.19337695558153012,0.9920188542317234,0.9952152782693976,False,NORMAL
2023-09-05,16784.12,16791.61,16727.44,16791.61,221927290.0,219908905.0,0.08974299068453173,0.004617566976558685,0.19770305240830033,0.9918842248264942,0.9952152782693976,False,NORMAL
2023-09-06,16796.37,16841.19,16732.69,16738.16,222705616.0,221927290.0,0.097934161313048,-0.0014020091088829956,0.2039597480832629,0.991749125175737,0.9952152782693976,False,NORMAL
2023-09-07,16715.45,16715.45,16609.94,16619.14,223658285.0,222705707.0,0.10090494830049779,-0.01792526863674826,0.2021721190422472,0.991623577995847,0.9952152782693976,False,NORMAL
2023-09-08,16609.93,16609.93,16505.64,16576.02,223708098.0,223658285.0,0.09999409390949343,-0.00942230912608033,0.2019634030382933,0.9915242238414934,0.9952152782693976,False,NORMAL
2023-09-11,16579.83,16600.03,16398.3,16432.95,220826336.0,223708098.0,0.08111228654661429,-0.026852970437748813,0.1797289027430431,0.991152251786487,0.9952152782693976,False,NORMAL
2023-09-12,16433.82,16579.86,16422.91,16572.71,219799886.0,220826256.0,0.08471218265739155,-0.022568661138034685,0.17556649137221192,0.9912118879482392,0.9952152782693976,False,NORMAL
2023-09-13,16578.13,16653.3,16542.72,16581.51,221265131.0,219799886.0,0.11090037042272671,-0.03688823577245215,0.18158465742935181,0.9910313151108181,0.9952152782693976,False,NORMAL
2023-09-14,16581.62,16807.56,16581.62,16807.56,222173129.0,221264883.0,0.1239785924889143,-0.024978332929190605,0.1771056904059709,0.9908457813742438,0.9952152782693976,False,NORMAL
2023-09-15,16809.74,16920.92,16787.74,16920.92,223415131.0,222172873.0,0.1209292342588224,-0.023885807771338752,0.1735312386515553,0.9906768305070045,0.9952152782693976,False,NORMAL
2023-09-18,16893.97,16893.97,16698.24,16698.24,225804055.0,223415135.0,0.1281176825074688,-0.03416467550585889,0.18644481506838972,0.9906123646544607,0.9952152782693976,False,NORMAL
2023-09-19,16706.48,16762.52,16636.32,16636.32,226198880.0,225804055.0,0.13380185701122604,-0.036946816590408216,0.18116912374994198,0.9903331685485758,0.9952152782693976,False,NORMAL
2023-09-20,16626.61,16665.27,16522.38,16534.75,226604409.0,226198880.0,0.12779736854669843,-0.037833192027191265,0.17963456152904644,0.990035248591096,0.9952152782693976,False,NORMAL
2023-09-21,16475.42,16475.42,16300.54,16316.67,226342362.0,226604409.0,0.11170182323603961,-0.05148874575640616,0.16729544593361445,0.9896562317491354,0.9952152782693976,False,NORMAL
2023-09-22,16267.32,16360.96,16202.43,16344.48,227096497.0,226342226.0,0.1342417271279419,-0.041898701231708024,0.169337747837647,0.9894016877344327,0.9952152782693976,False,NORMAL
2023-09-25,16345.78,16498.38,16345.78,16452.23,228199811.0,227096988.0,0.12814620987395275,-0.025797760526767743,0.1911092908663372,0.9887385646822531,0.9952152782693976,False,NORMAL
2023-09-26,16440.26,16440.26,16276.07,16276.07,228126347.0,228199811.0,0.09918264006650701,-0.03894511157837066,0.18592243907702222,0.9883704373617727,0.9952152782693976,False,NORMAL
2023-09-27,16273.84,16324.22,16212.86,16310.36,228273095.0,228126347.0,0.09506586699305308,-0.03729954020410442,0.18389163194917524,0.9879828966522953,0.9952152782693976,False,NORMAL
2023-09-28,16330.71,16411.28,16311.41,16353.74,229445392.0,228273095.0,0.11566340185191892,-0.03321206417294398,0.18054499136512647,0.9875821087117537,0.9952152782693976,False,NORMAL
2023-10-02,16382.96,16575.31,16382.96,16557.31,230009773.0,229445392.0,0.12864791098047457,-0.030840776858149566,0.16994303855509107,0.9870881387038689,0.9952152782693976,False,NORMAL
2023-10-03,16520.24,16571.66,16453.8,16454.34,231304480.0,230009773.0,0.12996917954972464,-0.04004662567667616,0.161419099715981,0.9864446876760514,0.9952152782693976,False,NORMAL
2023-10-04,16419.48,16419.48,16203.34,16273.38,230869278.0,231304480.0,0.12808408338463062,-0.045909372594382325,0.14906356451681613,0.9857680224780532,0.9952152782693976,False,NORMAL
2023-10-05,16313.89,16477.61,16313.89,16453.52,232127773.0,230869278.0,0.13088052346160994,-0.018413487036582854,0.1518857085385299,0.9854050273090569,0.9952152782693976,False,NORMAL
2023-10-06,16482.93,16539.13,16482.93,16520.57,231914570.0,232127773.0,0.14531159442393915,-0.008619670539437463,0.14733596692812734,0.984759005992451,0.9952152782693976,False,NORMAL
2023-10-11,16567.43,16729.5,16567.43,16672.03,228594100.0,231914555.0,0.1671306852190082,0.0011547607609529997,0.1278014019732494,0.9836214085243771,0.9952152782693976,False,NORMAL
2023-10-12,16698.85,16825.91,16684.43,16825.91,228764111.0,228594092.0,0.19177341876334264,-0.004319805241876584,0.1256648750795728,0.982936199712065,0.9952152782693976,False,NORMAL
2023-10-13,16815.91,16815.91,16726.43,16782.57,229015871.0,228764111.0,0.2180533146951813,-0.010580101556240562,0.1189928564146896,0.9821365367364155,0.9952152782693976,False,NORMAL
2023-10-16,16712.93,16712.93,16614.1,16652.24,228926505.0,229015871.0,0.20436347646093522,-0.023981619327839487,0.12394368338056938,0.9813877154136502,0.9952152782693976,False,NORMAL
2023-10-17,16678.28,16770.64,16618.3,16642.55,228196070.0,228926505.0,0.23588767918182518,-0.03709620214641418,0.09434314932723376,0.9795483225876009,0.9952152782693976,False,NORMAL
2023-10-18,16608.02,16612.25,16398.76,16440.91,225736952.0,228196049.0,0.21476238819115334,-0.05153830932792758,0.06886380378990387,0.9782762432590454,0.9952152782693976,False,NORMAL
2023-10-19,16416.54,16479.35,16382.4,16452.73,226653107.0,225736832.0,0.22556757827805418,-0.04499559145595722,0.06522215311180068,0.9781290897713686,0.9952152782693976,False,NORMAL
2023-10-20,16434.43,16462.56,16271.82,16440.72,226011951.0,226653107.0,0.23609974978346648,-0.03947783534426541,0.05949306190856429,0.9782560716274383,0.9952152782693976,False,NORMAL
2023-10-23,16391.41,16391.41,16245.84,16251.36,225259791.0,226011815.0,0.19701956024076872,-0.05322084790522974,0.0442946377274982,0.9781692100090205,0.9952152782693976,False,NORMAL
2023-10-24,16257.8,16318.77,16163.0,16309.76,225879890.0,225259776.0,0.18174421056368795,-0.042331789063279834,0.03729953785178708,0.9785052096795184,0.9952152782693976,False,NORMAL
2023-10-25,16320.71,16459.34,16320.71,16358.89,226921736.0,225879890.0,0.1775720645980976,-0.03961109829331544,0.02639091753932976,0.9788724955245734,0.9952152782693976,False,NORMAL
2023-10-26,16305.16,16305.16,16073.74,16073.74,226932201.0,226921736.0,0.1730704671047445,-0.0654199195413192,0.027150060682873844,0.9793346641407104,0.9952152782693976,False,NORMAL
2023-10-27,16112.75,16200.3,16112.75,16134.61,226270558.0,226932201.0,0.23108294426306064,-0.059894363017150676,0.022782550565413784,0.9800678081404938,0.9952152782693976,False,NORMAL
2023-10-30,16142.06,16203.33,16101.24,16149.68,226256230.0,226270503.0,0.23456797673615037,-0.06334250096567529,0.01775776688943642,0.9809653172271496,0.9952152782693976,False,NORMAL
2023-10-31,16176.58,16215.35,15975.91,16001.27,223458771.0,226305923.0,0.2490521617425394,-0.07469295255344233,-0.003271558533815222,0.9816051603157134,0.9952152782693976,False,NORMAL
2023-11-01,16027.72,16099.03,15978.26,16038.56,223981592.0,223458771.0,0.221695109429225,-0.06455772762771195,0.003378001823421961,0.983097128820706,0.9952152782693976,False,NORMAL
2023-11-02,16094.26,16396.95,16094.26,16396.95,224758204.0,223980372.0,0.26460641444387467,-0.047401740674274495,0.002195385482089529,0.9847848630754871,0.9952152782693976,False,NORMAL
2023-11-03,16412.54,16520.1,16412.54,16507.65,223981913.0,224758199.0,0.2577563795841118,-0.02285344917907406,0.016687462630314176,0.9856978139240414,0.9952152782693976,False,NORMAL
2023-11-06,16572.56,16720.56,16572.56,16649.36,224438999.0,223981913.0,0.2830136336034572,-0.011536671321231484,0.009604769638193567,0.986337289288932,0.9952152782693976,False,NORMAL
2023-11-07,16650.14,16684.95,16608.1,16684.95,224720088.0,224439012.0,0.28880126061130373,-0.018301365027065142,-0.0037194695022830793,0.9869125577449535,0.9952152782693976,False,NORMAL
2023-11-08,16691.32,16775.23,16665.4,16740.83,226134896.0,224720088.0,0.30591846605092377,-0.00807249125588727,0.0012138276001398829,0.9876779463204685,0.9952152782693976,False,NORMAL
2023-11-09,16741.16,16759.43,16680.91,16745.65,226645577.0,226134896.0,0.3024559422197126,-0.007426379324447674,0.0052898706674775475,0.9881038175417277,0.9952152782693976,False,NORMAL
2023-11-10,16725.94,16725.94,16651.23,16682.67,227151379.0,226645556.0,0.31710973842028944,0.0028837309960503266,0.033027064080596746,0.9877954125022074,0.9952152782693976,False,NORMAL
2023-11-13,16711.53,16961.02,16711.53,16839.29,227016674.0,227151506.0,0.32290233756643283,0.014338679316316494,0.03931947099887423,0.9880706378377712,0.9952152782693976,False,NORMAL
2023-11-14,16884.52,16946.38,16884.52,16915.71,228486671.0,227016662.0,0.3086202855093887,0.03184462774023622,0.06424263449782908,0.9877264739820396,0.9952152782693976,False,NORMAL
2023-11-15,17039.62,17143.88,17034.95,17128.78,228275510.0,228486671.0,0.33939767383304575,0.040959476869971034,0.06228380693968094,0.9878656527860653,0.9952152782693976,False,NORMAL
2023-11-16,17136.52,17194.32,17089.4,17171.18,228868828.0,228275510.0,0.32598544373443494,0.04404509575734594,0.056125496721732615,0.9879945685011007,0.9952152782693976,False,NORMAL
2023-11-17,17155.86,17253.47,17147.56,17208.95,230640189.0,228868828.0,0.31998717517014774,0.041914648603289084,0.05625743676481254,0.9881682649987473,0.9952152782693976,False,NORMAL
2023-11-20,17197.82,17219.76,17151.82,17210.47,231768860.0,230640200.0,0.3137592870932211,0.05061622055867332,0.07148514632598513,0.9881041324427334,0.9952152782693976,False,NORMAL
2023-11-21,17239.94,17421.17,17239.94,17416.7,232020150.0,231768847.0,0.34112854788782276,0.06319388529370662,0.07209463489018786,0.9882529395764964,0.9952152782693976,False,NORMAL
2023-11-22,17325.6,17344.53,17264.95,17310.26,232811622.0,232020150.0,0.32882823061233424,0.05308861811419052,0.07918665706454808,0.9883526913194621,0.9952152782693976,False,NORMAL
2023-11-23,17291.33,17343.61,17228.45,17294.55,233245776.0,232811277.0,0.30784203851712033,0.04329217163643362,0.07994707538437962,0.9884402645194201,0.9952152782693976,False,NORMAL
2023-11-24,17304.65,17336.13,17268.38,17287.42,234146276.0,233245876.0,0.2951551421362084,0.03080042955434026,0.08845844183303653,0.9885431436389573,0.9952152782693976,False,NORMAL
2023-11-27,17291.23,17351.93,17133.76,17137.42,233050086.0,234146218.0,0.25651871387606384,0.039792301466242685,0.07692176456234634,0.9886583568666026,0.9952152782693976,False,NORMAL
2023-11-28,17150.3,17360.38,17145.2,17341.25,234706986.0,233049750.0,0.28417936930158705,0.05039535388018623,0.08654065580558634,0.9886559422348052,0.9952152782693976,False,NORMAL
2023-11-29,17352.11,17441.79,17323.27,17370.56,236307562.0,234706979.0,0.24008464000868113,0.044930565790304744,0.0916035012013352,0.9886913686812311,0.9952152782693976,False,NORMAL
2023-11-30,17389.2,17433.85,17313.3,17433.85,236653747.0,236307562.0,0.2299099111810312,0.042705603289987515,0.08741656921006014,0.98874555856112,0.9952152782693976,False,NORMAL
2023-12-01,17422.35,17450.13,17355.89,17438.35,237394556.0,236653747.0,0.19881605713063988,0.04832363562257025,0.08208987689090197,0.988845572001746,0.9952152782693976,False,NORMAL
2023-12-04,17450.64,17516.61,17398.1,17421.48,237793287.0,237394547.0,0.19839448042456143,0.04665321713385584,0.0841059261205086,0.9889056786554302,0.9952152782693976,False,NORMAL
2023-12-05,17401.59,17401.59,17252.57,17328.01,237752917.0,237793287.0,0.19213868648793309,0.03206253361437872,0.08114273916673476,0.9889663014856026,0.9952152782693976,False,NORMAL
2023-12-06,17340.82,17439.85,17337.47,17360.72,238487591.0,237752917.0,0.19687914297079834,0.033892521324637714,0.07462039030891598,0.9890282606533894,0.9952152782693976,False,NORMAL
2023-12-07,17356.92,17387.94,17273.71,17278.74,238114292.0,238487591.0,0.19581103423743174,0.03229626195471913,0.06918853811032766,0.9890939136951131,0.9952152782693976,False,NORMAL
2023-12-08,17309.36,17465.35,17309.36,17383.99,238811456.0,238114292.0,0.19541678700609277,0.046022237011060785,0.06775144055137505,0.9891842040110232,0.9952152782693976,False,NORMAL
2023-12-11,17416.96,17451.82,17372.82,17418.34,240463090.0,238811457.0,0.19233954933210295,0.05081557575340767,0.07489667182276083,0.9892203875765859,0.9952152782693976,False,NORMAL
2023-12-12,17429.61,17528.72,17404.88,17450.63,240712461.0,240463075.0,0.18037270021645035,0.06192923364338121,0.09005323078855954,0.9892074410236099,0.9952152782693976,False,NORMAL
2023-12-13,17447.51,17507.92,17438.69,17468.93,241477519.0,240712461.0,0.1820494758943898,0.05407805965349066,0.09862440511001913,0.98927527248386,0.9952152782693976,False,NORMAL
2023-12-14,17482.38,17668.35,17482.38,17653.11,242326205.0,241477489.0,0.21269957071815582,0.0646262011119616,0.09518478535147046,0.9893025236622937,0.9952152782693976,False,NORMAL
2023-12-15,17693.33,17743.54,17642.79,17673.87,241487642.0,242326205.0,0.20151614859371136,0.051542877133861076,0.08693451402937202,0.989326183076682,0.9952152782693976,False,NORMAL
2023-12-18,17637.86,17665.91,17586.88,17652.03,241898339.0,241487642.0,0.1863282155710353,0.0432074615328244,0.082730332172533,0.9893660940190672,0.9952152782693976,False,NORMAL
2023-12-19,17669.84,17669.84,17497.32,17576.55,243619807.0,244382804.0,0.17077094212938304,0.05259895653673663,0.07889916768766625,0.9895651186821599,0.9952152782693976,False,NORMAL
2023-12-20,17608.35,17657.65,17597.48,17635.2,245705863.0,243619105.0,0.17798256325030004,0.060042124700655064,0.08623819445967196,0.9895778607149712,0.9952152782693976,False,NORMAL
2023-12-21,17531.45,17552.9,17442.76,17543.74,244895604.0,245705848.0,0.17108634152919033,0.06102239223453654,0.08071861920391843,0.9896426861571319,0.9952152782693976,False,NORMAL
2023-12-22,17586.16,17618.17,17567.55,17596.63,245369148.0,245021248.0,0.1947025164167271,0.07844492779470325,0.08406197510654234,0.9897073409852241,0.9952152782693976,False,NORMAL
2023-12-25,17596.27,17663.35,17595.27,17604.84,245845023.0,245369148.0,0.2033375233509751,0.07711227276731969,0.08255753059898585,0.9899111985121569,0.9952152782693976,False,NORMAL
2023-12-26,17619.09,17751.73,17619.09,17751.73,246630728.0,245845023.0,0.21979531424362175,0.07898625292741479,0.08076657434216727,0.9899588592476801,0.9952152782693976,False,NORMAL
2023-12-27,17766.73,17897.16,17766.73,17891.5,247325167.0,246630728.0,0.21665942444389596,0.09925184642238571,0.08415871403051933,0.9899937116823795,0.9952152782693976,False,NORMAL
2023-12-28,17900.76,17928.14,17841.76,17910.37,247699426.0,247425042.0,0.22568073147881385,0.09809777343970327,0.08510127310448046,0.9900466279150691,0.9952152782693976,False,NORMAL
2023-12-29,17893.63,17945.7,17864.23,17930.81,248014237.0,247699426.0,0.234652577711431,0.09643482163713024,0.08092925657883776,0.9903494726694972,0.9952152782693976,False,NORMAL
2024-01-02,17939.79,17956.74,17784.97,17853.76,248424271.0,248014237.0,0.21129818391029165,0.07830076262388008,0.08005963294437923,0.9906212758430499,0.9952152782693976,False,NORMAL
2024-01-03,17829.28,17829.28,17518.19,17559.31,249224908.0,248424271.0,0.1917439305883688,0.06715371142203219,0.07747549031475742,0.9907083150086465,0.9952152782693976,False,NORMAL
2024-01-04,17574.39,17609.89,17515.73,17549.65,249729179.0,249224908.0,0.2079422929335688,0.07842685416305661,0.08169082159125574,0.9907887736023387,0.9952152782693976,False,NORMAL
2024-01-05,17559.4,17606.79,17495.39,17519.14,248996724.0,249729179.0,0.21379834992919156,0.06476547267697108,0.07267097246480714,0.9907668619035426,0.9952152782693976,False,NORMAL
2024-01-08,17534.52,17688.11,17534.52,17572.66,248150571.0,248996724.0,0.24012863769519188,0.0636836380342809,0.07000854236971832,0.990791154116063,0.9952152782693976,False,NORMAL
2024-01-09,17585.4,17694.26,17517.55,17535.49,245574757.0,248150571.0,0.2319093182712304,0.05179093367754284,0.07428300642929986,0.9908031935183863,0.9952152782693976,False,NORMAL
2024-01-10,17495.67,17499.43,17439.27,17465.63,244563783.0,245574757.0,0.20928495167881334,0.03801993473161347,0.06906534390789987,0.9908501484457898,0.9952152782693976,False,NORMAL
2024-01-11,17477.88,17574.92,17476.87,17545.32,244054875.0,244563783.0,0.2293844501293827,0.04544893898848623,0.06566795538812253,0.990956930431759,0.9952152782693976,False,NORMAL
2024-01-12,17536.05,17570.63,17469.87,17512.83,243706399.0,244054875.0,0.22594824128306867,0.05168013432427099,0.06456174220630317,0.9913312330276913,0.9952152782693976,False,NORMAL
2024-01-15,17541.26,17632.77,17532.98,17546.82,245868197.0,243706585.0,0.22461567666520343,0.054334822488140366,0.07744273159480786,0.9912837599477292,0.9952152782693976,False,NORMAL
2024-01-16,17523.78,17523.78,17337.58,17346.87,247524515.0,245868197.0,0.22392913335826314,0.0551040058001655,0.09651748553776884,0.9910013619445008,0.9952152782693976,False,NORMAL
2024-01-17,17341.58,17361.05,17151.58,17161.79,247860934.0,247524515.0,0.21844271431634454,0.04309679913303155,0.09356954016959484,0.9909433371054399,0.9952152782693976,False,NORMAL
2024-01-18,17169.1,17300.29,17169.1,17227.79,247038390.0,247860923.0,0.21857177516270343,0.04787320749942814,0.0930324211041389,0.9909105037341017,0.9952152782693976,False,NORMAL
2024-01-19,17546.51,17682.97,17499.85,17681.52,246672432.0,247038390.0,0.24306600338017392,0.08800248102312658,0.09505753736582312,0.9909276612361873,0.9952152782693976,False,NORMAL
2024-01-22,17770.78,17869.07,17765.13,17815.1,246311316.0,246672428.0,0.254661377140712,0.09229688235755762,0.09045261178407693,0.9917051249108368,0.9952152782693976,False,NORMAL
2024-01-23,17840.28,17893.73,17801.89,17874.59,247186801.0,246311316.0,0.24987955429846065,0.09265298562433033,0.08930420398335048,0.9915168514174239,0.9952152782693976,False,NORMAL
2024-01-24,17883.62,17944.98,17856.34,17875.83,248790648.0,247186801.0,0.243679617959361,0.11211391997133235,0.09632148678626695,0.9915279722235819,0.9952152782693976,False,NORMAL
2024-01-25,17894.83,18014.26,17894.83,18002.62,248578208.0,249435412.0,0.22033376694068219,0.11577658214236353,0.09858838992212138,0.991288637000958,0.9952152782693976,False,NORMAL
2024-01-26,17985.44,18029.85,17943.65,17995.03,247462895.0,248578207.0,0.21563727794981546,0.1142654219774013,0.09372853512144164,0.9909799374219476,0.9952152782693976,False,NORMAL
2024-01-29,18001.24,18119.63,17995.11,18119.63,247456105.0,247462895.0,0.22832957324844227,0.13238699178252733,0.10739043221534583,0.9904715636984875,0.9952152782693976,False,NORMAL
2024-01-30,18083.45,18138.74,18034.63,18034.63,247968595.0,247456105.0,0.22421061063126735,0.12445443980008197,0.10709363562341312,0.9901007086473868,0.9952152782693976,False,NORMAL
2024-01-31,17970.41,17996.33,17874.95,17889.56,247990488.0,247968556.0,0.20678650281669153,0.09102973418837035,0.10336567736588598,0.9903609265894207,0.9952152782693976,False,NORMAL
2024-02-01,17871.27,17968.11,17832.95,17968.11,246789368.0,247990488.0,0.20373135678210175,0.08847170857148035,0.10182721762895208,0.9901357979618732,0.9952152782693976,False,NORMAL
2024-02-02,18016.35,18059.93,17985.89,18059.93,246644704.0,246789368.0,0.20940297717862477,0.08472217550704642,0.09893870984516373,0.9901864089122722,0.9952152782693976,False,NORMAL
2024-02-05,18047.4,18115.8,17992.17,18096.07,244814252.0,246644806.0,0.16795406168394877,0.08457442185922037,0.08941863710911324,0.9897219570025896,0.9952152782693976,False,NORMAL
2024-02-15,18664.45,18725.47,18550.86,18644.57,245573792.0,244539266.0,0.22137738123313144,0.11371837597060597,0.08596150503016564,0.9894761672011425,0.9952152782693976,False,NORMAL
2024-02-16,18639.66,18715.69,18585.14,18607.25,247787773.0,245573802.0,0.20668567645019853,0.11116916930665566,0.09328307342172404,0.9897562718172234,0.9952152782693976,False,NORMAL
2024-02-19,18561.04,18663.74,18561.04,18635.8,250961873.0,247787763.0,0.1949733122327697,0.11707538421607588,0.10482214153760427,0.9892636182246813,0.9952152782693976,False,NORMAL
2024-02-20,18610.21,18756.33,18610.21,18753.16,252605441.0,250961873.0,0.2019206981373689,0.11365502939850791,0.11271756628766405,0.9891265413041357,0.9952152782693976,False,NORMAL
2024-02-21,18673.49,18729.03,18645.27,18676.31,254128306.0,252605268.0,0.21331309012903432,0.10408076279387646,0.1122237673111357,0.9888023267908638,0.9952152782693976,False,NORMAL
2024-02-22,18826.85,18881.77,18758.15,18852.78,255220537.0,254128306.0,0.22413415830622996,0.1006493165304243,0.11803730938986834,0.9885551185208452,0.9952152782693976,False,NORMAL
2024-02-23,18950.07,19012.38,18889.19,18889.19,253636821.0,255220537.0,0.20943682902670413,0.1000519475073931,0.10821916298710632,0.9881522231182039,0.9952152782693976,False,NORMAL
2024-02-26,18899.39,18974.08,18854.71,18948.05,256076413.0,253636821.0,0.214719037664012,0.10105787976605196,0.11028530678146464,0.9878642901002223,0.9952152782693976,False,NORMAL
2024-02-27,18964.49,19023.01,18752.53,18854.41,254711190.0,256076413.0,0.20965120792473058,0.09551976209830393,0.09898797448457919,0.987314385821696,0.9952152782693976,False,NORMAL
2024-02-29,18796.54,19019.69,18794.62,18966.77,257050729.0,254711190.0,0.22017681101987363,0.08899906411662362,0.10788105688234406,0.9870303693309852,0.9952152782693976,False,NORMAL
2024-03-01,19021.35,19041.92,18923.46,18935.93,257180305.0,257050729.0,0.20961731082731583,0.09391366738570084,0.1046712478984404,0.9866418337305989,0.9952152782693976,False,NORMAL
2024-03-04,18952.69,19333.39,18952.69,19305.31,258584531.0,257180111.0,0.250919950832281,0.11626552873593132,0.10863542926496561,0.9863387754058353,0.9952152782693976,False,NORMAL
2024-03-05,19398.97,19453.85,19332.73,19386.92,259427370.0,258584531.0,0.2467071798334457,0.1214466936072589,0.10797136914532857,0.9861096348151535,0.9952152782693976,False,NORMAL
2024-03-06,19283.61,19532.3,19246.3,19499.45,260731246.0,259427370.0,0.25967880514480246,0.13782879803377646,0.1187777291787826,0.9855144903388925,0.9952152782693976,False,NORMAL
2024-03-07,19678.36,19794.57,19630.79,19693.52,260291774.0,260731246.0,0.26636413968541395,0.1356459309450011,0.10900735609122436,0.9849820535723857,0.9952152782693976,False,NORMAL
2024-03-08,19966.49,20065.5,19638.13,19785.32,255485990.0,260292246.0,0.2713050183126646,0.1390145165152994,0.08115875699314268,0.9833996785235026,0.9952152782693976,False,NORMAL
2024-03-11,19671.9,19828.7,19649.67,19726.08,259204020.0,255485945.0,0.2793549680032843,0.13148157176986164,0.09528804544979375,0.9825474991947017,0.9952152782693976,False,NORMAL
2024-03-12,19672.76,19917.06,19664.71,19914.55,265284534.0,259204020.0,0.27531393668177784,0.14199737933921508,0.11748364608664397,0.9812394051626979,0.9952152782693976,False,NORMAL
2024-03-13,20024.83,20112.81,19866.73,19928.51,263637637.0,265284534.0,0.28539602252094465,0.14390453623917132,0.10868410259201311,0.9806024568969628,0.9952152782693976,False,NORMAL
2024-03-14,19920.63,19995.51,19775.5,19937.92,263153321.0,263637637.0,0.2781955176430537,0.15061798787050562,0.10683529910171408,0.980021783897642,0.9952152782693976,False,NORMAL
2024-03-15,19845.45,19888.13,19682.5,19682.5,266198701.0,263153321.0,0.261802250441062,0.13373754083932,0.11619518602123002,0.9791912276558586,0.9952152782693976,False,NORMAL
2024-03-18,19706.11,19879.86,19706.11,19879.85,269745664.0,266198701.0,0.2736619081239484,0.15053817581606044,0.13284113160246602,0.9777511134385342,0.9952152782693976,False,NORMAL
2024-03-19,19798.12,19921.25,19762.16,19857.2,272006801.0,269745664.0,0.2596940655983344,0.1422694099570927,0.1390023140263421,0.9767949078344725,0.9952152782693976,False,NORMAL
2024-03-20,19879.25,19994.42,19728.43,19784.45,273262861.0,272006801.0,0.24760923426761083,0.13584015468753052,0.13640251815777638,0.9769184441044058,0.9952152782693976,False,NORMAL
2024-03-21,19843.8,20199.3,19843.8,20199.09,277077501.0,273262861.0,0.2769524977557496,0.15749918484318326,0.15107252798183968,0.9760257073476609,0.9952152782693976,False,NORMAL
2024-03-22,20232.06,20296.1,20084.31,20228.43,277985694.0,277077501.0,0.28266223480818176,0.15796617194069706,0.15118664110508773,0.9757305614092798,0.9952152782693976,False,NORMAL
2024-03-25,20228.64,20285.38,20172.8,20192.25,279508015.0,277985684.0,0.30052749545928803,0.14383527888287095,0.1534370168509014,0.9753340803003079,0.9952152782693976,False,NORMAL
2024-03-26,20208.88,20397.07,19977.4,20126.49,276395122.0,279508015.0,0.2934354894993667,0.1387709652724618,0.14455182762520002,0.9748176464431858,0.9952152782693976,False,NORMAL
2024-03-27,20158.07,20255.1,20108.96,20200.12,279423806.0,276395122.0,0.31507602005674307,0.14435110296096254,0.15512908089873245,0.9744799534700823,0.9952152782693976,False,NORMAL
2024-03-28,20213.34,20222.2,20065.93,20146.55,280891238.0,279423806.0,0.30927260214237573,0.14621754553652444,0.15299015075568145,0.9739934843796676,0.9952152782693976,False,NORMAL
2024-03-29,20156.34,20335.92,20156.34,20294.45,276822302.0,280891191.0,0.3333085870159358,0.1507921656686626,0.12664101141127437,0.9718649856192307,0.9952152782693976,False,NORMAL
2024-04-01,20319.73,20387.23,20217.58,20222.33,279105823.0,276822010.0,0.30863795674097405,0.15268067128217822,0.13969307101159734,0.9710513773329371,0.9952152782693976,False,NORMAL
2024-04-02,20359.81,20466.57,20359.81,20466.57,281265696.0,279107539.0,0.32727690131692877,0.16309600190491014,0.1462960942424596,0.9705002200215853,0.9952152782693976,False,NORMAL
2024-04-03,20388.84,20403.73,20269.66,20337.6,282880501.0,281265696.0,0.31096564593949116,0.1552277669095543,0.15064562848604024,0.9710432565491479,0.9952152782693976,False,NORMAL
2024-04-08,20395.05,20487.83,20379.83,20417.7,283664720.0,282880501.0,0.29550152723968726,0.1501808556123827,0.15015968326542017,0.9702016348054513,0.9952152782693976,False,NORMAL
2024-04-09,20521.56,20820.81,20521.56,20796.2,284596762.0,283664720.0,0.3109093258614657,0.16235083698963204,0.15069875602267357,0.9693793978566635,0.9952152782693976,False,NORMAL
2024-04-10,20789.42,20883.69,20763.53,20763.53,284238447.0,284596762.0,0.3046761798840065,0.15930212497005924,0.14751354732650857,0.9685684161204852,0.9952152782693976,False,NORMAL
2024-04-11,20713.25,20770.83,20651.88,20753.22,284108496.0,284238447.0,0.3109800123939457,0.1574056052124806,0.14553301228429083,0.968112735433639,0.9952152782693976,False,NORMAL
2024-04-12,20772.79,20825.04,20713.87,20736.57,286582653.0,284108496.0,0.32067614008361,0.1614679484881616,0.1536016664007842,0.9677058083607513,0.9952152782693976,False,NORMAL
2024-04-15,20586.53,20623.77,20449.77,20449.77,285703671.0,286582660.0,0.29677116202148923,0.16461125180886937,0.1463688492965558,0.9678559504501332,0.9952152782693976,False,NORMAL
2024-04-16,20365.11,20365.11,19844.54,19901.96,279599862.0,285703595.0,0.2556893213194418,0.13403743094591625,0.11961230609739837,0.9656506097810852,0.9952152782693976,False,NORMAL
2024-04-17,19986.62,20264.99,19986.62,20213.33,283729847.0,279599859.0,0.2738375075466064,0.1537855168689788,0.13949228906320865,0.9641789144734492,0.9952152782693976,False,NORMAL
2024-04-18,20126.57,20363.09,20057.81,20301.2,285642609.0,283729847.0,0.28401083565190066,0.15527188257213198,0.15108584215186038,0.9650462874955467,0.9952152782693976,False,NORMAL
2024-04-19,19992.06,19992.06,19291.88,19527.12,282037111.0,285642609.0,0.2330451804375966,0.11357709422434148,0.14847761408962734,0.9654675380735162,0.9952152782693976,False,NORMAL
2024-04-22,19466.44,19695.49,19395.31,19411.22,277592877.0,282037111.0,0.22266390445554562,0.1113953518997024,0.13505308756202883,0.9653935034072397,0.9952152782693976,False,NORMAL
2024-04-23,19564.38,19709.0,19509.74,19599.28,277097621.0,277592877.0,0.23158400088476228,0.1170659754282053,0.13539064114166943,0.9656516939463684,0.9952152782693976,False,NORMAL
2024-04-24,19770.46,20165.77,19770.46,20131.74,279213827.0,277097621.0,0.26352713900798164,0.1495423640839315,0.14569756126920574,0.9681737688786468,0.9952152782693976,False,NORMAL
2024-04-25,20003.0,20003.0,19848.57,19857.42,280494004.0,279213822.0,0.2564202177065642,0.1316819799826976,0.1408307679581675,0.9702975362891899,0.9952152782693976,False,NORMAL
2024-04-26,20094.17,20226.29,20087.61,20120.51,281954935.0,280494003.0,0.2631029484419718,0.1598928221633067,0.13909903025160952,0.9706032287748695,0.9952152782693976,False,NORMAL
2024-04-29,20235.93,20495.52,20235.93,20495.52,282639311.0,281954935.0,0.28389487300757055,0.19425304703064183,0.14031407224504377,0.9709203029416403,0.9952152782693976,False,NORMAL
2024-04-30,20508.48,20559.97,20396.6,20396.6,283890973.0,282639311.0,0.28527534683013367,0.18393595464072865,0.14917755495411056,0.97156076675492,0.9952152782693976,False,NORMAL
2024-05-02,20360.67,20360.67,20222.44,20222.44,287091200.0,283890973.0,0.2822978642995422,0.14370483985539684,0.16385604046746494,0.971424500897711,0.9952152782693976,False,NORMAL
2024-05-03,20381.98,20521.49,20272.34,20330.32,287756416.0,287091030.0,0.29430489345230804,0.1411847253172871,0.16826307728387113,0.9719308688722009,0.9952152782693976,False,NORMAL
2024-05-06,20479.8,20639.9,20479.8,20523.31,289184522.0,287756411.0,0.3153446871400931,0.14818353875529455,0.169902765156138,0.9720291811898147,0.9952152782693976,False,NORMAL
2024-05-07,20634.62,20689.19,20493.8,20653.53,289186701.0,289184522.0,0.3216677428045409,0.15538858894943597,0.16236966029366173,0.9718751761450525,0.9952152782693976,False,NORMAL
2024-05-08,20604.18,20700.51,20547.48,20700.51,290416728.0,289186664.0,0.3467486580012791,0.14986096468180743,0.16831129460873728,0.9717070267651695,0.9952152782693976,False,NORMAL
2024-05-09,20710.05,20754.61,20560.77,20560.77,289983074.0,290417828.0,0.3373180362714421,0.14258047916563643,0.17182446281492014,0.9725739209252225,0.9952152782693976,False,NORMAL
2024-05-10,20582.12,20765.82,20574.01,20708.84,291968216.0,289983064.0,0.3437273099486162,0.14289530194601108,0.17987881527513738,0.9718234467435068,0.9952152782693976,False,NORMAL
2024-05-13,20905.16,20933.28,20816.42,20857.71,289574837.0,291968216.0,0.3388195014114992,0.15653661871632507,0.1677883523919632,0.970715805835503,0.9952152782693976,False,NORMAL
2024-05-14,20835.95,20994.53,20816.77,20985.85,290846460.0,289574837.0,0.34210832617059594,0.17307804104740399,0.17281296692315062,0.9703620976475674,0.9952152782693976,False,NORMAL
2024-05-15,20984.7,21308.32,20984.7,21147.21,289642159.0,290846382.0,0.35965103472486093,0.1769301278765545,0.1736411554001791,0.9699942166705959,0.9952152782693976,False,NORMAL
2024-05-16,21319.02,21515.52,21249.88,21304.26,289973804.0,289642159.0,0.36486764392149906,0.17964244601169543,0.17567415516045304,0.969739068004875,0.9952152782693976,False,NORMAL
2024-05-17,21346.75,21346.75,21218.34,21258.47,290847960.0,289973977.0,0.360448916458201,0.174756176341051,0.1880352455950971,0.9681303070902315,0.9952152782693976,False,NORMAL
2024-05-20,21278.38,21338.35,21102.18,21271.63,290049785.0,290847960.0,0.35491800093887926,0.14090215006299434,0.1811105030295741,0.9668856098641262,0.9952152782693976,False,NORMAL
2024-05-21,21239.26,21307.08,21131.62,21236.75,290441319.0,290049785.0,0.3502768999917343,0.14131588493732283,0.17213741212323663,0.9678498870116664,0.9952152782693976,False,NORMAL
2024-05-22,21248.99,21567.48,21248.99,21551.83,291609298.0,290441319.0,0.3778391945663404,0.15647463484261492,0.16196653505211933,0.9670061012725517,0.9952152782693976,False,NORMAL
2024-05-23,21668.84,21668.84,21475.99,21607.43,291610473.0,291609298.0,0.3927123027024797,0.15220208220907838,0.15441089410263342,0.9683240780717974,0.9952152782693976,False,NORMAL
2024-05-24,21442.67,21608.72,21381.25,21565.34,293822343.0,291610473.0,0.39110045180217723,0.15468955055897005,0.15619683468082468,0.9682053229659757,0.9952152782693976,False,NORMAL
2024-05-27,21699.98,21871.34,21699.98,21803.77,298574843.0,293822343.0,0.40896281433662574,0.1565281088518511,0.16986997406090398,0.9677010491384017,0.9952152782693976,False,NORMAL
2024-05-28,21812.2,21937.4,21812.2,21858.41,298557388.0,298574843.0,0.39457378189219017,0.15719149418265155,0.1771058587743457,0.9675883367514887,0.9952152782693976,False,NORMAL
2024-05-29,21846.41,21906.1,21662.5,21662.5,298691555.0,298557388.0,0.360257803782537,0.14325748559878204,0.1664157252936842,0.967946776803543,0.9952152782693976,False,NORMAL
2024-05-30,21481.39,21558.36,21364.24,21364.48,299032337.0,298691555.0,0.32683140105379005,0.13312906635635913,0.1740054961856996,0.9680037397545672,0.9952152782693976,False,NORMAL
2024-05-31,21400.83,21539.03,21174.22,21174.22,299532435.0,299032337.0,0.3090772628241747,0.11638513041493104,0.16526584524877963,0.9680607899248993,0.9952152782693976,False,NORMAL
2024-06-03,21388.71,21612.54,21372.08,21536.76,301237821.0,299532567.0,0.3309997163320435,0.1373489445725664,0.1713098364977832,0.9682074247136235,0.9952152782693976,False,NORMAL
2024-06-04,21513.85,21529.98,21308.97,21356.62,300628955.0,301237821.0,0.3192846813355299,0.1062562579932671,0.16259450570150302,0.9683655825089494,0.9952152782693976,False,NORMAL
2024-06-05,21385.0,21510.86,21264.63,21484.88,302355018.0,300628955.0,0.32956584806786426,0.10821522964968144,0.16547077511520847,0.9689691828480836,0.9952152782693976,False,NORMAL
2024-06-06,21856.13,21970.63,21847.68,21902.7,303619654.0,302355018.0,0.34438374662411,0.12324706594288548,0.16449278196599426,0.969343978899447,0.9952152782693976,False,NORMAL
2024-06-07,21823.62,21920.85,21823.62,21858.38,304633093.0,303619654.0,0.32434497320517064,0.10992752946146767,0.17035236388223307,0.9695741372299835,0.9952152782693976,False,NORMAL
2024-06-11,21984.42,22003.71,21792.12,21792.12,303408228.0,304633093.0,0.30991386305849256,0.10142873605279057,0.18757286064883627,0.9692897374216917,0.9952152782693976,False,NORMAL
2024-06-12,21841.81,22094.94,21841.81,22048.96,303614391.0,303408228.0,0.3264335482597933,0.11775679709298537,0.17133365061236328,0.9688389530025822,0.9952152782693976,False,NORMAL
2024-06-13,22217.64,22440.1,22211.08,22312.04,304361363.0,303614391.0,0.3458045619266832,0.12038886141037586,0.1473015724316593,0.9669237697927381,0.9952152782693976,False,NORMAL
2024-06-14,22311.93,22504.72,22252.02,22504.72,306531783.0,304361363.0,0.36287755145297695,0.12927258485456283,0.1627011472569071,0.966147097138475,0.9952152782693976,False,NORMAL
2024-06-17,22468.11,22567.34,22431.26,22496.53,307628696.0,306531783.0,0.34654044344525703,0.1283288326966905,0.16900936241652076,0.9661431530759225,0.9952152782693976,False,NORMAL
2024-06-18,22690.34,22787.67,22642.94,22757.43,308114023.0,307628696.0,0.36154388752712485,0.15622659723104282,0.15745877738148684,0.965537211857798,0.9952152782693976,False,NORMAL
2024-06-19,22858.45,23275.3,22858.45,23209.54,309452784.0,308114023.0,0.38468027629721635,0.16749070038254832,0.14720206957617687,0.9646391216040909,0.9952152782693976,False,NORMAL
2024-06-20,23196.69,23406.1,23180.7,23406.1,311708725.0,309452784.0,0.383136514269776,0.17872106842858004,0.14595930636307886,0.9641602398267096,0.9952152782693976,False,NORMAL
2024-06-21,23193.9,23351.17,23151.15,23253.39,315207621.0,311708725.0,0.38961520142897355,0.17533669118929263,0.15349601422785364,0.9643464154590969,0.9952152782693976,False,NORMAL
2024-06-24,23124.31,23131.68,22813.7,22813.7,315220677.0,315207621.0,0.3510102804623838,0.1294419699105256,0.1376624802170423,0.9635315446742972,0.9952152782693976,False,NORMAL
2024-06-25,22695.15,22875.97,22503.0,22875.97,317177342.0,315217996.0,0.3491873076199459,0.13088212975500335,0.14098440619753627,0.9633620234260548,0.9952152782693976,False,NORMAL
2024-06-26,22938.57,23074.74,22893.75,22986.69,317565136.0,317177342.0,0.3351468931147845,0.1383917096905991,0.13615753022323895,0.9632294150900379,0.9952152782693976,False,NORMAL
2024-06-27,22859.93,22922.56,22765.16,22905.98,317982947.0,317565136.0,0.3287964942853463,0.13810107972130248,0.15046511927949302,0.9622487111900775,0.9952152782693976,False,NORMAL
2024-06-28,22896.72,23142.4,22896.72,23032.25,317993692.0,317982945.0,0.3286574313901718,0.14020362255273744,0.138033643418342,0.9612314580028798,0.9952152782693976,False,NORMAL
2024-07-01,23042.7,23187.88,23015.17,23058.57,320183294.0,317993692.0,0.3337202865883391,0.14454186945159342,0.1398835231734783,0.9608128009341663,0.9952152782693976,False,NORMAL
2024-07-02,23012.74,23041.9,22833.78,22879.37,321957358.0,320183333.0,0.32445457366207875,0.127370783637891,0.163047036578722,0.9586921760208152,0.9952152782693976,False,NORMAL
2024-07-03,23009.82,23172.43,22994.28,23172.43,325382912.0,321957358.0,0.3484173033201803,0.14588328842423204,0.16580481375338407,0.9583745707853631,0.9952152782693976,False,NORMAL
2024-07-04,23360.88,23571.82,23360.88,23522.53,326590178.0,325382912.0,0.3673981537459887,0.14931471174700994,0.16114472061320972,0.9579473001522986,0.9952152782693976,False,NORMAL
2024-07-05,23532.01,23628.86,23491.79,23556.59,328575653.0,326590178.0,0.38086983945357455,0.15827777122177644,0.1615351777109586,0.9574917624126732,0.9952152782693976,False,NORMAL
2024-07-08,23550.64,24011.64,23505.86,23878.15,330689243.0,329014812.0,0.4139206177203796,0.1694828506638848,0.16577501424921648,0.9570082472632999,0.9952152782693976,False,NORMAL
2024-07-09,23888.2,24126.66,23607.92,23900.08,328711597.0,330250084.0,0.41123064214322125,0.14925226724113072,0.15500821123186226,0.9560556993312564,0.9952152782693976,False,NORMAL
2024-07-10,23744.88,24040.61,23682.49,24007.08,331985335.0,328711597.0,0.41699060930334153,0.15621380372219962,0.16798180719021438,0.954998718716261,0.9952152782693976,False,NORMAL
2024-07-11,24242.03,24416.67,24151.8,24390.03,334542120.0,331985335.0,0.4418712024564393,0.17524075781975035,0.17751536722787753,0.954247542692981,0.9952152782693976,False,NORMAL
2024-07-12,23955.67,24045.73,23774.22,23916.93,333684925.0,334542119.0,0.3999443930649371,0.1533696267029696,0.1643584198377841,0.9529523234207339,0.9952152782693976,False,NORMAL
2024-07-15,23927.91,24018.31,23759.51,23879.36,335092411.0,333684616.0,0.39313228052182025,0.1677079986718677,0.1728670122688063,0.9519962614698201,0.9952152782693976,False,NORMAL
2024-07-16,23880.33,24174.18,23861.77,23997.25,335880055.0,335092411.0,0.40693275204717505,0.20577320022751544,0.20128834326820955,0.9490866559389755,0.9952152782693976,False,NORMAL
2024-07-17,23827.27,23993.68,23650.94,23769.82,340495549.0,335883797.0,0.418063413030652,0.17594775328953705,0.20006954714214475,0.9490088717961531,0.9952152782693976,False,NORMAL
2024-07-18,23373.01,23450.91,23148.74,23398.47,340041155.0,340495549.0,0.40411516657555335,0.15256585817587132,0.19044268707124146,0.9481801224472436,0.9952152782693976,False,NORMAL
2024-07-19,23228.04,23235.82,22865.84,22869.26,336866469.0,340041041.0,0.37329818408916204,0.17115375948936662,0.19440476398866524,0.9475941396030791,0.9952152782693976,False,NORMAL
2024-07-22,22818.86,22818.86,22130.88,22256.99,331601598.0,336866432.0,0.31706660370402595,0.14660438653521002,0.1945609036646858,0.9466879651939463,0.9952152782693976,False,NORMAL
2024-07-23,22514.75,22871.84,22514.75,22871.84,328897658.0,331601488.0,0.3484140754379046,0.16697348065847328,0.18693786259536305,0.9449650788217309,0.9952152782693976,False,NORMAL
2024-07-26,22206.93,22206.93,21889.61,22119.21,331849533.0,328897658.0,0.2964475365444803,0.09872321021431807,0.18851396639465134,0.9440529696318313,0.9952152782693976,False,NORMAL
2024-07-29,22321.37,22471.4,22128.14,22164.49,325475169.0,331849415.0,0.28239191701318767,0.11618175976536738,0.16036408749757092,0.9408477797976563,0.9952152782693976,False,NORMAL
2024-07-30,22040.04,22276.39,21833.85,22223.57,325946717.0,325475004.0,0.28205827870654043,0.10452319548560163,0.15602416038577238,0.9396753225506852,0.9952152782693976,False,NORMAL
2024-07-31,22088.78,22315.31,22046.29,22199.35,328853507.0,325946102.0,0.2885689558396809,0.08313182588194867,0.16350944189784,0.9381626674214475,0.9952152782693976,False,NORMAL
2024-08-01,22546.4,22652.21,22465.06,22642.1,329197935.0,328853491.0,0.3228276440661726,0.11009187805810772,0.15959282368587324,0.9367616530746954,0.9952152782693976,False,NORMAL
2024-08-02,22141.2,22141.2,21636.22,21638.09,325855472.0,329197935.0,0.260601728295375,0.07000391644133952,0.13502424316732808,0.9323125640849341,0.9952152782693976,False,NORMAL
2024-08-05,20982.92,20982.92,19783.5,19830.88,307568708.0,325855465.0,0.1644195482276125,-0.024566263590538595,0.06885091312785874,0.9109420878574916,0.9952152782693976,False,NORMAL
2024-08-06,20344.39,20751.5,19662.74,20501.02,291262041.0,307568331.0,0.2035628384118222,-0.0010860821183328317,0.007184060148281324,0.9045753550054999,0.9952152782693976,False,NORMAL
2024-08-07,20638.28,21306.23,20638.28,21295.28,291654137.0,291260904.0,0.23817758006475986,0.03107217022949582,0.008532328739418782,0.9164398610020368,0.9952152782693976,False,NORMAL
2024-08-08,21047.16,21074.19,20723.26,20870.1,293751576.0,291654137.0,0.21602559060279503,0.008192551777709722,0.011482974906321441,0.9250754975414248,0.9952152782693976,False,NORMAL
2024-08-09,21212.0,21613.76,21212.0,21469.0,294958954.0,293751464.0,0.24517017345036662,0.044172956557560816,0.017159208402625525,0.9323632922829195,0.9952152782693976,False,NORMAL
2024-08-12,21598.93,21897.98,21598.93,21773.26,293030367.0,294958954.0,0.2590844929112648,0.051399305803705,0.003637899407516354,0.9384899609275225,0.9952152782693976,False,NORMAL
2024-08-13,21816.07,21866.63,21698.47,21796.57,293914933.0,293030367.0,0.2712757860257806,0.04501261164336845,0.01498782161103307,0.9428811113348989,0.9952152782693976,False,NORMAL
2024-08-14,21952.03,22155.29,21942.22,22027.25,292831503.0,293914961.0,0.27969652939922285,0.049623913255836705,0.006825054704121314,0.9471165916052452,0.9952152782693976,False,NORMAL
2024-08-15,22005.69,22089.04,21895.17,21895.17,293476780.0,292831503.0,0.2960530326931945,0.035369204731971804,0.01323916729953667,0.9504644650526068,0.9952152782693976,False,NORMAL
2024-08-16,22114.72,22374.94,22114.72,22349.33,293361035.0,293476780.0,0.3268674066474786,0.049054508347156967,0.01168116206800529,0.9535086393153055,0.9952152782693976,False,NORMAL
2024-08-19,22338.83,22485.91,22307.17,22409.63,295418617.0,293361035.0,0.3185237702988939,0.05415065148150355,0.015714935734807867,0.9558180307355111,0.9952152782693976,False,NORMAL
2024-08-20,22464.07,22545.89,22369.25,22429.1,295625821.0,295418617.0,0.3289688316751662,0.05441378963436261,0.01922441004395159,0.9579420732501805,0.9952152782693976,False,NORMAL
2024-08-21,22316.78,22358.88,22165.82,22237.89,297064799.0,295625854.0,0.31811801832025965,0.04714186492754302,0.022804881973421898,0.9600209769916757,0.9952152782693976,False,NORMAL
2024-08-22,22254.59,22315.92,22096.26,22148.83,297607949.0,297064799.0,0.33148358551702173,0.027700663934338676,0.020570849561868165,0.961907609260111,0.9952152782693976,False,NORMAL
2024-08-23,22042.59,22159.27,21935.98,22158.05,300682540.0,297607949.0,0.33472178299826827,0.025482901020621007,0.031110223534392745,0.9630987919733137,0.9952152782693976,False,NORMAL
2024-08-26,22250.49,22449.45,22164.53,22240.12,302464712.0,300682607.0,0.35662933109506967,0.03129002371397793,0.029413586835361993,0.9644476698362562,0.9952152782693976,False,NORMAL
2024-08-27,22179.21,22205.11,22059.51,22185.0,305042854.0,302464712.0,0.3482388117752875,0.017484590967525415,0.021662947001867883,0.9657994235499341,0.9952152782693976,False,NORMAL
2024-08-28,22210.57,22370.66,22108.86,22370.66,307733658.0,305042854.0,0.3601847899710462,0.023434915897359465,0.030735364016515332,0.9667564155598598,0.9952152782693976,False,NORMAL
2024-08-29,22136.31,22273.62,22010.89,22201.85,311020596.0,307733658.0,0.3442094224861443,0.024897864974033457,0.041276831546174675,0.967541361346772,0.9952152782693976,False,NORMAL
2024-08-30,22230.07,22342.25,22230.07,22268.09,312261557.0,311020596.0,0.35935953840077506,0.042294968096578955,0.04424009835431275,0.9683272684576681,0.9952152782693976,False,NORMAL
2024-09-02,22341.9,22439.31,22178.04,22235.1,313253489.0,312253485.0,0.3573307434183337,0.05010243588665819,0.04580824110083448,0.9689475732296121,0.9952152782693976,False,NORMAL
2024-09-03,22240.11,22303.5,22092.21,22092.21,313696428.0,313261560.0,0.3440037815716517,0.025790787472210308,0.0413580438161516,0.9695825571775819,0.9952152782693976,False,NORMAL
2024-09-04,21574.65,21574.65,20922.17,21092.75,309735143.0,313696428.0,0.2724182446657697,-0.01235541953736119,0.030290455555087803,0.9701745682343579,0.9952152782693976,False,NORMAL
2024-09-05,21271.09,21488.81,21150.99,21187.71,310139829.0,309735143.0,0.2633637968692144,-0.01383158760951897,0.025747252522860364,0.9711507982750568,0.9952152782693976,False,NORMAL
2024-09-06,21255.45,21461.71,21125.14,21435.19,309619895.0,310139829.0,0.3005543157876851,-0.021344857026759367,0.019762360311496918,0.9720620814417444,0.9952152782693976,False,NORMAL
2024-09-09,21127.81,21163.91,20922.51,21144.44,310998167.0,309619473.0,0.2807624327195768,-0.03266207285260858,0.020894230292964222,0.9736756068043952,0.9952152782693976,False,NORMAL
2024-09-10,21252.57,21324.43,20977.0,21064.08,309023332.0,310998129.0,0.26711522439416124,-0.03340840634137465,0.018506762446798275,0.9746070905423424,0.9952152782693976,False,NORMAL
2024-09-11,21089.18,21134.05,21031.0,21031.0,309173005.0,309023332.0,0.2578484696605585,-0.04616816394061207,0.018308137442668126,0.9759239614415782,0.9952152782693976,False,NORMAL
2024-09-12,21373.64,21706.85,21373.64,21653.25,309706609.0,309173005.0,0.3017065125453051,-0.029526210960539756,0.017562170005132938,0.9766442154048589,0.9952152782693976,False,NORMAL
2024-09-13,21754.36,21796.39,21643.22,21759.65,311140460.0,309706609.0,0.30728317434607777,-0.03310727705121408,0.015034907489511529,0.9772639257956641,0.9952152782693976,False,NORMAL
2024-09-16,21800.0,21854.74,21736.7,21850.08,312272835.0,311140460.0,0.30139865596089055,-0.028735542770373823,0.01509657278526455,0.9779723471503399,0.9952152782693976,False,NORMAL
2024-09-18,21813.54,21859.16,21584.63,21678.84,313122707.0,312272835.0,0.29105190032403083,-0.0473950705330084,0.016255943014966245,0.9788433650730229,0.9952152782693976,False,NORMAL
2024-09-19,21675.4,22042.69,21656.66,22042.69,313550801.0,313122707.0,0.3169123726861256,-0.050274585364466606,0.013242786014166175,0.9794130833842409,0.9952152782693976,False,NORMAL
2024-09-20,22246.24,22354.54,22136.53,22159.42,312311731.0,313550801.0,0.3333674305649992,-0.05326303826780199,0.001934517553206172,0.979887708277636,0.9952152782693976,False,NORMAL
2024-09-23,22170.94,22307.46,22170.94,22285.53,312767216.0,312311751.0,0.34444396181954406,-0.041622318294235794,-0.0077422144561662964,0.9806756705295331,0.9952152782693976,False,NORMAL
2024-09-24,22273.79,22431.78,22154.55,22431.78,313757764.0,312767216.0,0.36504888045055806,-0.01674081801724414,-0.004640917004311906,0.981200738101984,0.9952152782693976,False,NORMAL
2024-09-25,22569.29,22785.32,22569.29,22761.6,314113921.0,313757764.0,0.37343862289269536,-0.004999569417165839,-0.009658385371045797,0.9817279378598442,0.9952152782693976,False,NORMAL
2024-09-26,22841.42,22961.77,22769.24,22858.81,313195882.0,314113921.0,0.3785722771930906,-0.005563219410885001,-0.013758607305053738,0.9823091687522434,0.9952152782693976,False,NORMAL
2024-09-27,22978.97,23079.21,22806.83,22822.79,313272604.0,313195882.0,0.35788835500215366,-0.003631802699556985,-0.014813193740229047,0.9829177052510436,0.9952152782693976,False,NORMAL
2024-09-30,22643.91,22691.23,22224.54,22224.54,316576056.0,313272604.0,0.31343567607435086,-0.035068653735522926,-0.00445806327504128,0.9831875835702693,0.9952152782693976,False,NORMAL
2024-10-01,22329.65,22446.86,22311.33,22390.39,317042572.0,316576056.0,0.340883230807558,-0.028977512482343926,-0.009809137637268428,0.9841105246284266,0.9952152782693976,False,NORMAL
2024-10-04,22459.1,22493.05,22193.5,22302.71,317287821.0,317042572.0,0.3406035709820441,-0.025204365329989376,-0.014503588391354572,0.9846597768992377,0.9952152782693976,False,NORMAL
2024-10-07,22479.24,22719.07,22479.24,22702.56,318935873.0,317287794.0,0.37302106170338245,-0.020277113794280432,-0.01981369875993977,0.9850817685354598,0.9952152782693976,False,NORMAL
2024-10-08,22691.32,22691.32,22418.38,22611.39,320397965.0,318935873.0,0.38578459943113397,-0.038734778954474636,-0.01896019359161505,0.9854498337203323,0.9952152782693976,False,NORMAL
2024-10-09,22637.17,22885.95,22637.17,22659.08,319321854.0,320397965.0,0.38634450285356303,-0.038100166450237394,-0.028163373991681562,0.9857725539389408,0.9952152782693976,False,NORMAL
2024-10-11,22726.19,23011.11,22726.19,22901.64,319102025.0,319321854.0,0.39200825663147176,-0.04089554676555773,-0.0350395975837654,0.9861342484101656,0.9952152782693976,False,NORMAL
2024-10-14,22947.32,23015.55,22799.14,22975.29,319539948.0,319102025.0,0.4115993602878336,-0.038694012739706296,-0.027901811447193947,0.9864050965115915,0.9952152782693976,False,NORMAL
2024-10-15,23083.7,23353.91,23082.06,23292.04,320019575.0,319539948.0,0.4280518639686677,-0.029784546892000274,-0.03604303786491048,0.9867127020940308,0.9952152782693976,False,NORMAL
2024-10-16,22990.64,23258.52,22866.73,23010.98,322938236.0,320019575.0,0.4070775247741496,-0.056541545869357224,-0.034685868553711585,0.9870663488261466,0.9952152782693976,False,NORMAL
2024-10-17,23114.21,23191.79,22950.7,23053.84,324936607.0,322938236.0,0.39236627205747787,-0.036086989425482274,-0.02621730064671035,0.987273235123225,0.9952152782693976,False,NORMAL
2024-10-18,23620.57,23713.7,23378.36,23487.27,322282075.0,324936607.0,0.42742097221766406,-0.016419619286278997,-0.03822926327030429,0.9879255371727336,0.9952152782693976,False,NORMAL
2024-10-21,23602.98,23678.51,23480.06,23542.53,323009176.0,322282077.0,0.4466896244050098,-0.018948837887674652,-0.03831986689415068,0.9884749615934966,0.9952152782693976,False,NORMAL
2024-10-22,23428.11,23535.43,23269.86,23535.43,325455228.0,323009172.0,0.43041914435330564,-0.009860823514860395,-0.04417185788234779,0.988815564079357,0.9952152782693976,False,NORMAL
2024-10-23,23402.24,23486.45,23318.84,23334.76,327082648.0,325455253.0,0.4124670032571516,-0.0027228276036853627,-0.03810864305527961,0.9889896567378171,0.9952152782693976,False,NORMAL
2024-10-24,23446.64,23446.64,23150.77,23192.52,326043754.0,327082648.0,0.39110354287990146,0.014135131613353558,-0.03212761137113951,0.9892340253413501,0.9952152782693976,False,NORMAL
2024-10-25,23255.07,23388.53,23222.77,23348.45,326961558.0,326043754.0,0.3876485729449404,0.04903897606998964,-0.013992815559350835,0.9891468191843659,0.9952152782693976,False,NORMAL
2024-10-28,23455.69,23547.12,23164.42,23198.07,325668918.0,326961559.0,0.38227160679204686,0.014263391139497372,-0.00981685311970204,0.9893104139670142,0.9952152782693976,False,NORMAL
2024-10-29,23048.45,23056.57,22711.1,22926.59,324572308.0,325668915.0,0.3767871469544035,0.036501303617986425,-0.021929291068190193,0.9893674217723981,0.9952152782693976,False,NORMAL
2024-10-30,22985.13,23116.33,22801.45,22820.43,325848781.0,324572308.0,0.371209940784315,0.029594184210870678,0.0011478970919591713,0.9891120145025195,0.9952152782693976,False,NORMAL
2024-11-01,22438.93,22828.98,22231.94,22780.08,325833120.0,325848598.0,0.38557293969737705,0.0250414312371956,-0.0003485140180136126,0.9891804862205765,0.9952152782693976,False,NORMAL
2024-11-04,22839.18,23020.99,22792.77,22965.39,326831753.0,325834706.0,0.3958406902684235,0.034507316655667974,-0.006147886390033275,0.9892872549092183,0.9952152782693976,False,NORMAL
2024-11-05,22870.11,23178.8,22849.83,23106.79,326564786.0,326831775.0,0.4054609530482849,0.020523273017962307,-0.007998680186131812,0.9894753160766192,0.9952152782693976,False,NORMAL
2024-11-06,23112.95,23439.39,23035.3,23217.38,327205349.0,326564786.0,0.42864227978458413,0.07298657136558728,0.0041425635473140154,0.9894037614857379,0.9952152782693976,False,NORMAL
2024-11-07,23180.01,23518.63,23132.94,23408.82,329914462.0,327205349.0,0.4352645287239052,0.18042265396190182,0.0726528850912882,0.9866291579651003,0.9952152782693976,False,NORMAL
2024-11-08,23608.11,23699.7,23509.13,23553.89,328677500.0,329914462.0,0.4398220172640075,0.14891307847121737,0.12845978443171036,0.9847543328952135,0.9952152782693976,False,NORMAL
2024-11-11,23477.75,23563.8,23306.66,23529.64,328850933.0,328677497.0,0.4638559538725897,0.10492278101062769,0.127537350858836,0.9846947793375406,0.9952152782693976,False,NORMAL
2024-11-12,23276.76,23276.76,22981.77,22981.77,326533679.0,328850933.0,0.4243771618898753,0.10118159472163546,0.11159804977522914,0.9844580201914993,0.9952152782693976,False,NORMAL
2024-11-13,22894.91,23046.47,22860.23,22860.23,327772341.0,326533679.0,0.4155221651450678,0.06480180725697515,0.11124729917505749,0.9843612546293292,0.9952152782693976,False,NORMAL
2024-11-14,22821.04,22893.82,22619.71,22715.38,326045610.0,327772480.0,0.4195985693635569,0.04326958847687501,0.1126683331082885,0.9842924163407964,0.9952152782693976,False,NORMAL
2024-11-15,22767.11,22940.8,22690.77,22742.77,326051673.0,326045496.0,0.41800573118783735,0.043410499908930644,0.10934027635812571,0.9841768654615423,0.9952152782693976,False,NORMAL
2024-11-18,22693.96,22781.77,22503.69,22546.54,321930102.0,326051671.0,0.3750447491759139,0.023574890192829434,0.09936976965214028,0.9839756693164778,0.9952152782693976,False,NORMAL
2024-11-19,22614.74,22906.69,22578.75,22848.8,322822398.0,321930169.0,0.3841340227106824,0.043554354681877294,0.09999298070532192,0.9838144896883348,0.9952152782693976,False,NORMAL
2024-11-20,22872.91,22977.56,22622.47,22688.36,322708274.0,322822469.0,0.3627166449641308,0.015169582264882076,0.1000379583471267,0.9837275865107156,0.9952152782693976,False,NORMAL
2024-11-21,22671.66,22708.57,22490.28,22555.66,324387630.0,322707221.0,0.351856613295215,0.006516394960559335,0.09806089167359411,0.9835279400206838,0.9952152782693976,False,NORMAL
2024-11-22,22799.53,23019.04,22799.53,22904.32,325025883.0,324387606.0,0.3681711121849991,0.02118765353937535,0.09945025065993818,0.983370983748849,0.9952152782693976,False,NORMAL
2024-11-25,22996.05,23172.43,22948.37,22948.37,326737650.0,325025883.0,0.3704078372592283,0.03194907430516114,0.09988679607912743,0.9832649957040267,0.9952152782693976,False,NORMAL
2024-11-26,22789.6,22832.11,22645.13,22678.76,327107468.0,326737650.0,0.35942028464268616,0.02392586877049463,0.09912208023717817,0.9831640419935733,0.9952152782693976,False,NORMAL
2024-11-27,22665.58,22743.99,22334.78,22334.78,324783934.0,327107468.0,0.3263492700701751,0.007975882354268604,0.0801556152878049,0.9828218493798914,0.9952152782693976,False,NORMAL
2024-11-28,22380.45,22413.25,22124.31,22298.9,320172537.0,324783934.0,0.3182361248803629,0.0026429713508742125,0.058545094014140764,0.982514021419116,0.9952152782693976,False,NORMAL
2024-11-29,22202.28,22429.86,22055.38,22262.5,322530203.0,320172537.0,0.29971311441912385,0.003493351363534014,0.0573275156939097,0.9823478303251677,0.9952152782693976,False,NORMAL
2024-12-02,22456.5,22802.53,22456.5,22736.93,323601502.0,322530203.0,0.32413322788532883,0.016372784709972832,0.05156356345005331,0.9821721679096734,0.9952152782693976,False,NORMAL
2024-12-03,22972.3,23144.78,22972.3,23027.46,324153588.0,323601471.0,0.33810953021538204,0.03718654076124284,0.0422254737110721,0.981970005071261,0.9952152782693976,False,NORMAL
2024-12-04,23126.08,23255.33,23034.7,23255.33,325445363.0,324153588.0,0.35123154684328783,0.04433429180500004,0.0422203941037802,0.9817926300820408,0.9952152782693976,False,NORMAL
2024-12-05,23308.29,23387.17,23225.31,23267.94,328095552.0,325445363.0,0.33595572065890766,0.046450881714046766,0.047380359744372935,0.9815881422415268,0.9952152782693976,False,NORMAL
2024-12-06,23278.68,23361.12,23137.62,23193.27,328557734.0,328095552.0,0.3398568247963927,0.04983928724197351,0.04737480147526574,0.9813958382460811,0.9952152782693976,False,NORMAL
2024-12-09,23287.79,23325.99,23172.22,23273.25,330172749.0,328557734.0,0.3456985003946331,0.10337675267568236,0.0659841366467091,0.9809135048052184,0.9952152782693976,False,NORMAL
2024-12-10,23228.26,23329.01,23071.43,23125.08,328048331.0,330172749.0,0.3376825460363666,0.09143838574343355,0.05774331551591838,0.9806205016245474,0.9952152782693976,False,NORMAL
2024-12-11,23108.36,23108.36,22880.57,22903.63,327759848.0,328048339.0,0.336468966740618,0.06850604076754174,0.05858781458471851,0.9803801517470263,0.9952152782693976,False,NORMAL
2024-12-12,23050.64,23189.29,23030.48,23046.8,327707322.0,327759838.0,0.3290160743891011,0.08996975091324244,0.053727503159206824,0.9802764847015862,0.9952152782693976,False,NORMAL
2024-12-13,23002.37,23097.52,22920.84,23020.48,324164354.0,327707322.0,0.32525836818156684,0.09287849267568293,0.04899637157494641,0.9800354429162536,0.9952152782693976,False,NORMAL
2024-12-16,23207.21,23264.4,22959.91,23039.9,320204766.0,324164354.0,0.3215612156809886,0.09552089772240979,0.03568151430297095,0.980041309472225,0.9952152782693976,False,NORMAL
2024-12-17,23131.57,23223.51,23018.01,23018.01,320885324.0,320204764.0,0.3199649049365336,0.06302795192407595,0.03609453164753096,0.9800251696292043,0.9952152782693976,False,NORMAL
2024-12-18,23014.43,23211.17,22934.59,23168.67,322704819.0,320886567.0,0.3298910310719869,0.06475379888922839,0.037167647691978,0.9797615331774573,0.9952152782693976,False,NORMAL
2024-12-19,22947.56,22947.56,22743.3,22932.25,323617443.0,322704798.0,0.32342086598518827,0.04952704978654543,0.03632915427946215,0.9795242338907616,0.9952152782693976,False,NORMAL
2024-12-20,22798.39,22845.59,22510.25,22510.25,324670318.0,323617353.0,0.29661961024657946,0.038351221744336916,0.03687886806624974,0.9793260374806247,0.9952152782693976,False,NORMAL
2024-12-23,22811.56,23132.25,22811.56,23104.54,323358374.0,324670318.0,0.3371657887091304,0.04817243267495952,0.03127905579804269,0.9790753724534945,0.9952152782693976,False,NORMAL
2024-12-24,23260.74,23326.25,23120.24,23120.24,323230685.0,323358374.0,0.329973153459016,0.04335943810803733,0.03496171586330843,0.97886347170107,0.9952152782693976,False,NORMAL
2024-12-25,23226.35,23296.36,23159.36,23220.13,324809147.0,323230685.0,0.3330851275150215,0.041937526278262194,0.038501257113852994,0.9787656561988318,0.9952152782693976,False,NORMAL
2024-12-26,23276.08,23320.62,23241.94,23246.94,326328530.0,324809147.0,0.3321547703435348,0.03633951474203112,0.040065195008210264,0.9785477958672681,0.9952152782693976,False,NORMAL
2024-12-27,23251.28,23335.66,23204.35,23275.68,325477253.0,326328530.0,0.33240444606509967,0.022585407001265434,0.036175830615288174,0.9783143245817192,0.9952152782693976,False,NORMAL
2024-12-30,23274.26,23331.67,23159.7,23190.2,326441023.0,325477253.0,0.31366087901791806,0.01449725510645572,0.04229027826106613,0.9782060473941138,0.9952152782693976,False,NORMAL
2024-12-31,23094.07,23123.96,22972.99,23035.1,327558296.0,326441018.0,0.3033421655811659,0.00930254364168448,0.04560147238409651,0.9779949836106855,0.9952152782693976,False,NORMAL
2025-01-02,22975.71,23038.08,22713.63,22832.06,329543807.0,327575112.0,0.2934523678013239,0.02733554890224954,0.04096251360210257,0.9777115651309903,0.9952152782693976,False,NORMAL
2025-01-03,23018.56,23092.07,22905.4,22908.3,327869937.0,329543807.0,0.3033445130016983,0.023130905714460637,0.03415113917256507,0.977853912860731,0.9952152782693976,False,NORMAL
2025-01-06,23131.79,23553.29,23131.79,23547.71,329747315.0,327869937.0,0.335267533115587,0.05582281256403365,0.03926874331555252,0.977337391294256,0.9952152782693976,False,NORMAL
2025-01-07,23824.72,23943.95,23651.27,23651.27,329173490.0,329747315.0,0.34813158425740465,0.041788679338365275,0.032099296023686774,0.9767732774672723,0.9952152782693976,False,NORMAL
2025-01-08,23522.29,23671.28,23388.63,23407.33,330129522.0,329173460.0,0.33021663807217627,0.035200843468712106,0.030373342102843814,0.9762380982496385,0.9952152782693976,False,NORMAL
2025-01-09,23406.72,23463.96,23081.13,23081.13,325643838.0,330129514.0,0.31106729740230543,0.018626087202128216,0.01979815637673199,0.9755956735172298,0.9952152782693976,False,NORMAL
2025-01-10,23067.46,23202.25,22989.67,23011.86,323066309.0,325643687.0,0.2963164716903648,0.0048127557677093424,0.012423249272705217,0.9750431330556933,0.9952152782693976,False,NORMAL
2025-01-13,23070.32,23070.32,22458.22,22488.33,315535016.0,323066229.0,0.25692815023894044,-0.02119494465575844,-0.012533431344239898,0.9741189360578809,0.9952152782693976,False,NORMAL
2025-01-14,22573.96,22797.52,22542.93,22797.52,314958672.0,315534811.0,0.27286705969781755,-0.02123128759868176,-0.01581435448128443,0.9735791464696539,0.9952152782693976,False,NORMAL
2025-01-15,22757.46,22777.34,22509.65,22514.57,314732916.0,314958667.0,0.2556359695964654,-0.02157274483746452,-0.025408326067650866,0.9729042009352016,0.9952152782693976,False,NORMAL
2025-01-16,22817.52,23147.69,22817.52,23025.1,312466298.0,314732891.0,0.2896499112791928,-0.0012466469794186752,-0.03837766730911918,0.97224843239294,0.9952152782693976,False,NORMAL
2025-01-17,23190.12,23209.88,22905.53,23148.08,309772573.0,312466294.0,0.31827959071284684,-0.014441439980040216,-0.038815382456501846,0.9724982346504795,0.9952152782693976,False,NORMAL
2025-01-20,23203.47,23346.64,23176.43,23266.82,309018640.0,309772569.0,0.3257711692255969,-0.01171114574346932,-0.04331312247302843,0.9711626970971399,0.9952152782693976,False,NORMAL
2025-01-21,23266.49,23377.64,23174.02,23300.01,307774487.0,309018640.0,0.32997453071326555,-0.010002791535994926,-0.054326185228771307,0.9697224099688317,0.9952152782693976,False,NORMAL
2025-01-22,23472.67,23642.08,23472.67,23525.41,305287551.0,307774487.0,0.33875065015768824,0.008170214735441883,-0.06663483108403845,0.96836391470134,0.9952152782693976,False,NORMAL
2025-02-03,22796.71,22796.71,22502.2,22694.71,305187136.0,304990014.0,0.29421590158016664,-0.02146424795580648,-0.06396877027737813,0.9669407218081583,0.9952152782693976,False,NORMAL
2025-02-04,22836.27,22934.31,22720.62,22793.96,305710074.0,305187136.0,0.3050751676292236,-0.023748471525947168,-0.06499688871680753,0.9653416726388184,0.9952152782693976,False,NORMAL
2025-02-05,22916.38,23249.33,22916.38,23161.58,305601281.0,305710045.0,0.3201001748614447,-0.0015729756828907204,-0.061619749048326455,0.963616527730406,0.9952152782693976,False,NORMAL
2025-02-06,23226.5,23348.42,23216.65,23316.6,305934753.0,305601146.0,0.3314010356978281,0.01701125200040643,-0.05742188886921307,0.9627348545529911,0.9952152782693976,False,NORMAL
2025-02-07,23289.97,23478.27,23254.17,23478.27,306034473.0,305934753.0,0.3380356098711903,0.028826801247829215,-0.06080829254352804,0.9613874333914433,0.9952152782693976,False,NORMAL
2025-02-10,23421.77,23448.16,23163.85,23252.14,308721920.0,306034473.0,0.34042279673508835,0.020722490877995048,-0.05251522619922744,0.959863108707177,0.9952152782693976,False,NORMAL
2025-02-11,23321.92,23485.51,23289.76,23384.05,309154193.0,308721920.0,0.3625647441205142,0.01823004094422087,-0.054087645517111094,0.9577999172365113,0.9952152782693976,False,NORMAL
2025-02-12,23449.31,23528.61,23289.75,23289.75,311523857.0,309154271.0,0.35187101769872964,0.007918018902668855,-0.046058024762045235,0.9566118756154884,0.9952152782693976,False,NORMAL
2025-02-13,23263.28,23413.1,23206.45,23399.41,313023678.0,311523857.0,0.3233822657780552,0.007840247263041666,-0.04334180673800658,0.963914527559812,0.9952152782693976,False,NORMAL
2025-02-14,23198.39,23276.24,23142.95,23152.61,313574044.0,313023678.0,0.2996059522539869,-0.010945019868579431,-0.04952925646527129,0.9713763892227409,0.9952152782693976,False,NORMAL
2025-02-17,23258.17,23510.68,23242.84,23505.33,314922889.0,313574044.0,0.31501365905455736,-0.0020616552085450657,-0.04184834982619745,0.9716597056966699,0.9952152782693976,False,NORMAL
2025-02-18,23550.5,23666.11,23454.09,23666.11,316399005.0,314922833.0,0.3239167076437848,0.0057999187407882236,-0.03786496175153009,0.971970146009364,0.9952152782693976,False,NORMAL
2025-02-19,23589.44,23683.46,23550.99,23604.08,319292844.0,316399036.0,0.31114693305752184,0.027078419112191998,-0.022174848922704826,0.971776370388643,0.9952152782693976,False,NORMAL
2025-02-20,23530.97,23576.71,23400.75,23487.46,321311666.0,319292844.0,0.30521927443299623,0.027437606708244022,-0.01971086083801077,0.9722175730946908,0.9952152782693976,False,NORMAL
2025-02-21,23526.13,23732.58,23488.42,23730.25,321783865.0,321311666.0,0.3096431880783437,0.04467765892536235,-0.013071008684950591,0.9724730026957502,0.9952152782693976,False,NORMAL
2025-02-24,23573.8,23605.22,23461.43,23565.31,323434570.0,321783865.0,0.30667000099253494,0.036167098378957485,-0.008026651039450439,0.9726038064333162,0.9952152782693976,False,NORMAL
2025-02-25,23376.42,23376.42,23209.53,23285.72,324483022.0,323434570.0,0.30163737956662984,0.03278463125605979,0.007930044392058688,0.9722367717124365,0.9952152782693976,False,NORMAL
2025-02-26,23221.84,23431.24,23156.02,23402.55,325413294.0,324483022.0,0.3024491724505247,0.02423540842407479,0.008025762822070348,0.9722453913107291,0.9952152782693976,False,NORMAL
2025-02-27,23446.46,23487.73,23053.18,23053.18,324284623.0,325413294.0,0.27648224550150524,0.016079610866541305,0.004884749251889309,0.9722658091453198,0.9952152782693976,False,NORMAL
2025-03-03,22734.05,22775.02,22611.1,22756.25,324050396.0,324283915.0,0.25752442381135787,0.008893111529434394,-0.0010396019108374066,0.9722458416457325,0.9952152782693976,False,NORMAL
2025-03-04,22508.8,22700.94,22359.5,22596.88,326111501.0,324050396.0,0.2119818263440778,-0.013422795350396699,0.0033400970715922185,0.9722490867526713,0.9952152782693976,False,NORMAL
2025-03-05,22778.86,22948.3,22757.22,22871.9,328033352.0,326111501.0,0.22919292211369235,-0.003332262814308762,0.003965572991052602,0.9722633438988199,0.9952152782693976,False,NORMAL
2025-03-06,22930.11,22979.97,22715.43,22715.43,328609499.0,328033352.0,0.21891359641120856,0.0016169314371685672,0.004591857866112603,0.9724663503985976,0.9952152782693976,False,NORMAL
2025-03-07,22696.23,22747.11,22542.08,22576.07,327851463.0,328609499.0,0.20385417710935116,0.010803330052948867,0.0094448298664922,0.9724048884619262,0.9952152782693976,False,NORMAL
2025-03-10,22548.98,22641.25,22407.57,22459.15,327246302.0,327851463.0,0.20254750536910127,0.007186453143428695,0.022093603237431925,0.9722066270362423,0.9952152782693976,False,NORMAL
2025-03-11,22126.06,22140.39,21769.57,22071.09,325806691.0,327246302.0,0.17070745004185062,-0.008597866367209384,0.01015870132323693,0.9720902563765171,0.9952152782693976,False,NORMAL
2025-03-12,22171.1,22391.47,22153.61,22278.36,327694493.0,325806691.0,0.17942378683257476,-0.020168509996732142,0.012648244753820759,0.972237418084146,0.9952152782693976,False,NORMAL
2025-03-13,22403.34,22552.43,21961.68,21961.68,326414588.0,327694493.0,0.15904697317138172,-0.04628300298860577,0.006975088611389957,0.9721198795594639,0.9952152782693976,False,NORMAL
2025-03-14,21986.81,22074.03,21895.9,21968.05,325694534.0,326414581.0,0.16514120569140056,-0.055354191920733986,0.0007656308195731487,0.9719712099764153,0.9952152782693976,False,NORMAL
2025-03-17,22137.53,22306.83,22110.08,22118.63,325360733.0,325694533.0,0.16617800500559676,-0.04939457468086983,-0.008335434550481247,0.971795702364498,0.9952152782693976,False,NORMAL
2025-03-18,22204.62,22327.1,22186.42,22271.67,324691148.0,325360733.0,0.17615929082965542,-0.03973566469928569,-0.0117683609298328,0.9719857852797629,0.9952152782693976,False,NORMAL
2025-03-19,22245.42,22247.66,21942.69,21960.83,324290100.0,324691148.0,0.13755386471390518,-0.05639178026274794,-0.017816882276980417,0.972010751830314,0.9952152782693976,False,NORMAL
2025-03-20,22171.0,22377.26,22171.0,22377.26,324238426.0,324290087.0,0.15424523338415796,-0.032338050289988374,-0.011613852716110928,0.9720545329234117,0.9952152782693976,False,NORMAL
2025-03-21,22362.38,22366.95,22200.23,22209.1,324119474.0,324238426.0,0.13896032965032346,-0.030324014140989952,-0.011106833317789389,0.9721045651603518,0.9952152782693976,False,NORMAL
2025-03-24,22348.38,22380.73,22106.64,22106.64,323759132.0,324119474.0,0.12253370651869244,-0.04079351580262769,-0.012047915121042085,0.9721600576398585,0.9952152782693976,False,NORMAL
2025-03-25,22269.37,22414.02,22228.68,22273.19,322275801.0,323759132.0,0.12574322780728342,-0.03246196430309012,-0.005825912000182454,0.972121691970224,0.9952152782693976,False,NORMAL
2025-03-26,22327.61,22398.12,22235.89,22260.29,321865442.0,322275801.0,0.12847002546882091,-0.03383738644698986,0.005186293822996957,0.9719065253488381,0.9952152782693976,False,NORMAL
2025-03-27,22093.2,22093.2,21919.4,21951.76,321121581.0,321865442.0,0.10229756635223985,-0.04632242318080493,0.0007362661434775486,0.9718869291655713,0.9952152782693976,False,NORMAL
2025-03-28,21836.16,21836.16,21525.05,21602.89,316022604.0,321121612.0,0.08401932708466409,-0.06758178177685636,-0.020706895610381304,0.9711196889959595,0.9952152782693976,False,NORMAL
2025-03-31,21254.63,21254.63,20695.9,20695.9,300314124.0,316022422.0,0.03801700478284609,-0.09751986830773252,-0.07200884718689282,0.9669506378269639,0.9952152782693976,False,NORMAL
2025-04-01,20884.53,21315.52,20884.53,21280.17,298958157.0,300312922.0,0.08117210720182899,-0.05464532823935775,-0.07919467710627004,0.9677551833618305,0.9952152782693976,False,NORMAL
2025-04-02,21313.77,21390.52,21235.99,21298.22,298816651.0,298957983.0,0.07134711781024516,-0.0781803056888386,-0.07589635826162333,0.9687297126415726,0.9952152782693976,False,NORMAL
2025-04-07,20153.57,20153.57,19212.02,19232.35,285252992.0,298816467.0,-0.03146717563402701,-0.16815958657868613,-0.11749408321180888,0.9675286437783736,0.9952152782693976,False,NORMAL
2025-04-08,19064.47,19064.47,18180.48,18459.95,256789020.0,285225570.0,-0.06694651607702007,-0.20500229757542265,-0.20941567572295006,0.9603474833979183,0.9952152782693976,False,NORMAL
2025-04-09,18337.44,18371.52,17306.97,17391.76,223785029.0,256744362.0,-0.13898299378833412,-0.2518688481150638,-0.3142339439337406,0.9601510683074921,0.9952152782693976,False,NORMAL
2025-04-10,18256.47,19024.47,18256.47,19000.03,222431725.0,223774825.0,-0.060726413270827284,-0.18369602950375674,-0.3165982478044326,0.9669112166368286,0.9952152782693976,False,NORMAL
2025-04-11,18772.5,19528.77,18418.2,19528.77,213955822.0,222431586.0,-0.032858151023288595,-0.15788695224706994,-0.34458046959373734,0.9727519800710317,0.9952152782693976,False,NORMAL
2025-04-14,19686.68,20023.63,19508.93,19513.09,212803927.0,213955980.0,-0.03047724665353979,-0.15289753463193123,-0.3503326595642078,0.9767965438004812,0.9952152782693976,False,NORMAL
2025-04-15,19609.9,19895.43,19576.15,19857.67,213994817.0,212803656.0,-0.016952869586913333,-0.130272520306972,-0.35063317090343626,0.97957857971918,0.9952152782693976,False,NORMAL
2025-04-16,19737.09,19737.09,19453.14,19468.0,214549780.0,213994817.0,-0.03368070463677397,-0.15017701007931616,-0.3456253355732337,0.9815829322693299,0.9952152782693976,False,NORMAL
2025-04-17,19389.52,19478.0,19196.47,19338.73,216020028.0,214556685.0,-0.047092678047446546,-0.1787426463125289,-0.34489223058571383,0.9832792437261627,0.9952152782693976,False,NORMAL
2025-04-18,19423.98,19499.28,19376.35,19395.03,215979291.0,216020028.0,-0.04091022152244583,-0.17995820097609982,-0.3438739826831134,0.9846655568140951,0.9952152782693976,False,NORMAL
2025-04-21,19321.14,19359.96,19080.6,19106.2,212486669.0,215979291.0,-0.06646790351289933,-0.18375141462097555,-0.3563536283798333,0.9859844382280774,0.9952152782693976,False,NORMAL
2025-04-22,18990.86,19059.65,18793.43,18793.43,210932049.0,212486633.0,-0.0759268546927857,-0.18576646810619757,-0.35226150663412825,0.9869566005767431,0.9952152782693976,False,NORMAL
2025-04-23,19163.61,19639.14,19163.61,19639.14,210393071.0,210931695.0,-0.03813162109346313,-0.1465644237362821,-0.34876195648120023,0.9878106363589503,0.9952152782693976,False,NORMAL
2025-04-24,19752.59,19752.59,19433.37,19478.81,210093888.0,210393071.0,-0.06334763081716854,-0.13382585545480696,-0.3341661706414226,0.9883510374780823,0.9952152782693976,False,NORMAL
2025-04-25,19861.24,20012.27,19861.24,19872.73,208844606.0,210093888.0,-0.0429021462150222,-0.12829421796756846,-0.33691425394376817,0.988983203037215,0.9952152782693976,False,NORMAL
2025-04-28,19972.07,20073.75,19972.07,20034.41,208154193.0,208844451.0,-0.03463607093260712,-0.11015799990850372,-0.3386322738483445,0.9895742227855538,0.9952152782693976,False,NORMAL
2025-04-29,20018.32,20232.63,20007.3,20232.63,209008974.0,208154193.0,-0.02430199401347466,-0.12127938640874514,-0.3310991446507937,0.9900234591737186,0.9952152782693976,False,NORMAL
2025-04-30,20215.39,20331.89,20185.31,20235.03,209669672.0,209008974.0,-0.010500851598819971,-0.12584413048512022,-0.3231496579266234,0.9903871986170267,0.9952152782693976,False,NORMAL
2025-05-02,20534.08,20787.64,20534.08,20787.64,209351182.0,209669664.0,0.04450214953703058,-0.10655431210625266,-0.3225289516515897,0.9907540914555611,0.9952152782693976,False,NORMAL
2025-05-05,20839.04,20885.54,20320.8,20532.99,208867379.0,209350024.0,0.015814316592070776,-0.11875617220765133,-0.3213622706810003,0.9910985025923832,0.9952152782693976,False,NORMAL
2025-05-06,20353.88,20623.85,20349.56,20522.59,209482846.0,208867379.0,0.01090526668374281,-0.12764155863808535,-0.3138179224347081,0.9913726677168389,0.9952152782693976,False,NORMAL
2025-05-07,20575.15,20685.28,20418.03,20546.49,209439756.0,209482846.0,0.05220278259159583,-0.09465730119485982,-0.31373334163075606,0.9917243578085133,0.9952152782693976,False,NORMAL
2025-05-08,20559.65,20747.28,20543.4,20543.4,209567416.0,209439756.0,0.0583260609070424,-0.09873492802479245,-0.3144896625159954,0.9919743631034023,0.9952152782693976,False,NORMAL
2025-05-09,20690.8,20915.04,20643.56,20915.04,209817781.0,209567416.0,0.06713307835798066,-0.09699424650649913,-0.31342636943985847,0.992214911274033,0.9952152782693976,False,NORMAL
2025-05-12,20996.95,21176.13,20996.95,21129.54,210111994.0,209817781.0,0.04956352506042694,-0.09379840971668241,-0.31321305624928464,0.9925407650856134,0.9952152782693976,False,NORMAL
2025-05-13,21474.02,21626.28,21330.14,21330.14,210508471.0,210111994.0,0.07416472029095433,-0.09149439034477413,-0.3121413122632103,0.9927205537328736,0.9952152782693976,False,NORMAL
2025-05-14,21552.42,21782.87,21552.42,21782.87,212011750.0,210508471.0,0.08262017215269402,-0.06318859253384856,-0.31325980999340763,0.9928963333879969,0.9952152782693976,False,NORMAL
2025-05-15,21776.65,21821.01,21674.32,21730.25,213312394.0,212011750.0,0.06024389720290091,-0.07072342045111946,-0.3100129358426654,0.9930467383662326,0.9952152782693976,False,NORMAL
2025-05-16,21731.88,21854.5,21697.85,21843.69,216410527.0,213312461.0,0.07094760891521146,-0.06208997520368409,-0.3053163597675924,0.9932116974931035,0.9952152782693976,False,NORMAL
2025-05-19,21786.33,21786.33,21496.69,21523.83,216535926.0,216410512.0,0.0643537575089852,-0.08015501245544221,-0.3082442600396511,0.994202262515746,0.9952152782693976,False,NORMAL
2025-05-20,21631.61,21746.56,21517.1,21526.03,217435458.0,216535926.0,0.05881412589669033,-0.07025471426331642,-0.30658974439861486,0.994848438942407,0.9952152782693976,False,NORMAL
2025-05-21,21603.58,21879.24,21603.58,21803.91,217856446.0,217435458.0,0.06239734233902805,-0.07238443365823843,-0.3082228900802444,0.9948827015106955,0.9952152782693976,False,NORMAL
2025-05-22,21733.82,21733.82,21585.31,21670.96,220045068.0,217856446.0,0.049261796893799836,-0.08430409560337548,-0.304532996239985,0.9949358032079482,0.9952152782693976,False,NORMAL
2025-05-23,21766.24,21798.88,21559.78,21652.24,219546355.0,220045068.0,0.04597616193997167,-0.08269078905002869,-0.31239813504871405,0.9949699283731102,0.9952152782693976,False,NORMAL
2025-05-26,21577.64,21688.45,21536.57,21536.57,220657750.0,219546355.0,0.04745931207829268,-0.08306091846457642,-0.31325945071661354,0.9950043424871615,0.9952152782693976,False,NORMAL
2025-05-27,21491.65,21558.47,21310.0,21336.54,220599614.0,220657750.0,0.030310727206352528,-0.10087167223269877,-0.3144478701565724,0.9950324097943348,0.9952152782693976,False,NORMAL
2025-05-28,21539.15,21634.37,21305.73,21357.72,220246367.0,220599614.0,0.02397243033870944,-0.0936796502995293,-0.31903888010486947,0.9950717719786589,0.9952152782693976,False,NORMAL
2025-05-29,21531.29,21605.26,21347.3,21347.3,221181413.0,220246356.0,0.017223510127061914,-0.08324501024662334,-0.3183575164065132,0.9951000566300742,0.9952152782693976,False,NORMAL
2025-06-02,21253.97,21256.1,20940.98,21002.71,221528741.0,221181413.0,-0.006833052681654017,-0.102546090062835,-0.3192388108151476,0.9951249952681617,0.9952152782693976,False,NORMAL
2025-06-03,21126.7,21303.21,21110.63,21126.93,221857705.0,221528741.0,-0.00832368737520095,-0.08355680214183037,-0.3158549950732632,0.9951367234808668,0.9952152782693976,False,NORMAL
2025-06-04,21341.44,21618.09,21341.44,21618.09,222950998.0,221857705.0,0.016916551379285494,-0.05001527053007415,-0.31198665160711603,0.9951439761100983,0.9952152782693976,False,NORMAL
2025-06-05,21695.93,21738.93,21626.74,21674.43,222431847.0,222950998.0,0.01893601947758583,-0.04082200728596164,-0.3179270086521726,0.995154001554591,0.9952152782693976,False,NORMAL
2025-06-06,21637.77,21702.46,21606.7,21660.66,222353111.0,222431847.0,0.019961152247872205,-0.0529575592757926,-0.32216309822057365,0.9951629093390209,0.9952152782693976,False,NORMAL
2025-06-09,21773.45,21866.27,21717.52,21790.29,222414142.0,222353111.0,0.011064489651226861,-0.04072738222432948,-0.32316581633569885,0.9952147693872243,0.9952152782693976,False,NORMAL
2025-06-10,21921.24,22294.86,21921.24,22242.14,220627683.0,222414142.0,0.029374617897639732,-0.014791325505280617,-0.32704987502221394,0.9952934549183508,0.9952152782693976,True,DELEVERAGING_RISK
2025-06-11,22376.37,22470.1,22294.6,22470.1,222185864.0,220627683.0,0.04195435824336635,0.0004875518441258553,-0.32104392733519715,0.9953013203679545,0.9952152782693976,True,NORMAL
2025-06-12,22362.67,22390.17,22253.64,22287.82,223680596.0,222185864.0,0.022200289216039115,0.009819632831908232,-0.3134561008754728,0.995300013693851,0.9952152782693976,True,NORMAL
2025-06-13,22215.5,22228.01,21984.36,22072.95,223309479.0,223680596.0,0.00981498654293711,-0.009220158036767456,-0.3185436930732919,0.9953228474324549,0.9952152782693976,True,DELEVERAGING_RISK
2025-06-16,22058.57,22094.6,21936.38,22049.9,224418003.0,223309933.0,0.01788343912290835,0.004016996878198897,-0.3124755717106614,0.9953251880091006,0.9952152782693976,True,NORMAL
2025-06-17,22172.59,22331.69,22118.46,22211.59,224287636.0,224418003.0,0.03965039167814988,0.011086100040740954,-0.3113558485448823,0.9953408125508127,0.9952152782693976,True,NORMAL
2025-06-18,22135.83,22370.25,22104.68,22356.73,224753502.0,224287636.0,0.055846685261605744,0.010764681176004043,-0.3092174955236531,0.9953411634729998,0.9952152782693976,True,NORMAL
2025-06-19,22238.1,22249.4,21973.04,22003.5,225036136.0,224753502.0,0.021671783499467967,-0.012040857286409024,-0.3069224788351791,0.9954058232074438,0.9952152782693976,True,DELEVERAGING_RISK
2025-06-20,21960.51,22089.48,21779.55,22045.74,224123342.0,225036136.0,0.03226727824908626,0.0038664294564458856,-0.3088800984057176,0.9953974663119379,0.9952152782693976,True,NORMAL
2025-06-23,21750.7,21801.32,21551.58,21732.02,224437558.0,224123355.0,0.011502973253748605,-0.028834629440780413,-0.307800865033807,0.9953846250176631,0.9952152782693976,True,DELEVERAGING_RISK
2025-06-24,22001.48,22201.05,22001.48,22188.76,224318492.0,224437549.0,0.01306049025919176,-0.0009158408039947608,-0.30791417981876645,0.9953684830289133,0.9952152782693976,True,DELEVERAGING_RISK
2025-06-25,22341.87,22444.51,22284.52,22430.61,224189539.0,224318492.0,0.026178975752091382,0.01465487292505796,-0.30754219158210494,0.9953513971146091,0.9952152782693976,True,NORMAL
2025-06-26,22425.39,22587.67,22391.27,22492.34,224719022.0,224189539.0,0.03213179809949662,0.009839183341048274,-0.30271208293420704,0.9953443849921295,0.9952152782693976,True,NORMAL
2025-06-27,22503.85,22580.08,22388.59,22580.08,225228402.0,224719554.0,0.02408821096323832,0.014365940425753676,-0.30024049615118353,0.9953261511810263,0.9952152782693976,True,NORMAL
2025-06-30,22508.33,22558.95,22256.02,22256.02,226292649.0,225228402.0,-0.002510752042395037,0.013860392059680038,-0.29530538466052203,0.9952990661265866,0.9952152782693976,True,NORMAL
2025-07-01,22419.74,22730.76,22401.58,22553.72,225161417.0,226292649.0,0.0021773210242117536,0.04401401849474773,-0.2875148354894259,0.9952563195580951,0.9952152782693976,True,NORMAL
2025-07-02,22463.55,22577.74,22396.26,22577.74,225315996.0,225161417.0,0.0036098900586003513,0.09092815485192718,-0.24973227033437828,0.9949571326190627,0.9952152782693976,False,NORMAL
2025-07-03,22707.41,22816.2,22700.86,22712.97,225841159.0,225315996.0,-0.0019536476658391644,0.06733028918472006,-0.2445726811193849,0.9949001076831793,0.9952152782693976,False,NORMAL
2025-07-04,22756.55,22842.75,22500.97,22547.5,223751212.0,225841159.0,-0.028524477434710094,0.058656545007047534,-0.25120902315446936,0.9948520209468812,0.9952152782693976,False,NORMAL
2025-07-07,22550.14,22550.5,22294.11,22428.72,221554232.0,223751199.0,-0.04175749056869782,0.1661975785590426,-0.2233061941029526,0.9946483994986467,0.9952152782693976,False,NORMAL
2025-07-08,22375.65,22375.65,22190.46,22362.27,222090108.0,221554232.0,-0.03832215431814456,0.21139385534630373,-0.13512615142189488,0.9931734529229014,0.9952152782693976,False,NORMAL
2025-07-09,22253.17,22527.01,22211.1,22527.01,222618366.0,222090108.0,-0.012566571840604612,0.29526913894855955,-0.005213320145736833,0.9900771023157863,0.9952152782693976,False,NORMAL
2025-07-10,22566.51,22699.29,22513.35,22693.25,224196382.0,222618366.0,-0.007987420861279348,0.19437969308469527,0.007933477115281029,0.9900019346265717,0.9952152782693976,False,NORMAL
2025-07-11,22602.81,22770.01,22601.95,22751.03,224058848.0,224196382.0,-0.010252019755780384,0.1650006631242007,0.04722014996161228,0.9897039806394851,0.9952152782693976,False,NORMAL
2025-07-14,22679.18,22735.23,22525.66,22614.97,224437905.0,224058848.0,-0.012704542656546414,0.15896405951082082,0.05466994037191797,0.9897107694039468,0.9952152782693976,False,NORMAL
2025-07-15,22618.43,22888.23,22588.26,22835.94,226722755.0,224437905.0,-0.00852326628965916,0.14998083863816847,0.05947778632414269,0.989747167935893,0.9952152782693976,False,NORMAL
2025-07-16,22967.51,23106.43,22923.12,23042.9,226872563.0,226722755.0,-0.0006795737983751327,0.18362954592151226,0.05743554246478366,0.9897833806161798,0.9952152782693976,False,NORMAL
2025-07-17,23042.97,23159.54,22923.37,23113.28,227981188.0,226872563.0,0.010223620667876743,0.19518086244546562,0.055370606655045895,0.9898240285164448,0.9952152782693976,False,NORMAL
2025-07-18,23345.72,23468.21,23276.02,23383.13,228111365.0,227981188.0,0.009092701973854256,0.2056248430654659,0.0561723947876096,0.9898615941921036,0.9952152782693976,False,NORMAL
2025-07-21,23314.29,23403.83,23243.79,23340.56,229477188.0,228221800.0,-0.007735987582968229,0.2216223006144602,0.0799603997745384,0.9898600650533823,0.9952152782693976,False,NORMAL
2025-07-22,23301.66,23486.08,22985.9,22987.92,224554075.0,229461412.0,-0.024140590807073647,0.2231891677038198,0.06458016249583776,0.9899067436187573,0.9952152782693976,False,NORMAL
2025-07-23,23063.57,23318.67,23063.57,23318.67,227983846.0,224554075.0,-0.023430625906948555,0.1873569820267078,0.08360909851446574,0.9900779152149702,0.9952152782693976,False,NORMAL
2025-07-24,23373.67,23455.09,23295.31,23373.73,229227323.0,227983407.0,-0.022022938835351225,0.19995677354006736,0.09107087874921893,0.9902146460857189,0.9952152782693976,False,NORMAL
2025-07-25,23454.59,23485.56,23308.45,23364.38,229580905.0,229227323.0,-0.026771269142269682,0.1757005705808916,0.09929056534981795,0.9903832098273172,0.9952152782693976,False,NORMAL
2025-07-28,23477.1,23564.44,23350.73,23412.98,230048512.0,229580905.0,-0.04005940132094954,0.16863835770556745,0.10518317543572131,0.9905856771772824,0.9952152782693976,False,NORMAL
2025-07-29,23414.36,23422.17,23094.67,23201.52,229520930.0,230048512.0,-0.029912283892623348,0.1467377202074076,0.09813911626588823,0.9907325916938321,0.9952152782693976,False,NORMAL
2025-07-30,23288.72,23461.72,23264.64,23461.72,229782020.0,229520930.0,-0.017489580960293738,0.15946059877351315,0.09592397321058432,0.9908865951213334,0.9952152782693976,False,NORMAL
2025-07-31,23523.59,23631.11,23454.44,23542.52,231315484.0,229782020.0,-0.01894925460208985,0.13252490422193186,0.10491606395611375,0.9910642599467453,0.9952152782693976,False,NORMAL
2025-08-01,23318.37,23484.21,23168.27,23434.38,232588286.0,231315484.0,-0.014112012627777504,0.14130382374900097,0.11356922806026115,0.9912609496729409,0.9952152782693976,False,NORMAL
2025-08-04,23260.18,23378.94,23151.65,23378.94,233410481.0,232588286.0,-0.0008346699591897933,0.13918077591571043,0.11422240749965762,0.9914279981528437,0.9952152782693976,False,NORMAL
2025-08-05,23498.4,23671.84,23498.4,23660.59,235386924.0,233410441.0,0.03460234393242301,0.15156360040084693,0.1238884560197826,0.9915929128773375,0.9952152782693976,False,NORMAL
2025-08-06,23443.36,23557.49,23433.53,23447.36,236036183.0,235386899.0,0.053482973214257656,0.14135732157286518,0.12630191995114348,0.9917598593365287,0.9952152782693976,False,NORMAL
2025-08-07,23717.35,24050.54,23717.35,24003.77,237514928.0,236036507.0,0.04949011535582626,0.14767985143705187,0.13200571880988488,0.9919231094518521,0.9952152782693976,False,NORMAL
2025-08-08,24026.65,24131.46,23967.99,24021.26,238613969.0,237514138.0,0.08599086495403774,0.1368567417937161,0.1356513469668943,0.9920887897421282,0.9952152782693976,False,NORMAL
2025-08-11,23980.39,24249.05,23887.25,24135.5,242509549.0,238616660.0,0.0889264765397264,0.13152093704026324,0.1520180059642351,0.9922393814449161,0.9952152782693976,False,NORMAL
2025-08-12,24182.84,24263.92,24065.43,24158.36,243266443.0,242509549.0,0.08706026979463699,0.1090531229355911,0.14741962650654972,0.9923926899716577,0.9952152782693976,False,NORMAL
2025-08-13,24232.04,24406.94,24172.19,24370.02,242383930.0,243266413.0,0.09778079087901226,0.12147904418955147,0.13628620191661245,0.9925108537880767,0.9952152782693976,False,NORMAL
2025-08-14,24258.5,24389.51,24198.88,24238.1,245037336.0,242381988.0,0.07048816143378933,0.10961563728472612,0.1322801131573419,0.992631950740118,0.9952152782693976,False,NORMAL
2025-08-15,24266.23,24385.56,24164.43,24334.48,248323607.0,245039278.0,0.12461312435617011,0.1305831722328228,0.14680095625332856,0.9927568376038819,0.9952152782693976,False,NORMAL
2025-08-18,24272.55,24515.65,24257.3,24482.52,249893217.0,248323823.0,0.2345654857474806,0.13734487966429487,0.14927537255676127,0.9928922588711071,0.9952152782693976,False,NORMAL
2025-08-19,24493.92,24551.42,24324.29,24353.5,250196431.0,249893217.0,0.1879165036666468,0.116932696933715,0.1484463076203859,0.9930151990455272,0.9952152782693976,False,NORMAL
2025-08-20,24309.27,24309.27,23620.24,23625.44,248938691.0,250196431.0,0.10942143047661257,0.09018889795375928,0.1313077510103522,0.99309497261329,0.9952152782693976,False,NORMAL
2025-08-21,23739.83,24011.5,23739.83,23962.13,251706436.0,248938691.0,0.14815597433649108,0.10668134105293481,0.14648424019610795,0.993179704211855,0.9952152782693976,False,NORMAL
2025-08-22,24033.02,24071.65,23764.47,23764.47,251544566.0,251706436.0,0.106920210536122,0.1034472991753097,0.1399761213916122,0.9932707415608745,0.9952152782693976,False,NORMAL
2025-08-25,24108.81,24362.02,24108.75,24277.38,253933965.0,251544566.0,0.11500896053232279,0.13783115725417527,0.15110792986247024,0.9933609725510629,0.9952152782693976,False,NORMAL
2025-08-26,24237.36,24382.42,24113.03,24305.1,255260819.0,253933965.0,0.11508829141465826,0.13800068546642597,0.15897856785079223,0.9934766882181206,0.9952152782693976,False,NORMAL
2025-08-27,24449.81,24539.88,24410.08,24519.9,258305814.0,255260819.0,0.11316210602776122,0.1486183264394092,0.1678459346852983,0.9935712171395438,0.9952152782693976,False,NORMAL
2025-08-28,24468.12,24502.37,24236.45,24236.45,260232173.0,258305814.0,0.10693134604572618,0.1539677498760874,0.17471065752140946,0.9936743070760147,0.9952152782693976,False,NORMAL
2025-08-29,24438.03,24570.15,24233.1,24233.1,262327206.0,260232173.0,0.0842875379261927,0.14702420086590906,0.18241196987050778,0.9937849705812105,0.9952152782693976,False,NORMAL
2025-09-01,24143.37,24312.83,23885.41,24071.73,259146921.0,262327206.0,0.07416900680644867,0.11349938870640286,0.16234923065919626,0.9938223336038863,0.9952152782693976,False,NORMAL
2025-09-02,24113.9,24295.03,23890.33,24016.78,259012511.0,259146921.0,0.07078661203525782,0.10806973931955755,0.1644578530159848,0.9939082868910978,0.9952152782693976,False,NORMAL
2025-09-03,24036.88,24103.23,23925.49,24100.3,261032905.0,259012527.0,0.08374940248377882,0.11262999373056948,0.17395661264213214,0.9939917566749632,0.9952152782693976,False,NORMAL
2025-09-04,24235.27,24389.35,24168.16,24179.85,261541660.0,261032834.0,0.09169874887296525,0.10966168876137017,0.17592189798794355,0.9940793709449918,0.9952152782693976,False,NORMAL
2025-09-05,24244.26,24494.58,24244.26,24494.58,264481986.0,261541660.0,0.10544835849725054,0.1012690325661112,0.1987706275281873,0.9941438909904912,0.9952152782693976,False,NORMAL
2025-09-08,24610.85,24729.96,24547.38,24547.38,266510445.0,264502119.0,0.10374314527079909,0.09244640655804837,0.19949325399027185,0.9942587508612509,0.9952152782693976,False,NORMAL
2025-09-09,24650.46,24880.07,24650.46,24855.18,267537039.0,266510445.0,0.12035970250169026,0.11519116719356126,0.19606726638013794,0.9943454097870404,0.9952152782693976,False,NORMAL
2025-09-10,25032.88,25272.23,25032.88,25192.59,568395323.0,566968920.0,0.1261442442914067,0.1413331702377798,1.5453255524365805,0.8786531843075446,0.9952152782693976,False,NORMAL
2025-09-11,25509.3,25541.44,25174.13,25215.71,265854797.0,269963070.0,0.13574814711386662,0.14357480079274731,0.18464113148712058,0.7680302232014916,0.9952152782693976,False,NORMAL
2025-09-12,25349.7,25492.28,25349.7,25474.64,265614897.0,265854797.0,0.14399753189429365,0.14690753791151367,0.184260094479751,0.7701377426314711,0.9952152782693976,False,NORMAL
2025-09-15,25494.1,25519.94,25284.17,25357.16,264210665.0,265614872.0,0.14041133163331865,0.13420701506884058,0.17555750032317619,0.7721416165923294,0.9952152782693976,False,NORMAL
2025-09-16,25335.46,25664.81,25335.46,25629.64,265856690.0,264210665.0,0.16012114677526612,0.16479832753880053,0.18139555151266906,0.7741041632661998,0.9952152782693976,False,NORMAL
2025-09-17,25543.91,25632.07,25422.96,25438.25,264869230.0,265856690.0,0.20601865569923317,0.15388505897284466,0.18180117981642452,0.7760616972551346,0.9952152782693976,False,NORMAL
2025-09-18,25543.17,25769.36,25475.25,25769.36,266808583.0,264869284.0,0.21624092457372712,0.1857784044005113,0.18878758696884423,0.778007616909534,0.9952152782693976,False,NORMAL
2025-09-19,25794.66,25864.01,25578.37,25578.37,268834779.0,266808583.0,0.19328869956366157,0.15276247974199553,0.19845125831177568,0.780027259693375,0.9952152782693976,False,NORMAL
2025-09-22,25599.6,25887.69,25599.6,25880.6,272458389.0,268834779.0,0.2239907985267049,0.15380723038740363,0.2153037568804672,0.7821739364899686,0.9952152782693976,False,NORMAL
2025-09-23,26121.0,26307.3,26041.69,26247.37,272801313.0,272458389.0,0.24607246079581913,0.16694705842077795,0.2139662702875238,0.7843519163898517,0.9952152782693976,False,NORMAL
2025-09-24,26389.16,26394.03,26045.47,26196.73,274650726.0,272801313.0,0.24562455422947083,0.16016993739614738,0.21943202349764035,0.7864837746631607,0.9952152782693976,False,NORMAL
2025-09-25,26067.97,26247.85,26023.85,26023.85,275265205.0,274650726.0,0.20184498862757305,0.16929486943307914,0.2164124915962251,0.7886521177902845,0.9952152782693976,False,NORMAL
2025-09-26,25998.28,25998.28,25469.04,25580.32,271547451.0,275265205.0,0.17558508523804361,0.1341951571625435,0.20601235601568457,0.7908724084245483,0.9952152782693976,False,NORMAL
2025-09-30,25738.31,25975.84,25738.31,25820.54,275429759.0,271547444.0,0.18171375116246713,0.14362819307866959,0.2224154693393363,0.7929619226583166,0.9952152782693976,False,NORMAL
2025-10-01,26078.29,26325.79,25982.91,25982.91,276237290.0,275429159.0,0.1985378368953321,0.14396796191779404,0.22314856699792274,0.7950996306376276,0.9952152782693976,False,NORMAL
2025-10-02,26392.31,26489.79,26330.25,26378.39,278985046.0,276236855.0,0.19669559386808055,0.1699030934693424,0.24685378687468296,0.7973994960263069,0.9952152782693976,False,NORMAL
2025-10-03,26435.1,26761.06,26410.03,26761.06,281879929.0,278985046.0,0.20766066981897557,0.19316037651725115,0.27228411055583,0.800141965807108,0.9952152782693976,False,NORMAL
2025-10-07,27029.28,27301.42,27017.08,27211.95,283226480.0,281879913.0,0.2210591356813143,0.2168688599144899,0.2752773302267024,0.8025386970090327,0.9952152782693976,False,NORMAL
2025-10-08,26999.82,27110.43,26883.99,27063.68,283589136.0,283226471.0,0.20648829473184938,0.20138802264481614,0.2738802332238841,0.8037595183280003,0.9952152782693976,False,NORMAL
2025-10-09,27301.61,27463.12,27253.07,27301.92,285612707.0,283589248.0,0.1994727962884859,0.20308549899199102,0.2739398577805774,0.8047277409700904,0.9952152782693976,False,NORMAL
2025-10-13,26762.6,26965.72,26470.44,26923.42,283166811.0,285612707.0,0.1778137182119277,0.18339345515345906,0.2638055293402204,0.8052518028483461,0.9952152782693976,False,NORMAL
2025-10-14,27282.1,27507.16,26764.06,26793.15,275345144.0,283166809.0,0.1739647080834552,0.1847528429177665,0.22682103987737712,0.8052388613285703,0.9952152782693976,False,NORMAL
2025-10-15,26911.05,27275.71,26773.15,27275.71,280251490.0,275345144.0,0.2272789448060566,0.1944202866183744,0.23609776177957964,0.8050565634041157,0.9952152782693976,False,NORMAL
2025-10-16,27337.32,27732.78,27337.32,27647.87,285280494.0,280251490.0,0.23480966611122,0.19984333569125412,0.2574481913002411,0.8049657860641292,0.9952152782693976,False,NORMAL
2025-10-17,27399.91,27513.09,27302.37,27302.37,285198688.0,285280346.0,0.22417275748104148,0.18124169308726423,0.25097465497898885,0.80486633174315,0.9952152782693976,False,NORMAL
2025-10-20,27480.44,27768.27,27412.45,27688.63,289524473.0,285198688.0,0.21962589241037134,0.18412847210788286,0.2692242361532491,0.8046566861558612,0.9952152782693976,False,NORMAL
2025-10-21,27742.55,27969.05,27742.55,27752.41,290984087.0,289524473.0,0.22736417354262617,0.18902074328979257,0.26803055909853657,0.8043634018508327,0.9952152782693976,False,NORMAL
2025-10-22,27614.11,27725.83,27490.89,27648.91,292885334.0,290984087.0,0.220213265498864,0.20275823127973314,0.3042975684142004,0.8041662592557908,0.9952152782693976,False,NORMAL
2025-10-23,27457.07,27586.85,27371.67,27532.26,292588808.0,292885334.0,0.20219599993712234,0.1806959830899446,0.28337517387087163,0.8040738873040806,0.9952152782693976,False,NORMAL
2025-10-27,28029.88,28196.33,27993.63,27993.63,295984232.0,292588808.0,0.21842335831234339,0.19765351957090305,0.2912257933579758,0.8038752607772472,0.9952152782693976,False,NORMAL
2025-10-28,28041.01,28087.93,27885.62,27949.11,296373285.0,295984232.0,0.19994255548247386,0.1962273340871874,0.29093177413862015,0.8035620809058238,0.9952152782693976,False,NORMAL
2025-10-29,28157.91,28395.31,28139.65,28294.74,300589167.0,296373285.0,0.22961907750126254,0.20850656345326413,0.30663382426051067,0.8032457810688349,0.9952152782693976,False,NORMAL
2025-10-30,28350.24,28527.68,28116.6,28287.53,298392447.0,300589167.0,0.2270203141862699,0.21921020691747772,0.3000663904594669,0.8029585311922588,0.9952152782693976,False,NORMAL
2025-10-31,28280.47,28489.76,28233.35,28233.35,301750958.0,298392446.0,0.20207031298230915,0.20337937713006538,0.31320526297053175,0.8026413667180866,0.9952152782693976,False,NORMAL
2025-11-03,28253.53,28494.99,28150.45,28334.59,304336086.0,301750936.0,0.20354906630680736,0.20354957753035774,0.31567537432989146,0.8023034050097845,0.9952152782693976,False,NORMAL
2025-11-04,28364.76,28554.61,28033.62,28116.56,300318118.0,304336086.0,0.194648238846709,0.19979961065750396,0.2912005293336226,0.8017117953168584,0.9952152782693976,False,NORMAL
2025-11-05,27785.91,27799.09,27373.05,27717.06,302885861.0,300318118.0,0.18780137443024936,0.18555674465993777,0.2976532146386348,0.800975148872678,0.9952152782693976,False,NORMAL
2025-11-06,27906.44,28061.53,27879.7,27899.45,307908099.0,302885861.0,0.20295034778454424,0.17915275992695023,0.3080934733655809,0.8001987728145866,0.9952152782693976,False,NORMAL
2025-11-07,27818.54,27818.54,27621.48,27651.41,307760690.0,307909118.0,0.18429317577826354,0.17929737079142383,0.30387081373875624,0.7993205219991247,0.9952152782693976,False,NORMAL
2025-11-10,27805.47,27976.89,27680.51,27869.51,310128798.0,307760711.0,0.2013719244747516,0.1610472021686593,0.3057233943628166,0.7982993903499954,0.9952152782693976,False,NORMAL
2025-11-11,28031.54,28187.7,27784.95,27784.95,309815189.0,310127766.0,0.21190940301196126,0.15668162286241438,0.2983950197819307,0.7971038363744464,0.9952152782693976,False,NORMAL
2025-11-12,27853.47,28071.76,27799.92,27947.09,312952699.0,309815211.0,0.22465220856925128,0.15792463383812216,0.2904757783372893,0.795672145478385,0.9952152782693976,False,NORMAL
2025-11-13,27867.59,28038.24,27811.81,27903.56,313950396.0,312952699.0,0.2249105358716914,0.15502707965275797,0.29056187170048764,0.7940641483551673,0.9952152782693976,False,NORMAL
2025-11-14,27816.45,27816.45,27383.34,27397.5,311008013.0,313950396.0,0.1929908440483703,0.12422968877333695,0.28312142228240966,0.7923174101961008,0.9952152782693976,False,NORMAL
2025-11-17,27600.74,27723.77,27447.31,27447.31,311090494.0,311008013.0,0.1878460833374087,0.1324035299796602,0.26956364723129367,0.7903078159294827,0.9952152782693976,False,NORMAL
2025-11-18,27310.4,27310.4,26756.12,26756.12,306328571.0,311090494.0,0.1524177146603105,0.09951476259200942,0.23358618498159944,0.7878095126205953,0.9952152782693976,False,NORMAL
2025-11-19,26708.28,26902.97,26580.12,26580.12,306204612.0,306328549.0,0.1354745775310331,0.08567745477181266,0.22534183070683356,0.7850161833764665,0.9952152782693976,False,NORMAL
2025-11-20,27212.91,27493.63,27183.03,27426.36,309665154.0,306204612.0,0.1644089362733714,0.12617734617200815,0.23768813472802885,0.7820667967056534,0.9952152782693976,False,NORMAL
2025-11-21,26821.97,26821.97,26395.98,26434.94,303707617.0,309665154.0,0.12347405230169262,0.11891842014370946,0.22000969708642026,0.7788417014598047,0.9952152782693976,False,NORMAL
2025-11-24,26596.03,26764.13,26482.33,26504.24,306380271.0,303707640.0,0.15327235456624977,0.10608864904747617,0.21721270170461593,0.7752360362440269,0.9952152782693976,False,NORMAL
2025-11-25,26995.9,27118.02,26793.71,26912.17,311368884.0,306380132.0,0.177248435383196,0.13245403747695605,0.2378279083953656,0.7714154231437367,0.9952152782693976,False,NORMAL
2025-11-26,27063.17,27409.54,27063.17,27409.54,311060645.0,311368884.0,0.2066511764276011,0.12901556922534474,0.22496667588362973,0.7672959669373597,0.9952152782693976,False,NORMAL
2025-11-27,27517.24,27659.06,27436.59,27554.53,314005988.0,311060405.0,0.21157317248514573,0.1336933400808884,0.23013782228756385,0.7628088484542398,0.9952152782693976,False,NORMAL
2025-11-28,27566.12,27796.9,27566.12,27626.48,317182219.0,314005988.0,0.225309071813236,0.12669627527029048,0.22793294540400866,0.7580042064692434,0.9952152782693976,False,NORMAL
2025-12-01,27674.16,27697.06,27342.53,27342.53,319360271.0,317182219.0,0.19667247295262769,0.12815738278501998,0.22721286656588768,0.7528631193007991,0.9952152782693976,False,NORMAL
2025-12-02,27550.35,27741.89,27477.1,27564.27,319737013.0,319360271.0,0.2149079968759311,0.13746363445040055,0.21884808623319074,0.7473971345520907,0.9952152782693976,False,NORMAL
2025-12-03,27605.63,27847.67,27605.63,27793.04,321425021.0,319737063.0,0.23219803809775463,0.15459254486486862,0.24031966021313456,0.7415396926715564,0.9952152782693976,False,NORMAL
2025-12-04,27773.42,27880.23,27636.63,27795.71,322826443.0,321425021.0,0.21355752975857833,0.1573454060036359,0.24637393674006725,0.7352012964809398,0.9952152782693976,False,NORMAL
2025-12-05,27796.43,27980.89,27738.5,27980.89,322916644.0,322826443.0,0.21929749258879827,0.16101832757268575,0.23707255987516218,0.728220377658079,0.9952152782693976,False,NORMAL
2025-12-08,28034.0,28303.78,28026.39,28303.78,324739391.0,322916606.0,0.24803031559044686,0.17055234006828002,0.24163542817614592,0.7205472855852739,0.9952152782693976,False,NORMAL
2025-12-09,28364.04,28390.24,28157.27,28182.6,326884262.0,324739047.0,0.2618257265126409,0.1505647371785921,0.23594149811019638,0.7122214128391596,0.9952152782693976,False,NORMAL
2025-12-10,28190.76,28417.09,28190.76,28400.73,327694562.0,326884256.0,0.2736381615236625,0.15697601943669737,0.2295749309187487,0.7033783432814795,0.9952152782693976,False,NORMAL
2025-12-11,28385.23,28568.02,27984.19,28024.75,326671838.0,327694562.0,0.2588321167883212,0.12752150658333594,0.22103406399739667,0.6937332464676056,0.9952152782693976,False,NORMAL
2025-12-12,28097.54,28272.06,28071.34,28198.02,329349582.0,326671838.0,0.24018590020728392,0.11929817458228786,-0.4205624700398881,0.6568956565614316,0.9952152782693976,False,NORMAL
2025-12-15,28119.79,28119.79,27684.87,27866.94,331859338.0,329349582.0,0.21016125964392085,0.10514199282907355,0.24827289838219468,0.6172556248534761,0.9952152782693976,False,NORMAL
2025-12-16,27721.1,27740.66,27355.67,27536.66,328789479.0,331859338.0,0.1841010211422498,0.08094402904221609,0.23784276677825034,0.6041645558637572,0.9952152782693976,False,NORMAL
2025-12-17,27596.18,27780.69,27469.6,27525.17,332174898.0,328789479.0,0.18296548813517655,0.08549892811340065,0.2572350097979581,0.5899932772450571,0.9952152782693976,False,NORMAL
2025-12-18,27447.45,27569.44,27350.77,27468.53,332380151.0,332174898.0,0.1843319204234677,0.07174856923468287,0.25022300924607155,0.5745040534134448,0.9952152782693976,False,NORMAL
2025-12-19,27685.74,27869.78,27672.05,27696.35,333308741.0,332380151.0,0.1900508094056481,0.08876789873517232,0.25838981372052916,0.5573410994707452,0.9952152782693976,False,NORMAL
2025-12-22,27986.66,28168.75,27986.66,28149.64,335196079.0,333308737.0,0.2172775186075031,0.09236861140517272,0.25631670177566956,0.5383593746305116,0.9952152782693976,False,NORMAL
2025-12-23,28253.14,28350.37,28212.84,28310.47,337588452.0,335196079.0,0.2360691296532471,0.1068129048098061,0.2557469433670261,0.5171446662010081,0.9952152782693976,False,NORMAL
2025-12-24,28383.61,28486.38,28280.59,28371.98,338902814.0,337588452.0,0.23105940954926507,0.09626438336050946,0.24386999146500865,0.49345999976835037,0.9952152782693976,False,NORMAL
2025-12-26,28443.48,28590.91,28404.34,28556.02,340337126.0,338902814.0,0.2404615368576155,0.08795738392075103,0.24756410538244,0.4671109033450617,0.9952152782693976,False,NORMAL
2025-12-29,28662.79,28841.64,28595.35,28810.89,339886882.0,340337182.0,0.250478083672238,0.099789553887069,0.23752406174233087,0.4376265172882913,0.9952152782693976,False,NORMAL
2025-12-30,28723.82,28833.03,28553.64,28707.13,341367756.0,339886882.0,0.24715950683834098,0.10310849470773942,0.24014132479984163,0.40486632455458665,0.9952152782693976,False,NORMAL
2025-12-31,28723.49,29009.81,28687.9,28963.6,343409624.0,341367697.0,0.25011923429355254,0.1322610506827122,0.264639468112702,0.3712823435862797,0.9952152782693976,False,NORMAL
2026-01-02,29016.68,29363.43,29007.75,29349.81,346634298.0,343409624.0,0.2798486847125774,0.13668459296358626,0.25852158916495305,0.33678827058292055,0.9952152782693976,False,NORMAL
2026-01-05,29779.7,30339.32,29779.7,30105.04,350948272.0,346633323.0,0.3373925211847937,0.15864774191959263,0.2704594372468685,0.29736074640047666,0.9952152782693976,False,NORMAL
2026-01-06,29933.65,30576.3,29933.65,30576.3,354549156.0,350948272.0,0.32338925596441204,0.15914200980423754,0.2708536213084338,0.2544361853332706,0.9952152782693976,False,NORMAL
2026-01-07,30412.32,30570.26,30306.16,30435.47,357058834.0,354550416.0,0.31639939723809096,0.1373043519202901,0.26670542051967105,0.2184841136143485,0.9952152782693976,False,NORMAL
2026-01-08,30330.58,30593.49,30268.36,30360.55,352387558.0,357058834.0,0.30750990627528774,0.1157065186434636,0.24419001358912484,0.19943991793782753,0.9952152782693976,False,NORMAL
2026-01-09,30370.45,30500.42,29925.49,30288.96,351492667.0,352387651.0,0.3029224491481459,0.11917374133894576,0.23944334383810806,0.18723712471926798,0.9952152782693976,False,NORMAL
2026-01-12,30472.7,30681.99,30472.7,30567.29,356489999.0,351492592.0,0.31327162085060456,0.11960221112654357,0.24815874876323352,0.17765846186603854,0.9952152782693976,False,NORMAL
2026-01-13,30630.86,30973.85,30529.33,30707.22,355638826.0,356490039.0,0.32414640667178385,0.1405393519842577,0.255934001389732,0.17013170557805193,0.9952152782693976,False,NORMAL
2026-01-14,30742.53,30994.81,30742.53,30941.78,358452806.0,355638826.0,0.3432448741268759,0.1548392033038295,0.30183086141515547,0.16348413761581823,0.9952152782693976,False,NORMAL
2026-01-15,30746.98,30877.31,30663.87,30810.58,359299228.0,358452806.0,0.34944372080311625,0.12959772632866406,0.2820600097433916,0.15733598390596942,0.9952152782693976,False,NORMAL
2026-01-16,30844.63,31475.22,30844.63,31408.7,363391797.0,359299228.0,0.37106201682359674,0.13602603021498583,0.27380527110276254,0.1500728524917641,0.9952152782693976,False,NORMAL
2026-01-19,31336.77,31827.39,31285.53,31639.29,369415656.0,363391797.0,0.3436249214891809,0.15884774838228344,0.295292270068227,0.14258337181896055,0.9952152782693976,False,NORMAL
2026-01-20,31584.34,31759.99,31340.1,31759.99,371225738.0,369415656.0,0.34284501424236424,0.1470408611765912,0.28219122257067375,0.13623637016196313,0.9952152782693976,False,NORMAL
2026-01-21,31749.14,31749.14,31200.76,31246.37,367750150.0,371225738.0,0.3348968036935438,0.125897534664557,0.26381533021769665,0.12934781459151518,0.9952152782693976,False,NORMAL
2026-01-22,31371.13,31890.62,31371.13,31746.08,371734427.0,367745249.0,0.3754127289261835,0.14818558850963748,0.2692148900839124,0.12217404611200021,0.9952152782693976,False,NORMAL
2026-01-23,31788.77,32042.44,31693.15,31961.51,376076978.0,371734424.0,0.38891467269486246,0.1608749154628062,0.28534300601135776,0.11629262936780477,0.9952152782693976,False,NORMAL
2026-01-26,32002.56,32196.75,31989.86,32064.52,381580658.0,376076978.0,0.425829307912148,0.1454220120791765,0.28919252022857767,0.11127448964548746,0.9952152782693976,False,NORMAL
2026-01-27,32095.08,32428.17,32095.08,32317.92,382728015.0,381580658.0,0.417606827409297,0.15631302749890774,0.2913715046887577,0.10676798386327312,0.9952152782693976,False,NORMAL
2026-01-28,32381.76,32803.82,32381.76,32803.82,384920473.0,382728165.0,0.4570040644791351,0.15936106852369014,0.2805533773610678,0.1017820925898711,0.9952152782693976,False,NORMAL
2026-01-29,32828.02,32996.03,32472.45,32536.27,381778070.0,384920473.0,0.41307833625043977,0.15019833827838625,0.27944950965866777,0.0958978408777408,0.9952152782693976,False,NORMAL
2026-01-30,32555.52,32555.52,32004.96,32063.75,383893252.0,381778070.0,0.38515807790538115,0.1356693413994443,0.2722188341817957,0.08994828591998047,0.9952152782693976,False,NORMAL
2026-02-02,32008.46,32008.46,31359.95,31624.03,378848321.0,383893233.0,0.3591900397218013,0.11609273329877001,0.2448353594190602,0.08413227545185693,0.9952152782693976,False,NORMAL
2026-02-03,31737.66,32293.83,31737.66,32195.36,382125198.0,378848321.0,0.3817745142598652,0.14506753315483834,0.2724014140232458,0.07855806385509463,0.9952152782693976,False,NORMAL
2026-02-04,32196.57,32380.0,31942.28,32289.81,384045976.0,382125198.0,0.3725503615027326,0.1649796190505053,0.2679561031077644,0.07356870610672701,0.9952152782693976,False,NORMAL
2026-02-05,32241.64,32241.64,31769.08,31801.27,382917747.0,384045976.0,0.4012635543701595,0.13985293616899264,0.24361050665315553,0.06860819254170138,0.9952152782693976,False,NORMAL
2026-02-06,31746.44,31842.62,31164.28,31782.92,373990690.0,382917735.0,0.39435710161814796,0.14941408051162663,0.2151996734865651,0.06379928879285451,0.9952152782693976,False,NORMAL
2026-02-09,31956.21,32666.05,31956.21,32404.62,375470000.0,373990690.0,0.39906776653406184,0.16272657825702708,0.2106905338084728,0.059633940572092585,0.9952152782693976,False,NORMAL
2026-02-10,32439.71,33072.97,32439.71,33072.97,372586424.0,375470000.0,0.4184302170985479,0.19031957948457712,0.2026086429222811,0.056384574317115986,0.9952152782693976,False,NORMAL
2026-02-11,33086.15,33707.83,33071.67,33605.71,368046780.0,372586397.0,0.4313537581772422,0.2024761790941383,0.17604603243891503,0.05404451821666957,0.9952152782693976,False,NORMAL
2026-02-23,33663.02,34212.38,33663.02,33773.26,372155937.0,367498071.0,0.45247964273395924,0.21035667133512725,0.1853972530106316,0.05155558774490283,0.9952152782693976,False,NORMAL
2026-02-24,34020.71,34786.42,33987.51,34700.82,377495245.0,372155937.0,0.48395252319422855,0.26656884752258425,0.21377980380203265,0.04752447513321961,0.9952152782693976,False,NORMAL
2026-02-25,34753.31,35521.54,34753.31,35413.07,383127012.0,377495245.0,0.5205431573975676,0.29022006163809855,0.2315612961159783,0.04334718675453197,0.9952152782693976,False,NORMAL
2026-02-26,35457.76,35579.34,35171.52,35414.49,389861168.0,383126958.0,0.5134779039300563,0.3236033475705744,0.2726895396250846,0.039440407287504205,0.9952152782693976,False,NORMAL
2026-03-02,35277.48,35345.72,34605.36,35095.09,391622964.0,389861168.0,0.5158157114899786,0.32035107441200417,0.2789584109856582,0.03602483892948983,0.9952152782693976,False,NORMAL
2026-03-03,35106.22,35264.59,34323.65,34323.65,384358166.0,391522964.0,0.4602496540146426,0.25148397381205534,0.24120573798884704,0.03132315554391724,0.9952152782693976,False,NORMAL
2026-03-04,34228.75,34228.75,32828.88,32828.88,376616380.0,384358090.0,0.38716840241171857,0.24187457962832526,0.24006234588446285,0.026501928006494944,0.9952152782693976,False,NORMAL
2026-03-05,33620.74,34319.68,33472.91,33672.94,379166593.0,376616368.0,0.4265728636744155,0.2704737053392212,0.23756856720059494,0.021949385765993337,0.9952152782693976,False,NORMAL
2026-03-06,33483.94,33829.49,33322.52,33599.54,382683605.0,379166583.0,0.4305310152736823,0.24848869489156766,0.22903611974278082,0.017556608793700808,0.9952152782693976,False,NORMAL
2026-03-09,32354.61,32354.61,31529.36,32110.42,371960474.0,382683585.0,0.3531429293833819,0.17150524963206237,0.19578120851642944,0.014236614980318252,0.9952152782693976,False,NORMAL
2026-03-10,32692.37,33256.69,32455.2,32771.87,368236339.0,371960474.0,0.39068274510286516,0.1893459986434174,0.17270483071169962,0.012836199250739852,0.9952152782693976,False,NORMAL
2026-03-11,33128.49,34218.66,33128.49,34114.19,376148010.0,368236327.0,0.4650262049015448,0.23483664947543081,0.18590509640138442,0.012310639051035988,0.9952152782693976,False,NORMAL
2026-03-12,33816.15,34019.48,33458.64,33581.86,379366977.0,376147937.0,0.43496584773881475,0.22819139267653732,0.1878965903056864,0.01183708527723039,0.9952152782693976,False,NORMAL
2026-03-13,33215.78,33639.18,33013.46,33400.32,385446747.0,379366977.0,0.44883786098056744,0.21172517900891252,0.20551181542438446,0.010482616003132345,0.9952152782693976,False,NORMAL
2026-03-16,33541.25,33765.81,33278.06,33342.51,392284076.0,385446747.0,0.4652023070585005,0.19967121264892218,0.22045282840628633,0.007806961914360106,0.9952152782693976,False,NORMAL
2026-03-17,33380.84,34008.7,33380.84,33836.57,393467031.0,392284076.0,0.49740008355135745,0.21733066001911805,0.2188190884970349,0.0053578513136123464,0.9952152782693976,False,NORMAL
2026-03-18,33929.28,34423.66,33929.28,34348.58,399772079.0,393467032.0,0.5017807877788902,0.22757281844859123,0.23800394444827688,0.0030190629337789217,0.9952152782693976,False,NORMAL
2026-03-19,34279.12,34279.12,33663.78,33689.68,402095986.0,399772079.0,0.4831187435148707,0.19028907092974867,0.23821130772521526,0.0013531148583853924,0.9952152782693976,False,NORMAL
2026-03-20,33719.85,33989.18,33379.24,33543.88,398591129.0,402095986.0,0.4858157332077726,0.19023369029117254,0.21936469673171355,0.00032859266401184995,0.9952152782693976,False,NORMAL
2026-03-23,33334.0,33334.0,32461.09,32722.5,393333803.0,398591068.0,0.4569785588501789,0.15217108856004757,0.20030616498298803,-0.00022023047856087764,0.9952152782693976,False,NORMAL
2026-03-24,33062.89,33361.46,32434.54,32612.24,390102627.0,393333759.0,0.4775998829237704,0.16369423456052234,0.19417281081940096,0.06433429098811166,0.9952152782693976,False,NORMAL
2026-03-25,32725.27,33705.75,32725.27,33439.11,395499028.0,390102627.0,0.500968204122745,0.18586730557677456,0.2008487322142707,0.25340322734387344,0.9952152782693976,False,NORMAL
2026-03-26,33575.6,33892.56,33337.62,33337.62,391136615.0,395499024.0,0.5179904269618718,0.1963143423712832,0.17862169362852165,0.25242108880479636,0.9952152782693976,False,NORMAL
2026-03-27,33267.25,33267.25,32669.39,33112.59,393722769.0,391136469.0,0.5073067477541247,0.20249115179546084,0.19749199456592104,0.25109645316981666,0.9952152782693976,False,NORMAL
2026-03-30,33009.68,33009.68,32326.37,32518.16,392708646.0,393722769.0,0.4701706208748009,0.18139724477632657,0.1822345648767234,0.2493378938740915,0.9952152782693976,False,NORMAL
2026-03-31,32419.0,32453.38,31705.99,31722.99,381724855.0,392708634.0,0.42436512394445525,0.15488488098926312,0.14845863644848034,0.2515360571373897,0.9952152782693976,False,NORMAL
2026-04-01,31892.33,33182.22,31892.33,33174.82,384907899.0,381724855.0,0.5106359823376438,0.19780476488779208,0.15480889533587128,0.2576593688542349,0.9952152782693976,False,NORMAL
2026-04-02,33218.02,33497.58,32516.94,32572.43,385200709.0,385907934.0,0.45560403731287935,0.15711710700385506,0.1491802354883751,0.2646592986566267,0.9952152782693976,False,NORMAL
2026-04-07,32671.52,33264.22,32671.52,33229.82,387735006.0,384200709.0,0.4962254211111663,0.17376433524416934,0.14854345195433405,0.2735520913423124,0.9952152782693976,False,NORMAL
2026-04-08,33379.5,34761.38,33379.5,34761.38,394820817.0,387734358.0,0.5724406784567895,0.22520106104684956,0.16499716346409565,0.28079475393235787,0.9952152782693976,False,NORMAL
2026-04-09,34779.96,34884.45,34617.34,34861.16,396518145.0,395333852.0,0.5651624217276467,0.2207989768882359,0.16507461193052442,0.28662717867709214,0.9952152782693976,False,NORMAL
2026-04-10,34950.87,35417.83,34950.87,35417.83,401240705.0,396518141.0,0.5910767559631973,0.22932092691339978,0.1805124770893629,0.29100689739786945,0.9952152782693976,False,NORMAL
2026-04-13,35422.91,35552.49,35261.73,35457.29,408651307.0,401240705.0,0.6152367737256603,0.23513879652894598,0.19709990125722365,0.2928842751302978,0.9952152782693976,False,NORMAL
2026-04-14,35584.09,36341.44,35584.09,36296.12,414955067.0,408651307.0,0.6801511279277912,0.2531632808076345,0.20833849141047955,0.2937425954457346,0.9952152782693976,False,NORMAL
2026-04-15,36369.11,37064.16,36369.11,36722.14,416253785.0,414988177.0,0.7743678699645822,0.25118833818685693,0.20084419632358474,0.2947365410339206,0.9952152782693976,False,NORMAL
2026-04-16,36759.53,37135.55,36751.09,37132.02,422408757.0,416253786.0,0.7449118122646576,0.2334154015407386,0.20362113365812506,0.29648406598624094,0.9952152782693976,False,NORMAL
2026-04-17,37145.66,37145.66,36776.28,36804.34,427120349.0,422408742.0,0.7280476960046425,0.20368847767715503,0.20468584333620576,0.2976088723594698,0.9952152782693976,False,NORMAL
2026-04-20,36850.24,37344.5,36850.24,36958.8,429830661.0,427120788.0,0.9216996362898973,0.2143331448471142,0.20380906469884463,0.29741584236506946,0.9952152782693976,False,NORMAL
2026-04-21,37051.25,37781.83,37051.25,37605.11,433163894.0,429829952.0,1.037118735424527,0.23861754810107194,0.22922584570934257,0.2959966917683352,0.9952152782693976,False,NORMAL
2026-04-22,37627.2,38096.88,37623.38,37878.47,438545241.0,433163894.0,1.1779549625799808,0.25057017474353693,0.24766540577644536,0.29428573270712166,0.9952152782693976,False,NORMAL
2026-04-23,37971.69,38921.95,37164.44,37714.15,430827021.0,438545241.0,0.9849521290229544,0.23380744580235935,0.20852484560162932,0.2924699254794561,0.9952152782693976,False,NORMAL
2026-04-24,37862.65,38989.94,37862.65,38932.4,440907083.0,430825725.0,0.9935920183401208,0.2678581779789899,0.23976082127770826,0.29273315521104126,0.9952152782693976,False,NORMAL
2026-04-27,39858.19,40194.92,39607.74,39616.63,452044394.0,440907083.0,1.0302591747385983,0.280360405897786,0.2610987734881898,0.29274450189669576,0.9952152782693976,False,NORMAL
2026-04-28,39531.93,40101.23,39521.73,39521.73,457109757.0,452044394.0,0.9902501149429921,0.2827324250306227,0.2722258256563801,0.2938171390864758,0.9952152782693976,False,NORMAL
2026-04-29,39176.24,39548.18,38896.3,39303.5,460963803.0,457112797.0,1.018877131703308,0.25135710806241574,0.2685036008118806,0.294760072768879,0.9952152782693976,False,NORMAL
2026-04-30,39571.46,39848.22,38926.63,38926.63,460904578.0,460974804.0,1.0128845068936791,0.23032564890046503,0.24765848581144057,0.2946075843684461,0.9952152782693976,False,NORMAL
2026-05-04,39228.39,40755.52,39228.39,40705.14,470393584.0,460905599.0,1.0987407598750814,0.28164838842833384,0.2671362350419786,0.29374861629089666,0.9952152782693976,False,NORMAL
2026-05-05,40708.4,40885.05,40522.78,40769.29,475145292.0,470389635.0,1.1338251457642023,0.3047688419486809,0.2920328978791715,0.2934228249721002,0.9952152782693976,False,NORMAL
2026-05-06,40983.04,41575.84,40616.28,41138.85,475648471.0,475145292.0,1.189001688355984,0.2958718052748559,0.2795383920682708,0.29260259760586277,0.9952152782693976,False,NORMAL
2026-05-07,41259.96,42156.06,41259.96,41933.78,482664170.0,475648471.0,1.1352146784431496,0.3120087254951347,0.28341855055004195,0.2919983744363664,0.9952152782693976,False,NORMAL
2026-05-08,41886.03,42038.6,41132.25,41603.94,477184758.0,482664170.0,1.1358563485141033,0.2975070264579043,0.25054755264875084,0.28912377995082,0.9952152782693976,False,NORMAL
2026-05-11,41714.0,42021.78,41529.25,41790.06,484592746.0,477184758.0,1.102884706831925,0.2930925010025398,0.2661543629096501,0.2852056657139419,0.9952152782693976,False,NORMAL
2026-05-12,41880.66,42253.42,41471.57,41898.32,491194951.0,484592746.0,1.0913178875744283,0.2772390532566025,0.27609463630686126,0.2813475274732345,0.9952152782693976,False,NORMAL
2026-05-13,41795.92,41795.92,41014.53,41374.5,494418035.0,491194846.0,1.0449392886639055,0.27164238555925424,0.29504042754472515,0.2782815291974018,0.9952152782693976,False,NORMAL
2026-05-14,41496.23,42205.62,41496.23,41751.75,499134844.0,494418035.0,1.0633401581317155,0.3021480644029473,0.3001917626830284,0.2754832165872029,0.9952152782693976,False,NORMAL
2026-05-15,41830.42,42408.66,41016.73,41172.36,492797137.0,499134883.0,0.9806173283739761,0.30193273912274954,0.3007768800432402,0.27532867851574494,0.9952152782693976,False,NORMAL
2026-05-18,41095.82,41095.82,40170.17,40891.82,501619604.0,492797137.0,0.9915180399932011,0.2701153209655056,0.3127100924655588,0.2771662991817584,0.9952152782693976,False,NORMAL
2026-05-19,40883.42,40951.56,40168.51,40175.56,496887083.0,501619604.0,0.9576262060490415,0.24421791270992288,0.29382187043147145,0.2771001777328038,0.9952152782693976,False,NORMAL
2026-05-20,40204.16,40439.04,39967.08,40020.82,502079185.0,496886917.0,0.9478178511268833,0.25846609270636045,0.3111933017823798,0.27639098497347186,0.9952152782693976,False,NORMAL
2026-05-21,40263.18,41606.91,40263.18,41368.21,511154475.0,502079489.0,1.0136983167343283,0.30158619786979934,0.36675721794037175,0.28169868982251567,0.9952152782693976,False,NORMAL
2026-05-22,41447.92,42357.6,41447.92,42267.97,522289307.0,511154475.0,1.0209366082971871,0.3043809802429407,0.3910280634937544,0.2995228779350967,0.9952152782693976,False,NORMAL
2026-05-25,42667.87,43645.78,42667.87,43644.4,530476074.0,522289851.0,1.065563187840341,0.3196395727387047,0.42376651383304287,0.32629249428972457,0.9952152782693976,False,NORMAL
2026-05-26,43708.89,44097.63,43349.77,43525.37,534592623.0,530476074.0,1.040557164650584,0.2951778135322838,0.45251270232550334,0.36183774586880757,0.9952152782693976,False,NORMAL
2026-05-27,43842.26,44818.25,43842.26,44256.8,536269185.0,534592732.0,1.0317249288087385,0.31040947779397077,0.440979792833454,0.39684332552635637,0.9952152782693976,False,NORMAL
2026-05-28,44240.8,44954.09,43236.36,43636.44,535029538.0,536269185.0,1.0080965474396293,0.25750457770162205,0.41731464193674817,0.4232660138668968,0.9952152782693976,False,NORMAL
2026-05-29,43815.48,44933.95,43815.48,44732.94,556359646.0,535025764.0,1.0478655392014815,0.263175996884766,0.4521545820945665,0.44979975306658393,0.9952152782693976,False,NORMAL
2026-06-01,44872.82,45931.1,44872.82,45337.91,565779103.0,556360306.0,1.106405319127683,0.2802079036010403,0.45123225763279917,0.4775667718302514,0.9952152782693976,False,NORMAL
2026-06-02,45388.93,45915.92,44869.38,45557.31,566970793.0,565779103.0,1.1163823519710787,0.29811064738685666,0.44774654481191245,0.5017628509048497,0.9952152782693976,False,NORMAL
2026-06-03,45660.46,46552.16,45660.46,46459.16,568395323.0,566968920.0,1.1307719578736108,0.3535611742923612,0.4788168257624583,0.5261555499580085,0.9952152782693976,False,NORMAL
2026-06-04,46364.07,46364.07,45677.46,45677.46,572635940.0,568395179.0,1.1077727982516694,0.39138039433571903,0.5204753972729492,0.5548474202005979,0.9952152782693976,False,NORMAL
2026-06-05,45619.82,45619.82,44209.53,45070.94,566649267.0,572635489.0,1.0815832449668026,0.3384913821008797,0.4944598956269335,0.581565627936126,0.9952152782693976,False,NORMAL
2026-06-08,44507.49,44507.49,42376.86,43502.78,551012201.0,566648874.0,1.0199493234066521,0.29474332089070265,0.4398636204966242,0.5973053461497461,0.9952152782693976,False,NORMAL
2026-06-09,43687.62,44821.71,43687.62,44704.44,563876896.0,551012201.0,1.0952056893948128,0.392209756209978,0.5159591822651566,0.6124382952839924,0.9952152782693976,False,NORMAL
2026-06-10,44581.45,44676.49,43225.54,43225.54,546811625.0,563876896.0,1.0238836355191472,0.3189830180578648,0.48494748368655705,0.6303849014105902,0.9952152782693976,False,NORMAL
2026-06-11,43172.21,43463.03,42006.39,43149.46,549176982.0,546812469.0,1.0213076126723286,0.26485371629811505,0.4600023591777078,0.6430018994948578,0.9952152782693976,False,NORMAL
2026-06-12,43587.63,44798.88,43587.63,44169.04,557027949.0,549176982.0,1.1030162298103439,0.3152648483437188,0.46830900624225924,0.6538272858835624,0.9952152782693976,False,NORMAL
